#
# A fatal error has been detected by the Java Runtime Environment:
#
#  Internal Error (g1HeapRegionManager.cpp:55), pid=18692, tid=18708
#  guarantee(Thread::current()->is_VM_thread() || FreeList_lock->owned_by_self()) failed: master free list MT safety protocol at a safepoint
#
# JRE version: OpenJDK Runtime Environment Microsoft-12574223 (25.0.1+8) (build 25.0.1+8-LTS)
# Java VM: OpenJDK 64-Bit Server VM Microsoft-12574223 (25.0.1+8-LTS, mixed mode, tiered, compressed oops, compressed class ptrs, g1 gc, windows-amd64)
# Problematic frame:
# V  [jvm.dll+0x3f0fa7]
#
# No core dump will be written. Minidumps are not enabled by default on client versions of Windows
#
# If you would like to submit a bug report, please visit:
#   https://aka.ms/minecraftjavacrashes
#

---------------  S U M M A R Y ------------

Command Line: -XX:HeapDumpPath=MojangTricksIntelDriversForPerformance_javaw.exe_minecraft.exe.heapdump -Xms2048m -Xmx12288m -Duser.language=en -Djava.library.path=C:/Users/Stefan/AppData/Roaming/PrismLauncher/instances/ZFG Whatever/natives org.prismlauncher.EntryPoint

Host: AMD Ryzen 7 7700 8-Core Processor              , 16 cores, 31G,  Windows 10 , 64 bit Build 19041 (10.0.19041.5915)
Time: Mon Aug  3 10:04:59 2026 W. Europe Daylight Time elapsed time: 1020.643061 seconds (0d 0h 17m 0s)

---------------  T H R E A D  ---------------

Current thread (0x0000024c7ed629a0):  WatcherThread "VM Periodic Task Thread" [id=18708, stack(0x000000c0b2d00000,0x000000c0b2e00000) (1024K)]

Stack: [0x000000c0b2d00000,0x000000c0b2e00000],  sp=0x000000c0b2dff480,  free space=1021k
Native frames: (J=compiled Java code, j=interpreted, Vv=VM code, C=native code)
V  [jvm.dll+0x3f0fa7]  (no source info available)
V  [jvm.dll+0x3f33a7]  (no source info available)
V  [jvm.dll+0x3cb953]  (no source info available)
V  [jvm.dll+0x3cb170]  (no source info available)
V  [jvm.dll+0x3ed437]  (no source info available)
V  [jvm.dll+0x973e9e]  (no source info available)
V  [jvm.dll+0x78b850]  (no source info available)
V  [jvm.dll+0x99eced]  (no source info available)
V  [jvm.dll+0x7b1405]  (no source info available)
C  [ucrtbase.dll+0x21bb2]  (no source info available)
C  [KERNEL32.DLL+0x17374]  (no source info available)
C  [ntdll.dll+0x4cc91]  (no source info available)




Registers:
RAX=0x0000024c751d0000, RBX=0x0000024c77346628, RCX=0x00007ffe760af498, RDX=0x0000000000000037
RSP=0x000000c0b2dff480, RBP=0x0000024c7ed62db0, RSI=0x0000024c77346588, RDI=0x0000024c773463f0
R8 =0x00007ffe760aae30, R9 =0x00007ffe760af460, R10=0x0000000000000001, R11=0x000000c0b2dff4a8
R12=0x00000000000003d8, R13=0x0000024c7ed629a0, R14=0x0000024c7ed62dc8, R15=0x0000000006800000
RIP=0x00007ffe75920fa7, EFLAGS=0x0000000000010246

XMM[0]=0x0000000000000000 0x43e0000000000000
XMM[1]=0x0000000000000000 0x40cd4d37a0f9096c
XMM[2]=0x0000000000000000 0x0000000000000000
XMM[3]=0x0000000000000000 0x0000000000000000
XMM[4]=0x0000000000000000 0x0000000000000000
XMM[5]=0x0000000000000000 0x0000000000000000
XMM[6]=0x0000000000000000 0x0000000000000000
XMM[7]=0x0000000000000000 0x0000000000000000
XMM[8]=0x0000000000000000 0x0000000000000000
XMM[9]=0x0000000000000000 0x0000000000000000
XMM[10]=0x0000000000000000 0x0000000000000000
XMM[11]=0x0000000000000000 0x0000000000000000
XMM[12]=0x0000000000000000 0x0000000000000000
XMM[13]=0x0000000000000000 0x0000000000000000
XMM[14]=0x0000000000000000 0x0000000000000000
XMM[15]=0x0000000000000000 0x0000000000000000
  MXCSR=0x00001fa0


Register to memory mapping:

RAX=0x0000024c751d0000 points into unknown readable memory: 0x0000000000000058 | 58 00 00 00 00 00 00 00
RBX=0x0000024c77346628 points into unknown readable memory: 0x00007ffe760afd70 | 70 fd 0a 76 fe 7f 00 00
RCX=0x00007ffe760af498 jvm.dll
RDX=0x0000000000000037 is an unknown value
RSP=0x000000c0b2dff480 points into unknown readable memory: 0x0000024c77346628 | 28 66 34 77 4c 02 00 00
RBP=0x0000024c7ed62db0 points into unknown readable memory: 0x0000000000000000 | 00 00 00 00 00 00 00 00
RSI=0x0000024c77346588 points into unknown readable memory: 0x0000024c773b26e0 | e0 26 3b 77 4c 02 00 00
RDI=0x0000024c773463f0 points into unknown readable memory: 0x00007ffe760a8db0 | b0 8d 0a 76 fe 7f 00 00
R8 =0x00007ffe760aae30 jvm.dll
R9 =0x00007ffe760af460 jvm.dll
R10=0x0000000000000001 is an unknown value
R11=0x000000c0b2dff4a8 points into unknown readable memory: 0x00007ffe759233a7 | a7 33 92 75 fe 7f 00 00
R12=0x00000000000003d8 is an unknown value
R13=0x0000024c7ed629a0 points into unknown readable memory: 0x00007ffe761075c0 | c0 75 10 76 fe 7f 00 00
R14=0x0000024c7ed62dc8 points into unknown readable memory: 0x0000024c99b1b2a0 | a0 b2 b1 99 4c 02 00 00
R15=0x0000000006800000 is an unknown value

Top of Stack: (sp=0x000000c0b2dff480)
0x000000c0b2dff480:   0000024c77346628 0000024c7ec3e630   (f4wL...0..~L...
0x000000c0b2dff490:   0000024c632274c0 00007ffe760af460   .t"cL...`..v....
0x000000c0b2dff4a0:   0000024c77346628 00007ffe759233a7   (f4wL....3.u....
0x000000c0b2dff4b0:   0000024c7ed62db0 00007ffe756448a1   .-.~L....Hdu....
0x000000c0b2dff4c0:   000000c0b2dff559 0000024c7ed62db0   Y........-.~L...
0x000000c0b2dff4d0:   0000024c7ec3e630 00007ffe758fb953   0..~L...S..u....
0x000000c0b2dff4e0:   0000000006800000 00007ffe75924763   ........cG.u....
0x000000c0b2dff4f0:   00007ffe7636f778 000000c0b2dff559   x.6v....Y.......
0x000000c0b2dff500:   00007ffe7636f778 0000024c7ed62db0   x.6v.....-.~L...
0x000000c0b2dff510:   0000024c750c0000 0000000000000000   ...uL...........
0x000000c0b2dff520:   00000000000003d8 0000024c7ed62dc8   .........-.~L...
0x000000c0b2dff530:   0000024c7ed631a0 0000004000000035   .1.~L...5...@...
0x000000c0b2dff540:   0000024c632274d8 0000000000000000   .t"cL...........
0x000000c0b2dff550:   0000024c7ed631a0 0000024c7ed62dc8   .1.~L....-.~L...
0x000000c0b2dff560:   00000000000003d8 00007ffe758fb170   ........p..u....
0x000000c0b2dff570:   0000024c7ec3e630 0000024c7ed62db0   0..~L....-.~L...
0x000000c0b2dff580:   0000024c7ec32460 0000000006800000   `$.~L...........
0x000000c0b2dff590:   0000024c7ed629a0 00000000000003d8   .).~L...........
0x000000c0b2dff5a0:   0000000000000000 0000024c7ec32460   ........`$.~L...
0x000000c0b2dff5b0:   0000024c7ed62db0 00007ffe7591d437   .-.~L...7..u....
0x000000c0b2dff5c0:   0000024c7ec3e630 0000000000000600   0..~L...........
0x000000c0b2dff5d0:   00000002d3000000 0000024c7ed62db0   .........-.~L...
0x000000c0b2dff5e0:   0000024c7ecdbb30 0000000000001388   0..~L...........
0x000000c0b2dff5f0:   0000000000000000 0000000000000000   ................
0x000000c0b2dff600:   00007ffe7637f9e0 00007ffe75ea3e9e   ..7v.....>.u....
0x000000c0b2dff610:   00007ffe7636e578 00007ffe75cdd100   x.6v.......u....
0x000000c0b2dff620:   0000000000000002 0000000000000000   ................
0x000000c0b2dff630:   0000024c7ecdbb30 000001123367c208   0..~L.....g3....
0x000000c0b2dff640:   0000000000001388 00007ffe75cbb850   ........P..u....
0x000000c0b2dff650:   0000000000000001 00007ffe7636e578   ........x.6v....
0x000000c0b2dff660:   0000000000001388 0000000000000002   ................
0x000000c0b2dff670:   000000c0b2d00000 00007ffe75ce0da1   ...........u....

Instructions: (pc=0x00007ffe75920fa7)
  0x00007ffe75920ea7:   48 8b 10 4c 8b c2 48 89 54 24 40 49 c1 e8 20 e8
  0x00007ffe75920eb7:   45 09 00 00 83 f8 ff 75 1d 8b 44 24 44 3b 43 70
  0x00007ffe75920ec7:   72 c7 33 ff 8b c7 48 8b 7c 24 30 48 8b 5c 24 38
  0x00007ffe75920ed7:   48 83 c4 20 5e c3 8b c8 44 8b c6 48 8b 43 68 48
  0x00007ffe75920ee7:   8b 3c c8 48 8d 8b a0 00 00 00 48 8b d7 e8 07 25
  0x00007ffe75920ef7:   00 00 48 8b 5c 24 38 48 8b c7 48 8b 7c 24 30 48
  0x00007ffe75920f07:   83 c4 20 5e c3 cc cc cc cc 48 83 ec 28 8b 05 76
  0x00007ffe75920f17:   45 a5 00 83 f8 02 75 52 65 48 8b 04 25 58 00 00
  0x00007ffe75920f27:   00 8b 0d ce cb a7 00 48 89 5c 24 20 48 8b 1c c8
  0x00007ffe75920f37:   b8 48 00 00 00 80 3c 18 00 75 05 e8 91 ec 68 00
  0x00007ffe75920f47:   b9 20 00 00 00 48 8b 0c 19 48 8b 01 ff 50 28 48
  0x00007ffe75920f57:   8b 5c 24 20 84 c0 75 22 48 8b 0d 42 bc a4 00 e8
  0x00007ffe75920f67:   f5 83 38 00 84 c0 74 17 eb 10 48 8b 0d d8 ba a4
  0x00007ffe75920f77:   00 e8 e3 83 38 00 84 c0 74 2f 48 83 c4 28 c3 48
  0x00007ffe75920f87:   8b 05 93 35 9b 00 4c 8d 0d cc e4 78 00 4c 8d 05
  0x00007ffe75920f97:   95 9e 78 00 ba 37 00 00 00 48 8d 0d f1 e4 78 00
=>0x00007ffe75920fa7:   c6 00 58 e8 c1 36 f1 ff cc 48 8b 05 69 35 9b 00
  0x00007ffe75920fb7:   4c 8d 0d 12 e5 78 00 4c 8d 05 8b 88 78 00 ba 39
  0x00007ffe75920fc7:   00 00 00 48 8d 0d c7 e4 78 00 c6 00 58 e8 97 36
  0x00007ffe75920fd7:   f1 ff cc cc cc cc cc cc cc 48 8b 41 08 8b d2 48
  0x00007ffe75920fe7:   8d 0c 90 ba 01 00 00 00 33 c0 f0 0f b1 11 0f 94
  0x00007ffe75920ff7:   c0 c3 cc cc cc cc cc cc cc 40 57 41 54 41 55 41
  0x00007ffe75921007:   57 48 83 ec 58 45 8b e8 49 8b f9 44 8b e2 4c 8b
  0x00007ffe75921017:   f9 45 85 c0 0f 84 b3 01 00 00 48 89 9c 24 80 00
  0x00007ffe75921027:   00 00 8b 59 70 48 83 c1 10 e8 bb 83 f9 ff 2b d8
  0x00007ffe75921037:   44 3b eb 0f 87 be 01 00 00 49 8b 8f 90 00 00 00
  0x00007ffe75921047:   4c 8b cf 48 89 ac 24 88 00 00 00 45 8b c5 41 8b
  0x00007ffe75921057:   d4 48 89 b4 24 90 00 00 00 48 8b 01 ff 50 08 49
  0x00007ffe75921067:   8b 8f 98 00 00 00 4c 8b cf 45 8b c5 41 8b d4 48
  0x00007ffe75921077:   8b 01 ff 50 08 49 8b 0f 4c 8b cf 45 8b c5 41 8b
  0x00007ffe75921087:   d4 48 8b 01 ff 50 08 49 8b 4f 08 4c 8b cf 45 8b
  0x00007ffe75921097:   c5 41 8b d4 48 8b 01 ff 50 08 43 8d 2c 2c 41 8b


Stack slot to memory mapping:

stack at sp + 0 slots: 0x0000024c77346628 points into unknown readable memory: 0x00007ffe760afd70 | 70 fd 0a 76 fe 7f 00 00
stack at sp + 1 slots: 0x0000024c7ec3e630 points into unknown readable memory: 0x0000000000000002 | 02 00 00 00 00 00 00 00
stack at sp + 2 slots: 0x0000024c632274c0 points into unknown readable memory: 0x0000024c64b04460 | 60 44 b0 64 4c 02 00 00
stack at sp + 3 slots: 0x00007ffe760af460 jvm.dll
stack at sp + 4 slots: 0x0000024c77346628 points into unknown readable memory: 0x00007ffe760afd70 | 70 fd 0a 76 fe 7f 00 00
stack at sp + 5 slots: 0x00007ffe759233a7 jvm.dll
stack at sp + 6 slots: 0x0000024c7ed62db0 points into unknown readable memory: 0x0000000000000000 | 00 00 00 00 00 00 00 00
stack at sp + 7 slots: 0x00007ffe756448a1 jvm.dll


---------------  P R O C E S S  ---------------

Threads class SMR info:
_java_thread_list=0x0000024c237b90c0, length=135, elements={
0x0000024c773323d0, 0x0000024c7fbb2490, 0x0000024c7fbb32f0, 0x0000024c7fbb43d0,
0x0000024c7fbb5fa0, 0x0000024c7fbbeb70, 0x0000024c7fbc1740, 0x0000024c7fbc2630,
0x0000024c7fbc6700, 0x0000024c7fd71c60, 0x0000024c7fd7df70, 0x0000024c2958e750,
0x0000024c2958f6f0, 0x0000024c29d5c240, 0x0000024c29d59360, 0x0000024c29d5e180,
0x0000024c28cc68f0, 0x0000024c28ccaf40, 0x0000024c2aa36fb0, 0x0000024c46cf4650,
0x0000024c46cf6d60, 0x0000024c46cf5dc0, 0x0000024c46cf7530, 0x0000024c2aa3bdd0,
0x0000024c29594ce0, 0x0000024c29595c80, 0x0000024c2aa1a9d0, 0x0000024c57655430,
0x0000024c57648910, 0x0000024c57642b50, 0x0000024c57644a90, 0x0000024c5764e6d0,
0x0000024c57653cc0, 0x0000024c5764bfc0, 0x0000024c576515b0, 0x0000024c2aa35070,
0x0000024c7fbb92c0, 0x0000024c22d311a0, 0x0000024c22d31970, 0x0000024c22d32140,
0x0000024c22d32910, 0x0000024c22d36790, 0x0000024c22d3f430, 0x0000024c22d4c720,
0x0000024c94456d00, 0x0000024c94458470, 0x0000024c22d35fc0, 0x0000024c22d47900,
0x0000024c22d480d0, 0x0000024c57645260, 0x0000024c944545f0, 0x0000024c57658ae0,
0x0000024c57659a80, 0x0000024c57661780, 0x0000024c46cec180, 0x0000024c46cee890,
0x0000024c46cf1770, 0x0000024c46cf1f40, 0x0000024c46cef830, 0x0000024c46ceb9b0,
0x0000024c46cf2710, 0x0000024c46cf6590, 0x0000024c94466ed0, 0x0000024c246c9330,
0x0000024c28cc7890, 0x0000024c28cc9fa0, 0x0000024c28cc5950, 0x0000024c28ccbee0,
0x0000024c29d5ca10, 0x0000024c29d5f120, 0x0000024c29d5ba70, 0x0000024c29d5e950,
0x0000024c29d5f8f0, 0x0000024c29d58b90, 0x0000024c29d5d9b0, 0x0000024c29d600c0,
0x0000024c2b0cb6a0, 0x0000024c2b0cc640, 0x0000024c29591e00, 0x0000024d6bc1bb60,
0x0000024d6bc15da0, 0x0000024d6bc17ce0, 0x0000024d6bc18c80, 0x0000024d6bc1a3f0,
0x0000024d6bc1cb00, 0x0000024d6bc23090, 0x0000024d6bc28e50, 0x0000024d6bc23860,
0x0000024d6bc29df0, 0x0000024d6bc26740, 0x0000024d6bc2fbb0, 0x0000024d6bc2ec10,
0x0000024d6bc30b50, 0x0000024d6bc31320, 0x0000024d6bc32a90, 0x0000024d6bc322c0,
0x0000024d6bc33260, 0x0000024d6bc31af0, 0x0000024d6bc33a30, 0x0000024d6bc34200,
0x0000024d6bc2e440, 0x0000024d6bc349d0, 0x0000024d6bc2f3e0, 0x0000024d6bc30380,
0x0000024d6bc351a0, 0x0000024c22d3fc00, 0x0000024c22d4bf50, 0x0000024c22d4cef0,
0x0000024c22d46190, 0x0000024c22d4de90, 0x0000024c94460170, 0x0000024d70e4e4d0,
0x0000024d70e5c760, 0x0000024d70e5a820, 0x0000024d70e5f640, 0x0000024c57645a30,
0x0000024c57658310, 0x0000024c57651d80, 0x0000024c5765f840, 0x0000024c22d44a20,
0x0000024c22d46960, 0x0000024c22d4a010, 0x0000024c22d4b780, 0x0000024c944620b0,
0x0000024c94466700, 0x0000024d6bc20980, 0x0000024d6bc2a5c0, 0x0000024d6c903740,
0x0000024c94463050, 0x0000024c944647c0, 0x0000024d6c8ea8d0, 0x0000024d6c8fa2d0,
0x0000024d6c8f5c80, 0x0000024d6c9027a0, 0x0000024d6c9075c0
}

Java Threads: ( => current thread )
  0x0000024c773323d0 JavaThread "Render thread"                     [_thread_in_native, id=19436, stack(0x000000c0b2700000,0x000000c0b2800000) (1024K)]
  0x0000024c7fbb2490 JavaThread "Reference Handler"          daemon [_thread_blocked, id=18736, stack(0x000000c0b2f00000,0x000000c0b3000000) (1024K)]
  0x0000024c7fbb32f0 JavaThread "Finalizer"                  daemon [_thread_blocked, id=18744, stack(0x000000c0b3000000,0x000000c0b3100000) (1024K)]
  0x0000024c7fbb43d0 JavaThread "Signal Dispatcher"          daemon [_thread_blocked, id=18596, stack(0x000000c0b3100000,0x000000c0b3200000) (1024K)]
  0x0000024c7fbb5fa0 JavaThread "Attach Listener"            daemon [_thread_blocked, id=18888, stack(0x000000c0b3200000,0x000000c0b3300000) (1024K)]
  0x0000024c7fbbeb70 JavaThread "Service Thread"             daemon [_thread_blocked, id=18720, stack(0x000000c0b3300000,0x000000c0b3400000) (1024K)]
  0x0000024c7fbc1740 JavaThread "Monitor Deflation Thread"   daemon [_thread_blocked, id=18904, stack(0x000000c0b3400000,0x000000c0b3500000) (1024K)]
  0x0000024c7fbc2630 JavaThread "C2 CompilerThread0"         daemon [_thread_blocked, id=18516, stack(0x000000c0b3500000,0x000000c0b3600000) (1024K)]
  0x0000024c7fbc6700 JavaThread "C1 CompilerThread0"         daemon [_thread_blocked, id=18528, stack(0x000000c0b3600000,0x000000c0b3700000) (1024K)]
  0x0000024c7fd71c60 JavaThread "Notification Thread"        daemon [_thread_blocked, id=18872, stack(0x000000c0b3900000,0x000000c0b3a00000) (1024K)]
  0x0000024c7fd7df70 JavaThread "Common-Cleaner"             daemon [_thread_blocked, id=18876, stack(0x000000c0b3a00000,0x000000c0b3b00000) (1024K)]
  0x0000024c2958e750 JavaThread "Thread-1"                   daemon [_thread_blocked, id=19280, stack(0x000000c0b5a00000,0x000000c0b5b00000) (1024K)]
  0x0000024c2958f6f0 JavaThread "JNA Cleaner"                daemon [_thread_blocked, id=18572, stack(0x000000c0b5b00000,0x000000c0b5c00000) (1024K)]
  0x0000024c29d5c240 JavaThread "Timer hack thread"          daemon [_thread_blocked, id=12084, stack(0x000000c0b5700000,0x000000c0b5800000) (1024K)]
  0x0000024c29d59360 JavaThread "WaterConfig-Worker"         daemon [_thread_blocked, id=12052, stack(0x000000c0b5900000,0x000000c0b5a00000) (1024K)]
  0x0000024c29d5e180 JavaThread "WaterConfig-IO"             daemon [_thread_blocked, id=8712, stack(0x000000c0b5e00000,0x000000c0b5f00000) (1024K)]
  0x0000024c28cc68f0 JavaThread "Yggdrasil Key Fetcher"      daemon [_thread_blocked, id=8468, stack(0x000000c0b5f00000,0x000000c0b6000000) (1024K)]
  0x0000024c28ccaf40 JavaThread "Cleaner-0"                  daemon [_thread_blocked, id=8612, stack(0x000000c0b3b00000,0x000000c0b3c00000) (1024K)]
  0x0000024c2aa36fb0 JavaThread "Cleaner-1"                  daemon [_thread_blocked, id=19048, stack(0x000000c0b6600000,0x000000c0b6700000) (1024K)]
  0x0000024c46cf4650 JavaThread "FileSystemWatchService"     daemon [_thread_in_native, id=19168, stack(0x000000c0b7900000,0x000000c0b7a00000) (1024K)]
  0x0000024c46cf6d60 JavaThread "FileSystemWatchService"     daemon [_thread_in_native, id=8436, stack(0x000000c0b7a00000,0x000000c0b7b00000) (1024K)]
  0x0000024c46cf5dc0 JavaThread "HttpClient-1-SelectorManager" daemon [_thread_in_native, id=18932, stack(0x000000c0b7b00000,0x000000c0b7c00000) (1024K)]
  0x0000024c46cf7530 JavaThread "FileSystemWatchService"     daemon [_thread_in_native, id=18824, stack(0x000000c0b7c00000,0x000000c0b7d00000) (1024K)]
  0x0000024c2aa3bdd0 JavaThread "JEI Config File Watcher"    daemon [_thread_blocked, id=18992, stack(0x000000c0b7d00000,0x000000c0b7e00000) (1024K)]
  0x0000024c29594ce0 JavaThread "KubeJS Background Thread"   daemon [_thread_blocked, id=18944, stack(0x000000c0b7e00000,0x000000c0b7f00000) (1024K)]
  0x0000024c29595c80 JavaThread "FileSystemWatchService"     daemon [_thread_in_native, id=19216, stack(0x000000c0b7f00000,0x000000c0b8000000) (1024K)]
  0x0000024c2aa1a9d0 JavaThread "WorldHostFileWatcher"       daemon [_thread_blocked, id=19136, stack(0x000000c0b8000000,0x000000c0b8100000) (1024K)]
  0x0000024c57655430 JavaThread "WH-ConnectionThread--1"     daemon [_thread_blocked, id=9708, stack(0x000000c0b9800000,0x000000c0b9900000) (1024K)]
  0x0000024c57648910 JavaThread "Java2D Disposer"            daemon [_thread_blocked, id=9352, stack(0x000000c0b8600000,0x000000c0b8700000) (1024K)]
  0x0000024c57642b50 JavaThread "pool-9-thread-1"                   [_thread_blocked, id=9456, stack(0x000000c0b8700000,0x000000c0b8800000) (1024K)]
  0x0000024c57644a90 JavaThread "WH-SendThread--1"           daemon [_thread_blocked, id=9652, stack(0x000000c0b8800000,0x000000c0b8900000) (1024K)]
  0x0000024c5764e6d0 JavaThread "WH-RecvThread--1"           daemon [_thread_in_native, id=10012, stack(0x000000c0b8900000,0x000000c0b8a00000) (1024K)]
  0x0000024c57653cc0 JavaThread "pool-11-thread-1"                  [_thread_blocked, id=10408, stack(0x000000c0b8b00000,0x000000c0b8c00000) (1024K)]
  0x0000024c5764bfc0 JavaThread "DFU cleaning thread"        daemon [_thread_blocked, id=18948, stack(0x000000c0b3c00000,0x000000c0b3d00000) (1024K)]
  0x0000024c576515b0 JavaThread "FileSystemWatchService"     daemon [_thread_in_native, id=17484, stack(0x000000c0b5500000,0x000000c0b5600000) (1024K)]
  0x0000024c2aa35070 JavaThread "FileSystemWatchService"     daemon [_thread_in_native, id=18972, stack(0x000000c0b9300000,0x000000c0b9400000) (1024K)]
  0x0000024c7fbb92c0 JavaThread "FileSystemWatchService"     daemon [_thread_in_native, id=19276, stack(0x000000c0ba500000,0x000000c0ba600000) (1024K)]
  0x0000024c22d311a0 JavaThread "FileSystemWatchService"     daemon [_thread_in_native, id=18800, stack(0x000000c0ba800000,0x000000c0ba900000) (1024K)]
  0x0000024c22d31970 JavaThread "FileSystemWatchService"     daemon [_thread_in_native, id=1592, stack(0x000000c0ba900000,0x000000c0baa00000) (1024K)]
  0x0000024c22d32140 JavaThread "FileSystemWatchService"     daemon [_thread_in_native, id=8536, stack(0x000000c0baa00000,0x000000c0bab00000) (1024K)]
  0x0000024c22d32910 JavaThread "FileSystemWatchService"     daemon [_thread_in_native, id=7888, stack(0x000000c0bab00000,0x000000c0bac00000) (1024K)]
  0x0000024c22d36790 JavaThread "ConfigSaver"                daemon [_thread_blocked, id=13148, stack(0x000000c0bac00000,0x000000c0bad00000) (1024K)]
  0x0000024c22d3f430 JavaThread "Auto-Sync thread"           daemon [_thread_blocked, id=2424, stack(0x000000c0bb200000,0x000000c0bb300000) (1024K)]
  0x0000024c22d4c720 JavaThread "HttpClient-3-SelectorManager" daemon [_thread_in_native, id=12300, stack(0x000000c0bb700000,0x000000c0bb800000) (1024K)]
  0x0000024c94456d00 JavaThread "spark-monitoring-thread"    daemon [_thread_blocked, id=12756, stack(0x000000c0bb900000,0x000000c0bba00000) (1024K)]
  0x0000024c94458470 JavaThread "spark-worker-pool-1-thread-1" daemon [_thread_blocked, id=16012, stack(0x000000c0bbb00000,0x000000c0bbc00000) (1024K)]
  0x0000024c22d35fc0 JavaThread "Cleaner-2"                  daemon [_thread_blocked, id=19012, stack(0x000000c0b3800000,0x000000c0b3900000) (1024K)]
  0x0000024c22d47900 JavaThread "CullThread"                 daemon [_thread_blocked, id=18724, stack(0x000000c0b7600000,0x000000c0b7700000) (1024K)]
  0x0000024c22d480d0 JavaThread "Thread-12"                         [_thread_blocked, id=18568, stack(0x000000c0bb400000,0x000000c0bb500000) (1024K)]
  0x0000024c57645260 JavaThread "Java Sound Sequencer"              [_thread_blocked, id=4444, stack(0x000000c0b5400000,0x000000c0b5500000) (1024K)]
  0x0000024c944545f0 JavaThread "pool-10-thread-1"                  [_thread_blocked, id=8928, stack(0x000000c0ba300000,0x000000c0ba400000) (1024K)]
  0x0000024c57658ae0 JavaThread "Server thread"                     [_thread_blocked, id=19020, stack(0x000000c0b7700000,0x000000c0b7800000) (1024K)]
  0x0000024c57659a80 JavaThread "FileSystemWatchService"     daemon [_thread_in_native, id=10268, stack(0x000000c0b7800000,0x000000c0b7900000) (1024K)]
  0x0000024c57661780 JavaThread "ComputerCraft-Network-0"    daemon [_thread_blocked, id=18684, stack(0x000000c0b8400000,0x000000c0b8500000) (1024K)]
  0x0000024c46cec180 JavaThread "ComputerCraft-Network-1"    daemon [_thread_blocked, id=7300, stack(0x000000c0b8500000,0x000000c0b8600000) (1024K)]
  0x0000024c46cee890 JavaThread "spark-worker-pool-2-thread-1" daemon [_thread_blocked, id=9088, stack(0x000000c0b8e00000,0x000000c0b8f00000) (1024K)]
  0x0000024c46cf1770 JavaThread "spark-java-sampler-0-0"            [_thread_blocked, id=10216, stack(0x000000c0b8f00000,0x000000c0b9000000) (1024K)]
  0x0000024c46cf1f40 JavaThread "spark-java-sampler-0-1"            [_thread_blocked, id=11612, stack(0x000000c0b9000000,0x000000c0b9100000) (1024K)]
  0x0000024c46cef830 JavaThread "spark-java-sampler-0-2"            [_thread_blocked, id=7252, stack(0x000000c0b9100000,0x000000c0b9200000) (1024K)]
  0x0000024c46ceb9b0 JavaThread "spark-java-sampler-0-3"            [_thread_blocked, id=17724, stack(0x000000c0b9200000,0x000000c0b9300000) (1024K)]
  0x0000024c46cf2710 JavaThread "spark-java-sampler-0-4"            [_thread_blocked, id=10016, stack(0x000000c0b9400000,0x000000c0b9500000) (1024K)]
  0x0000024c46cf6590 JavaThread "spark-java-sampler-0-5"            [_thread_blocked, id=18644, stack(0x000000c0b9500000,0x000000c0b9600000) (1024K)]
  0x0000024c94466ed0 JavaThread "Immersive Optimization Worker" daemon [_thread_blocked, id=4144, stack(0x000000c0b6200000,0x000000c0b6300000) (1024K)]
  0x0000024c246c9330 JavaThread "Worker-Main-9"              daemon [_thread_blocked, id=19044, stack(0x000000c0b9700000,0x000000c0b9800000) (1024K)]
  0x0000024c28cc7890 JavaThread "ComputerCraft-Network-2"    daemon [_thread_blocked, id=17496, stack(0x000000c0b9900000,0x000000c0b9a00000) (1024K)]
  0x0000024c28cc9fa0 JavaThread "Worker-Main-10"             daemon [_thread_blocked, id=3508, stack(0x000000c0b9a00000,0x000000c0b9b00000) (1024K)]
  0x0000024c28cc5950 JavaThread "Worker-Main-12"             daemon [_thread_blocked, id=12768, stack(0x000000c0b9c00000,0x000000c0b9d00000) (1024K)]
  0x0000024c28ccbee0 JavaThread "Worker-Main-13"             daemon [_thread_blocked, id=10168, stack(0x000000c0b9d00000,0x000000c0b9e00000) (1024K)]
  0x0000024c29d5ca10 JavaThread "Worker-Main-14"             daemon [_thread_blocked, id=15592, stack(0x000000c0b9e00000,0x000000c0b9f00000) (1024K)]
  0x0000024c29d5f120 JavaThread "Worker-Main-17"             daemon [_thread_blocked, id=1864, stack(0x000000c0b9f00000,0x000000c0ba000000) (1024K)]
  0x0000024c29d5ba70 JavaThread "Worker-Main-16"             daemon [_thread_blocked, id=8760, stack(0x000000c0ba000000,0x000000c0ba100000) (1024K)]
  0x0000024c29d5e950 JavaThread "Worker-Main-15"             daemon [_thread_blocked, id=18524, stack(0x000000c0ba100000,0x000000c0ba200000) (1024K)]
  0x0000024c29d5f8f0 JavaThread "IO-Worker-18"                      [_thread_blocked, id=17892, stack(0x000000c0ba200000,0x000000c0ba300000) (1024K)]
  0x0000024c29d58b90 JavaThread "Worker-Main-19"             daemon [_thread_blocked, id=19240, stack(0x000000c0ba400000,0x000000c0ba500000) (1024K)]
  0x0000024c29d5d9b0 JavaThread "Worker-Main-20"             daemon [_thread_blocked, id=4168, stack(0x000000c0ba600000,0x000000c0ba700000) (1024K)]
  0x0000024c29d600c0 JavaThread "Worker-Main-21"             daemon [_thread_blocked, id=13240, stack(0x000000c0ba700000,0x000000c0ba800000) (1024K)]
  0x0000024c2b0cb6a0 JavaThread "Worker-Main-22"             daemon [_thread_blocked, id=8776, stack(0x000000c0bad00000,0x000000c0bae00000) (1024K)]
  0x0000024c2b0cc640 JavaThread "Worker-Main-23"             daemon [_thread_blocked, id=19112, stack(0x000000c0bae00000,0x000000c0baf00000) (1024K)]
  0x0000024c29591e00 JavaThread "ComputerCraft-Network-3"    daemon [_thread_blocked, id=16396, stack(0x000000c0bb100000,0x000000c0bb200000) (1024K)]
  0x0000024d6bc1bb60 JavaThread "chronicles-file-watcher"    daemon [_thread_blocked, id=3780, stack(0x000000c0bbd00000,0x000000c0bbe00000) (1024K)]
  0x0000024d6bc15da0 JavaThread "FileSystemWatchService"     daemon [_thread_in_native, id=17664, stack(0x000000c0bbf00000,0x000000c0bc000000) (1024K)]
  0x0000024d6bc17ce0 JavaThread "ModernFix integrated server watchdog" daemon [_thread_blocked, id=12744, stack(0x000000c0bbe00000,0x000000c0bbf00000) (1024K)]
  0x0000024d6bc18c80 JavaThread "idle-timeout-task"          daemon [_thread_blocked, id=14428, stack(0x000000c0bc000000,0x000000c0bc100000) (1024K)]
  0x0000024d6bc1a3f0 JavaThread "HTTP-Dispatcher"                   [_thread_in_native, id=268, stack(0x000000c0bc100000,0x000000c0bc200000) (1024K)]
  0x0000024d6bc1cb00 JavaThread "Thread-29"                         [_thread_blocked, id=2464, stack(0x000000c0bc200000,0x000000c0bc300000) (1024K)]
  0x0000024d6bc23090 JavaThread "Netty Server IO #0"         daemon [_thread_in_native, id=7524, stack(0x000000c0b9600000,0x000000c0b9700000) (1024K)]
  0x0000024d6bc28e50 JavaThread "Netty Local Client IO #0"   daemon [_thread_blocked, id=19244, stack(0x000000c0bc300000,0x000000c0bc400000) (1024K)]
  0x0000024d6bc23860 JavaThread "Netty Server IO #1"         daemon [_thread_in_native, id=17812, stack(0x000000c0bc400000,0x000000c0bc500000) (1024K)]
  0x0000024d6bc29df0 JavaThread "Active world cleaner"       daemon [_thread_blocked, id=7692, stack(0x000000c0bc500000,0x000000c0bc600000) (1024K)]
  0x0000024d6bc26740 JavaThread "Dedicated Voxy Worker #10"  daemon [_thread_blocked, id=6132, stack(0x000000c0bd000000,0x000000c0bd100000) (1024K)]
  0x0000024d6bc2fbb0 JavaThread "Dedicated Voxy Worker #11"  daemon [_thread_blocked, id=4488, stack(0x000000c0bd100000,0x000000c0bd200000) (1024K)]
  0x0000024d6bc2ec10 JavaThread "Dedicated Voxy Worker #12"  daemon [_thread_blocked, id=5052, stack(0x000000c0bd200000,0x000000c0bd300000) (1024K)]
  0x0000024d6bc30b50 JavaThread "Dedicated Voxy Worker #13"  daemon [_thread_blocked, id=8360, stack(0x000000c0bd300000,0x000000c0bd400000) (1024K)]
  0x0000024d6bc31320 JavaThread "Dedicated Voxy Worker #14"  daemon [_thread_blocked, id=17608, stack(0x000000c0bd400000,0x000000c0bd500000) (1024K)]
  0x0000024d6bc32a90 JavaThread "Dedicated Voxy Worker #15"  daemon [_thread_blocked, id=10008, stack(0x000000c0bd500000,0x000000c0bd600000) (1024K)]
  0x0000024d6bc322c0 JavaThread "Dedicated Voxy Worker #16"  daemon [_thread_blocked, id=3712, stack(0x000000c0bd600000,0x000000c0bd700000) (1024K)]
  0x0000024d6bc33260 JavaThread "Dedicated Voxy Worker #17"  daemon [_thread_blocked, id=10664, stack(0x000000c0bd700000,0x000000c0bd800000) (1024K)]
  0x0000024d6bc31af0 JavaThread "Dedicated Voxy Worker #18"  daemon [_thread_blocked, id=13876, stack(0x000000c0bd800000,0x000000c0bd900000) (1024K)]
  0x0000024d6bc33a30 JavaThread "Dedicated Voxy Worker #19"  daemon [_thread_blocked, id=5208, stack(0x000000c0bd900000,0x000000c0bda00000) (1024K)]
  0x0000024d6bc34200 JavaThread "Dedicated Voxy Worker #20"  daemon [_thread_blocked, id=7092, stack(0x000000c0bda00000,0x000000c0bdb00000) (1024K)]
  0x0000024d6bc2e440 JavaThread "Dedicated Voxy Worker #21"  daemon [_thread_blocked, id=15060, stack(0x000000c0bdb00000,0x000000c0bdc00000) (1024K)]
  0x0000024d6bc349d0 JavaThread "Dedicated Voxy Worker #22"  daemon [_thread_blocked, id=9496, stack(0x000000c0bdc00000,0x000000c0bdd00000) (1024K)]
  0x0000024d6bc2f3e0 JavaThread "Dedicated Voxy Worker #23"  daemon [_thread_blocked, id=7748, stack(0x000000c0bdd00000,0x000000c0bde00000) (1024K)]
  0x0000024d6bc30380 JavaThread "Dedicated Voxy Worker #24"  daemon [_thread_blocked, id=1924, stack(0x000000c0bde00000,0x000000c0bdf00000) (1024K)]
  0x0000024d6bc351a0 JavaThread "Dedicated Voxy Worker #25"  daemon [_thread_blocked, id=10972, stack(0x000000c0bdf00000,0x000000c0be000000) (1024K)]
  0x0000024c22d3fc00 JavaThread "Dedicated Voxy Worker #26"  daemon [_thread_blocked, id=8660, stack(0x000000c0be000000,0x000000c0be100000) (1024K)]
  0x0000024c22d4bf50 JavaThread "Dedicated Voxy Worker #27"  daemon [_thread_blocked, id=10588, stack(0x000000c0be100000,0x000000c0be200000) (1024K)]
  0x0000024c22d4cef0 JavaThread "Dedicated Voxy Worker #28"  daemon [_thread_blocked, id=18384, stack(0x000000c0be200000,0x000000c0be300000) (1024K)]
  0x0000024c22d46190 JavaThread "Dedicated Voxy Worker #29"  daemon [_thread_blocked, id=10552, stack(0x000000c0be300000,0x000000c0be400000) (1024K)]
  0x0000024c22d4de90 JavaThread "Dedicated Voxy Worker #30"  daemon [_thread_blocked, id=10548, stack(0x000000c0be400000,0x000000c0be500000) (1024K)]
  0x0000024c94460170 JavaThread "Dedicated Voxy Worker #31"  daemon [_thread_blocked, id=6464, stack(0x000000c0be500000,0x000000c0be600000) (1024K)]
  0x0000024d70e4e4d0 JavaThread "Sound engine"               daemon [_thread_blocked, id=3148, stack(0x000000c0be600000,0x000000c0be700000) (1024K)]
  0x0000024d70e5c760 JavaThread "IO-Worker-26"                      [_thread_blocked, id=5432, stack(0x000000c0bf900000,0x000000c0bfa00000) (1024K)]
  0x0000024d70e5a820 JavaThread "Model factory processor"           [_thread_blocked, id=1752, stack(0x000000c0b6400000,0x000000c0b6500000) (1024K)]
  0x0000024d70e5f640 JavaThread "Async Node Manager"                [_thread_blocked, id=16092, stack(0x000000c0bf000000,0x000000c0bf100000) (1024K)]
  0x0000024c57645a30 JavaThread "Chunk Render Task Executor #0"        [_thread_blocked, id=16104, stack(0x000000c0bf800000,0x000000c0bf900000) (1024K)]
  0x0000024c57658310 JavaThread "Chunk Render Task Executor #1"        [_thread_blocked, id=3704, stack(0x000000c0bfa00000,0x000000c0bfb00000) (1024K)]
  0x0000024c57651d80 JavaThread "Chunk Render Task Executor #2"        [_thread_blocked, id=12440, stack(0x000000c0bfb00000,0x000000c0bfc00000) (1024K)]
  0x0000024c5765f840 JavaThread "Chunk Render Task Executor #3"        [_thread_blocked, id=18884, stack(0x000000c0bfc00000,0x000000c0bfd00000) (1024K)]
  0x0000024c22d44a20 JavaThread "Chunk Render Task Executor #4"        [_thread_blocked, id=3384, stack(0x000000c0bfd00000,0x000000c0bfe00000) (1024K)]
  0x0000024c22d46960 JavaThread "Chunk Render Task Executor #5"        [_thread_blocked, id=3632, stack(0x000000c0bfe00000,0x000000c0bff00000) (1024K)]
  0x0000024c22d4a010 JavaThread "Chunk Render Task Executor #6"        [_thread_blocked, id=3312, stack(0x000000c0bff00000,0x000000c0c0000000) (1024K)]
  0x0000024c22d4b780 JavaThread "Chunk Render Task Executor #7"        [_thread_blocked, id=3828, stack(0x000000c0c0000000,0x000000c0c0100000) (1024K)]
  0x0000024c944620b0 JavaThread "Chunk Render Task Executor #8"        [_thread_blocked, id=7308, stack(0x000000c0c0100000,0x000000c0c0200000) (1024K)]
  0x0000024c94466700 JavaThread "Chunk Render Task Executor #9"        [_thread_blocked, id=10412, stack(0x000000c0c0200000,0x000000c0c0300000) (1024K)]
  0x0000024d6bc20980 JavaThread "ReadingThread"              daemon [_thread_in_native, id=7564, stack(0x000000c0bc600000,0x000000c0bc700000) (1024K)]
  0x0000024d6bc2a5c0 JavaThread "WritingThread"              daemon [_thread_blocked, id=13884, stack(0x000000c0bc700000,0x000000c0bc800000) (1024K)]
  0x0000024d6c903740 JavaThread "HttpClient-5-SelectorManager" daemon [_thread_in_native, id=18564, stack(0x000000c0bce00000,0x000000c0bcf00000) (1024K)]
  0x0000024c94463050 JavaThread "spark-worker-pool-2-thread-2" daemon [_thread_blocked, id=19120, stack(0x000000c0b6700000,0x000000c0b6800000) (1024K)]
  0x0000024c944647c0 JavaThread "spark-worker-pool-2-thread-3" daemon [_thread_blocked, id=9996, stack(0x000000c0b6800000,0x000000c0b6900000) (1024K)]
  0x0000024d6c8ea8d0 JavaThread "IO-Worker-27"                      [_thread_blocked, id=19028, stack(0x000000c0b6b00000,0x000000c0b6c00000) (1024K)]
  0x0000024d6c8fa2d0 JavaThread "ForkJoinPool.commonPool-worker-9" daemon [_thread_blocked, id=3388, stack(0x000000c0b2600000,0x000000c0b2700000) (1024K)]
  0x0000024d6c8f5c80 JavaThread "ForkJoinPool.commonPool-worker-10" daemon [_thread_blocked, id=14564, stack(0x000000c0b3700000,0x000000c0b3800000) (1024K)]
  0x0000024d6c9027a0 JavaThread "HttpClient-3-Worker-6"      daemon [_thread_blocked, id=18880, stack(0x000000c0b3d00000,0x000000c0b3e00000) (1024K)]
  0x0000024d6c9075c0 JavaThread "HttpClient-3-Worker-7"      daemon [_thread_blocked, id=2964, stack(0x000000c0b3e00000,0x000000c0b3f00000) (1024K)]
Total: 135

Other Threads:
  0x0000024c7fb5ccb0 VMThread "VM Thread"                           [id=18584, stack(0x000000c0b2e00000,0x000000c0b2f00000) (1024K)]
=>0x0000024c7ed629a0 WatcherThread "VM Periodic Task Thread"        [id=18708, stack(0x000000c0b2d00000,0x000000c0b2e00000) (1024K)]
  0x0000024c773ee660 WorkerThread "GC Thread#0"                     [id=18436, stack(0x000000c0b2800000,0x000000c0b2900000) (1024K)]
  0x0000024c227948d0 WorkerThread "GC Thread#1"                     [id=19184, stack(0x000000c0b4300000,0x000000c0b4400000) (1024K)]
  0x0000024c27dc3900 WorkerThread "GC Thread#2"                     [id=19128, stack(0x000000c0b4400000,0x000000c0b4500000) (1024K)]
  0x0000024c21e2b4f0 WorkerThread "GC Thread#3"                     [id=18536, stack(0x000000c0b4500000,0x000000c0b4600000) (1024K)]
  0x0000024c21e2bd90 WorkerThread "GC Thread#4"                     [id=18560, stack(0x000000c0b4600000,0x000000c0b4700000) (1024K)]
  0x0000024c21e2c1e0 WorkerThread "GC Thread#5"                     [id=18832, stack(0x000000c0b4700000,0x000000c0b4800000) (1024K)]
  0x0000024c21e2c630 WorkerThread "GC Thread#6"                     [id=19068, stack(0x000000c0b4800000,0x000000c0b4900000) (1024K)]
  0x0000024c21e28e20 WorkerThread "GC Thread#7"                     [id=18632, stack(0x000000c0b4900000,0x000000c0b4a00000) (1024K)]
  0x0000024c21e2a3b0 WorkerThread "GC Thread#8"                     [id=18836, stack(0x000000c0b4a00000,0x000000c0b4b00000) (1024K)]
  0x0000024c21e2a800 WorkerThread "GC Thread#9"                     [id=18840, stack(0x000000c0b4b00000,0x000000c0b4c00000) (1024K)]
  0x0000024c21e29270 WorkerThread "GC Thread#10"                    [id=18600, stack(0x000000c0b4c00000,0x000000c0b4d00000) (1024K)]
  0x0000024c21e296c0 WorkerThread "GC Thread#11"                    [id=18604, stack(0x000000c0b4d00000,0x000000c0b4e00000) (1024K)]
  0x0000024c21e2ac50 WorkerThread "GC Thread#12"                    [id=18952, stack(0x000000c0b4e00000,0x000000c0b4f00000) (1024K)]
  0x0000024c7ebb2550 ConcurrentGCThread "G1 Main Marker"            [id=18852, stack(0x000000c0b2900000,0x000000c0b2a00000) (1024K)]
  0x0000024c7ebb30f0 WorkerThread "G1 Conc#0"                       [id=18640, stack(0x000000c0b2a00000,0x000000c0b2b00000) (1024K)]
  0x0000024c21ea47a0 WorkerThread "G1 Conc#1"                       [id=18656, stack(0x000000c0b4f00000,0x000000c0b5000000) (1024K)]
  0x0000024c21ea3ab0 WorkerThread "G1 Conc#2"                       [id=18652, stack(0x000000c0b5000000,0x000000c0b5100000) (1024K)]
  0x0000024c7ec37260 ConcurrentGCThread "G1 Refine#0"               [id=18844, stack(0x000000c0b2b00000,0x000000c0b2c00000) (1024K)]
  0x0000024c22c8a080 ConcurrentGCThread "G1 Refine#1"               [id=4200, stack(0x000000c0b6500000,0x000000c0b6600000) (1024K)]
  0x0000024c7ec37e70 ConcurrentGCThread "G1 Service"                [id=18544, stack(0x000000c0b2c00000,0x000000c0b2d00000) (1024K)]
Total: 22

Threads with active compile tasks:
Total: 0

VM state: not at safepoint (normal execution)

VM Mutex/Monitor currently owned by a thread:  ([mutex/lock_event])
[0x00007ffe7636e578] PeriodicTask_lock - owner thread: 0x0000024c7ed629a0

Heap address: 0x0000000500000000, size: 12288 MB, Compressed Oops mode: Zero based, Oop shift amount: 3

CDS archive(s) not mapped
Compressed class space mapped at: 0x000000003b000000-0x000000007b000000, reserved size: 1073741824
UseCompressedClassPointers 1, UseCompactObjectHeaders 0
Narrow klass pointer bits 32, Max shift 3
Narrow klass base: 0x0000000000000000, Narrow klass shift: 0
Encoding Range: [0x0000000000000000 - 0x0000000100000000), (4294967296 bytes)
Klass Range:    [0x000000003b000000 - 0x000000007b000000), (1073741824 bytes)
Klass ID Range:  [989855744 - 2063597561) (1073741817)
No protection zone.

GC Precious Log:
 CardTable entry size: 512
 Card Set container configuration: InlinePtr #cards 4 size 8 Array Of Cards #cards 64 size 144 Howl #buckets 8 coarsen threshold 14745 Howl Bitmap #cards 2048 size 272 coarsen threshold 1843 Card regions per heap region 1 cards per card region 16384
 CPUs: 16 total, 16 available
 Memory: 31861M
 Large Page Support: Disabled
 NUMA Support: Disabled
 Compressed Oops: Enabled (Zero based)
 Heap Region Size: 8M
 Heap Min Capacity: 2G
 Heap Initial Capacity: 2G
 Heap Max Capacity: 12G
 Pre-touch: Disabled
 Parallel Workers: 13
 Concurrent Workers: 3
 Concurrent Refinement Workers: 13
 Periodic GC: Disabled
 G1 Time-Based Heap Sizing enabled (uncommit-only)
 Evaluation Interval: 60s, Uncommit Delay: 300s, Min Regions To Uncommit: 10

Heap:
 garbage-first heap   total reserved 12582912K, committed 11952128K, used 10244273K [0x0000000500000000, 0x0000000800000000)
  region size 8192K, 410 young (3358720K), 3 survivors (24576K)

Heap Regions: E=young(eden), S=young(survivor), O=old, HS=humongous(starts), HC=humongous(continues), CS=collection set, F=free, TAMS=top-at-mark-start, PB=parsable bottom
|   0|0x0000000500000000, 0x0000000500800000, 0x0000000500800000|100%| O|  |TAMS 0x0000000500000000| PB 0x0000000500000000| Untracked |  0
|   1|0x0000000500800000, 0x0000000501000000, 0x0000000501000000|100%| O|  |TAMS 0x0000000500800000| PB 0x0000000500800000| Untracked |  0
|   2|0x0000000501000000, 0x0000000501800000, 0x0000000501800000|100%| O|  |TAMS 0x0000000501000000| PB 0x0000000501000000| Untracked |  0
|   3|0x0000000501800000, 0x0000000502000000, 0x0000000502000000|100%| O|  |TAMS 0x0000000501800000| PB 0x0000000501800000| Untracked |  0
|   4|0x0000000502000000, 0x0000000502800000, 0x0000000502800000|100%| O|  |TAMS 0x0000000502000000| PB 0x0000000502000000| Untracked |  0
|   5|0x0000000502800000, 0x0000000503000000, 0x0000000503000000|100%| O|  |TAMS 0x0000000502800000| PB 0x0000000502800000| Untracked |  0
|   6|0x0000000503000000, 0x0000000503800000, 0x0000000503800000|100%| O|  |TAMS 0x0000000503000000| PB 0x0000000503000000| Untracked |  0
|   7|0x0000000503800000, 0x0000000503ffffe0, 0x0000000504000000| 99%| O|  |TAMS 0x0000000503800000| PB 0x0000000503800000| Untracked |  0
|   8|0x0000000504000000, 0x00000005047ffff8, 0x0000000504800000| 99%| O|  |TAMS 0x0000000504000000| PB 0x0000000504000000| Untracked |  0
|   9|0x0000000504800000, 0x0000000505000000, 0x0000000505000000|100%| O|  |TAMS 0x0000000504800000| PB 0x0000000504800000| Untracked |  0
|  10|0x0000000505000000, 0x0000000505800000, 0x0000000505800000|100%| O|  |TAMS 0x0000000505000000| PB 0x0000000505000000| Untracked |  0
|  11|0x0000000505800000, 0x0000000506000000, 0x0000000506000000|100%| O|  |TAMS 0x0000000505800000| PB 0x0000000505800000| Untracked |  0
|  12|0x0000000506000000, 0x0000000506800000, 0x0000000506800000|100%| O|  |TAMS 0x0000000506000000| PB 0x0000000506000000| Untracked |  0
|  13|0x0000000506800000, 0x0000000507000000, 0x0000000507000000|100%| O|  |TAMS 0x0000000506800000| PB 0x0000000506800000| Untracked |  0
|  14|0x0000000507000000, 0x0000000507800000, 0x0000000507800000|100%| O|  |TAMS 0x0000000507000000| PB 0x0000000507000000| Untracked |  0
|  15|0x0000000507800000, 0x0000000508000000, 0x0000000508000000|100%| O|  |TAMS 0x0000000507800000| PB 0x0000000507800000| Untracked |  0
|  16|0x0000000508000000, 0x00000005087fffd0, 0x0000000508800000| 99%| O|  |TAMS 0x0000000508000000| PB 0x0000000508000000| Untracked |  0
|  17|0x0000000508800000, 0x0000000509000000, 0x0000000509000000|100%| O|  |TAMS 0x0000000508800000| PB 0x0000000508800000| Untracked |  0
|  18|0x0000000509000000, 0x0000000509800000, 0x0000000509800000|100%| O|  |TAMS 0x0000000509000000| PB 0x0000000509000000| Untracked |  0
|  19|0x0000000509800000, 0x000000050a000000, 0x000000050a000000|100%| O|  |TAMS 0x0000000509800000| PB 0x0000000509800000| Untracked |  0
|  20|0x000000050a000000, 0x000000050a800000, 0x000000050a800000|100%| O|  |TAMS 0x000000050a000000| PB 0x000000050a000000| Untracked |  0
|  21|0x000000050a800000, 0x000000050afffff0, 0x000000050b000000| 99%| O|  |TAMS 0x000000050a800000| PB 0x000000050a800000| Untracked |  0
|  22|0x000000050b000000, 0x000000050b800000, 0x000000050b800000|100%| O|  |TAMS 0x000000050b000000| PB 0x000000050b000000| Untracked |  0
|  23|0x000000050b800000, 0x000000050c000000, 0x000000050c000000|100%| O|  |TAMS 0x000000050b800000| PB 0x000000050b800000| Untracked |  0
|  24|0x000000050c000000, 0x000000050c800000, 0x000000050c800000|100%| O|  |TAMS 0x000000050c000000| PB 0x000000050c000000| Untracked |  0
|  25|0x000000050c800000, 0x000000050d000000, 0x000000050d000000|100%| O|  |TAMS 0x000000050c800000| PB 0x000000050c800000| Untracked |  0
|  26|0x000000050d000000, 0x000000050d800000, 0x000000050d800000|100%| O|  |TAMS 0x000000050d000000| PB 0x000000050d000000| Untracked |  0
|  27|0x000000050d800000, 0x000000050e000000, 0x000000050e000000|100%| O|  |TAMS 0x000000050d800000| PB 0x000000050d800000| Untracked |  0
|  28|0x000000050e000000, 0x000000050e800000, 0x000000050e800000|100%| O|  |TAMS 0x000000050e000000| PB 0x000000050e000000| Untracked |  0
|  29|0x000000050e800000, 0x000000050effffd8, 0x000000050f000000| 99%| O|  |TAMS 0x000000050e800000| PB 0x000000050e800000| Untracked |  0
|  30|0x000000050f000000, 0x000000050f800000, 0x000000050f800000|100%| O|  |TAMS 0x000000050f000000| PB 0x000000050f000000| Untracked |  0
|  31|0x000000050f800000, 0x000000050ffffff0, 0x0000000510000000| 99%| O|  |TAMS 0x000000050f800000| PB 0x000000050f800000| Untracked |  0
|  32|0x0000000510000000, 0x00000005107fffd0, 0x0000000510800000| 99%| O|  |TAMS 0x0000000510000000| PB 0x0000000510000000| Untracked |  0
|  33|0x0000000510800000, 0x0000000511000000, 0x0000000511000000|100%| O|  |TAMS 0x0000000510800000| PB 0x0000000510800000| Untracked |  0
|  34|0x0000000511000000, 0x0000000511800000, 0x0000000511800000|100%| O|  |TAMS 0x0000000511000000| PB 0x0000000511000000| Untracked |  0
|  35|0x0000000511800000, 0x0000000512000000, 0x0000000512000000|100%| O|  |TAMS 0x0000000511800000| PB 0x0000000511800000| Untracked |  0
|  36|0x0000000512000000, 0x0000000512800000, 0x0000000512800000|100%| O|  |TAMS 0x0000000512000000| PB 0x0000000512000000| Untracked |  0
|  37|0x0000000512800000, 0x0000000513000000, 0x0000000513000000|100%| O|  |TAMS 0x0000000512800000| PB 0x0000000512800000| Untracked |  0
|  38|0x0000000513000000, 0x0000000513800000, 0x0000000513800000|100%| O|  |TAMS 0x0000000513000000| PB 0x0000000513000000| Untracked |  0
|  39|0x0000000513800000, 0x0000000514000000, 0x0000000514000000|100%| O|  |TAMS 0x0000000513800000| PB 0x0000000513800000| Untracked |  0
|  40|0x0000000514000000, 0x0000000514800000, 0x0000000514800000|100%| O|  |TAMS 0x0000000514000000| PB 0x0000000514000000| Untracked |  0
|  41|0x0000000514800000, 0x0000000515000000, 0x0000000515000000|100%| O|  |TAMS 0x0000000514800000| PB 0x0000000514800000| Untracked |  0
|  42|0x0000000515000000, 0x00000005157ffff0, 0x0000000515800000| 99%| O|  |TAMS 0x0000000515000000| PB 0x0000000515000000| Untracked |  0
|  43|0x0000000515800000, 0x0000000516000000, 0x0000000516000000|100%| O|  |TAMS 0x0000000515800000| PB 0x0000000515800000| Untracked |  0
|  44|0x0000000516000000, 0x00000005167fffe0, 0x0000000516800000| 99%| O|  |TAMS 0x0000000516000000| PB 0x0000000516000000| Untracked |  0
|  45|0x0000000516800000, 0x0000000517000000, 0x0000000517000000|100%| O|  |TAMS 0x0000000516800000| PB 0x0000000516800000| Untracked |  0
|  46|0x0000000517000000, 0x0000000517800000, 0x0000000517800000|100%| O|  |TAMS 0x0000000517000000| PB 0x0000000517000000| Untracked |  0
|  47|0x0000000517800000, 0x0000000518000000, 0x0000000518000000|100%| O|  |TAMS 0x0000000517800000| PB 0x0000000517800000| Untracked |  0
|  48|0x0000000518000000, 0x00000005187fffc0, 0x0000000518800000| 99%| O|  |TAMS 0x0000000518000000| PB 0x0000000518000000| Untracked |  0
|  49|0x0000000518800000, 0x0000000518fffff0, 0x0000000519000000| 99%| O|  |TAMS 0x0000000518800000| PB 0x0000000518800000| Untracked |  0
|  50|0x0000000519000000, 0x0000000519800000, 0x0000000519800000|100%| O|  |TAMS 0x0000000519000000| PB 0x0000000519000000| Untracked |  0
|  51|0x0000000519800000, 0x000000051a000000, 0x000000051a000000|100%|HS|  |TAMS 0x0000000519800000| PB 0x0000000519800000| Untracked |  0
|  52|0x000000051a000000, 0x000000051a7fffe8, 0x000000051a800000| 99%| O|  |TAMS 0x000000051a000000| PB 0x000000051a000000| Untracked |  0
|  53|0x000000051a800000, 0x000000051b000000, 0x000000051b000000|100%| O|  |TAMS 0x000000051a800000| PB 0x000000051a800000| Untracked |  0
|  54|0x000000051b000000, 0x000000051b7ffff8, 0x000000051b800000| 99%| O|  |TAMS 0x000000051b000000| PB 0x000000051b000000| Untracked |  0
|  55|0x000000051b800000, 0x000000051bfffff0, 0x000000051c000000| 99%| O|  |TAMS 0x000000051b800000| PB 0x000000051b800000| Untracked |  0
|  56|0x000000051c000000, 0x000000051c800000, 0x000000051c800000|100%| O|  |TAMS 0x000000051c000000| PB 0x000000051c000000| Untracked |  0
|  57|0x000000051c800000, 0x000000051d000000, 0x000000051d000000|100%| O|  |TAMS 0x000000051c800000| PB 0x000000051c800000| Untracked |  0
|  58|0x000000051d000000, 0x000000051d7ffff8, 0x000000051d800000| 99%| O|  |TAMS 0x000000051d000000| PB 0x000000051d000000| Untracked |  0
|  59|0x000000051d800000, 0x000000051e000000, 0x000000051e000000|100%| O|  |TAMS 0x000000051d800000| PB 0x000000051d800000| Untracked |  0
|  60|0x000000051e000000, 0x000000051e6563a8, 0x000000051e800000| 79%| O|  |TAMS 0x000000051e000000| PB 0x000000051e000000| Untracked |  0
|  61|0x000000051e800000, 0x000000051efffff0, 0x000000051f000000| 99%| O|  |TAMS 0x000000051e800000| PB 0x000000051e800000| Untracked |  0
|  62|0x000000051f000000, 0x000000051f800000, 0x000000051f800000|100%|HS|  |TAMS 0x000000051f000000| PB 0x000000051f000000| Untracked |  0
|  63|0x000000051f800000, 0x0000000520000000, 0x0000000520000000|100%| O|  |TAMS 0x000000051f800000| PB 0x000000051f800000| Untracked |  0
|  64|0x0000000520000000, 0x0000000520800000, 0x0000000520800000|100%| O|  |TAMS 0x0000000520000000| PB 0x0000000520000000| Untracked |  0
|  65|0x0000000520800000, 0x0000000521000000, 0x0000000521000000|100%| O|  |TAMS 0x0000000520800000| PB 0x0000000520800000| Untracked |  0
|  66|0x0000000521000000, 0x0000000521800000, 0x0000000521800000|100%| O|  |TAMS 0x0000000521000000| PB 0x0000000521000000| Untracked |  0
|  67|0x0000000521800000, 0x0000000521fffff8, 0x0000000522000000| 99%| O|  |TAMS 0x0000000521800000| PB 0x0000000521800000| Untracked |  0
|  68|0x0000000522000000, 0x00000005227ffff8, 0x0000000522800000| 99%| O|  |TAMS 0x0000000522000000| PB 0x0000000522000000| Untracked |  0
|  69|0x0000000522800000, 0x0000000523000000, 0x0000000523000000|100%|HS|  |TAMS 0x0000000522800000| PB 0x0000000522800000| Complete |  0
|  70|0x0000000523000000, 0x00000005237fffe8, 0x0000000523800000| 99%| O|  |TAMS 0x0000000523000000| PB 0x0000000523000000| Untracked |  0
|  71|0x0000000523800000, 0x0000000524000000, 0x0000000524000000|100%| O|  |TAMS 0x0000000523800000| PB 0x0000000523800000| Untracked |  0
|  72|0x0000000524000000, 0x00000005247ffff0, 0x0000000524800000| 99%| O|  |TAMS 0x0000000524000000| PB 0x0000000524000000| Untracked |  0
|  73|0x0000000524800000, 0x0000000524fffff0, 0x0000000525000000| 99%| O|  |TAMS 0x0000000524800000| PB 0x0000000524800000| Untracked |  0
|  74|0x0000000525000000, 0x0000000525800000, 0x0000000525800000|100%|HS|  |TAMS 0x0000000525000000| PB 0x0000000525000000| Complete |  0
|  75|0x0000000525800000, 0x0000000526000000, 0x0000000526000000|100%| O|  |TAMS 0x0000000525800000| PB 0x0000000525800000| Untracked |  0
|  76|0x0000000526000000, 0x0000000526800000, 0x0000000526800000|100%| O|  |TAMS 0x0000000526000000| PB 0x0000000526000000| Untracked |  0
|  77|0x0000000526800000, 0x0000000527000000, 0x0000000527000000|100%| O|  |TAMS 0x0000000526800000| PB 0x0000000526800000| Untracked |  0
|  78|0x0000000527000000, 0x0000000527800000, 0x0000000527800000|100%| O|  |TAMS 0x0000000527000000| PB 0x0000000527000000| Untracked |  0
|  79|0x0000000527800000, 0x0000000527ffffd8, 0x0000000528000000| 99%| O|  |TAMS 0x0000000527800000| PB 0x0000000527800000| Untracked |  0
|  80|0x0000000528000000, 0x00000005287ffff8, 0x0000000528800000| 99%| O|  |TAMS 0x0000000528000000| PB 0x0000000528000000| Untracked |  0
|  81|0x0000000528800000, 0x0000000528ffffe8, 0x0000000529000000| 99%| O|  |TAMS 0x0000000528800000| PB 0x0000000528800000| Untracked |  0
|  82|0x0000000529000000, 0x0000000529800000, 0x0000000529800000|100%| O|  |TAMS 0x0000000529000000| PB 0x0000000529000000| Untracked |  0
|  83|0x0000000529800000, 0x0000000529fffff8, 0x000000052a000000| 99%| O|  |TAMS 0x0000000529800000| PB 0x0000000529800000| Untracked |  0
|  84|0x000000052a000000, 0x000000052a800000, 0x000000052a800000|100%| O|  |TAMS 0x000000052a000000| PB 0x000000052a000000| Untracked |  0
|  85|0x000000052a800000, 0x000000052afffff8, 0x000000052b000000| 99%| O|  |TAMS 0x000000052a800000| PB 0x000000052a800000| Untracked |  0
|  86|0x000000052b000000, 0x000000052b7ffff0, 0x000000052b800000| 99%| O|  |TAMS 0x000000052b000000| PB 0x000000052b000000| Untracked |  0
|  87|0x000000052b800000, 0x000000052c000000, 0x000000052c000000|100%| O|  |TAMS 0x000000052b800000| PB 0x000000052b800000| Untracked |  0
|  88|0x000000052c000000, 0x000000052c800000, 0x000000052c800000|100%| O|  |TAMS 0x000000052c000000| PB 0x000000052c000000| Untracked |  0
|  89|0x000000052c800000, 0x000000052d000000, 0x000000052d000000|100%| O|  |TAMS 0x000000052c800000| PB 0x000000052c800000| Untracked |  0
|  90|0x000000052d000000, 0x000000052d7f1760, 0x000000052d800000| 99%| O|  |TAMS 0x000000052d000000| PB 0x000000052d000000| Untracked |  0
|  91|0x000000052d800000, 0x000000052e000000, 0x000000052e000000|100%| O|  |TAMS 0x000000052d800000| PB 0x000000052d800000| Untracked |  0
|  92|0x000000052e000000, 0x000000052e7ffff8, 0x000000052e800000| 99%| O|  |TAMS 0x000000052e000000| PB 0x000000052e000000| Untracked |  0
|  93|0x000000052e800000, 0x000000052f000000, 0x000000052f000000|100%| O|  |TAMS 0x000000052e800000| PB 0x000000052e800000| Untracked |  0
|  94|0x000000052f000000, 0x000000052f800000, 0x000000052f800000|100%| O|  |TAMS 0x000000052f000000| PB 0x000000052f000000| Untracked |  0
|  95|0x000000052f800000, 0x0000000530000000, 0x0000000530000000|100%| O|  |TAMS 0x000000052f800000| PB 0x000000052f800000| Untracked |  0
|  96|0x0000000530000000, 0x00000005307fffe8, 0x0000000530800000| 99%| O|  |TAMS 0x0000000530000000| PB 0x0000000530000000| Untracked |  0
|  97|0x0000000530800000, 0x0000000530ffffe8, 0x0000000531000000| 99%| O|  |TAMS 0x0000000530800000| PB 0x0000000530800000| Untracked |  0
|  98|0x0000000531000000, 0x0000000531800000, 0x0000000531800000|100%| O|  |TAMS 0x0000000531000000| PB 0x0000000531000000| Untracked |  0
|  99|0x0000000531800000, 0x0000000531ffb8c0, 0x0000000532000000| 99%| O|  |TAMS 0x0000000531800000| PB 0x0000000531800000| Untracked |  0
| 100|0x0000000532000000, 0x0000000532800000, 0x0000000532800000|100%| O|  |TAMS 0x0000000532000000| PB 0x0000000532000000| Untracked |  0
| 101|0x0000000532800000, 0x0000000533000000, 0x0000000533000000|100%| O|  |TAMS 0x0000000532800000| PB 0x0000000532800000| Untracked |  0
| 102|0x0000000533000000, 0x0000000533800000, 0x0000000533800000|100%| O|  |TAMS 0x0000000533000000| PB 0x0000000533000000| Untracked |  0
| 103|0x0000000533800000, 0x0000000533fffff8, 0x0000000534000000| 99%| O|  |TAMS 0x0000000533800000| PB 0x0000000533800000| Untracked |  0
| 104|0x0000000534000000, 0x0000000534800000, 0x0000000534800000|100%| O|  |TAMS 0x0000000534000000| PB 0x0000000534000000| Untracked |  0
| 105|0x0000000534800000, 0x0000000534faef18, 0x0000000535000000| 96%| O|  |TAMS 0x0000000534800000| PB 0x0000000534800000| Untracked |  0
| 106|0x0000000535000000, 0x00000005357fffd8, 0x0000000535800000| 99%| O|  |TAMS 0x0000000535000000| PB 0x0000000535000000| Untracked |  0
| 107|0x0000000535800000, 0x0000000536000000, 0x0000000536000000|100%| O|  |TAMS 0x0000000535800000| PB 0x0000000535800000| Untracked |  0
| 108|0x0000000536000000, 0x0000000536800000, 0x0000000536800000|100%| O|  |TAMS 0x0000000536000000| PB 0x0000000536000000| Untracked |  0
| 109|0x0000000536800000, 0x0000000536ffffe8, 0x0000000537000000| 99%| O|  |TAMS 0x0000000536800000| PB 0x0000000536800000| Untracked |  0
| 110|0x0000000537000000, 0x0000000537800000, 0x0000000537800000|100%| O|  |TAMS 0x0000000537000000| PB 0x0000000537000000| Untracked |  0
| 111|0x0000000537800000, 0x0000000538000000, 0x0000000538000000|100%| O|  |TAMS 0x0000000537800000| PB 0x0000000537800000| Untracked |  0
| 112|0x0000000538000000, 0x00000005387ffff8, 0x0000000538800000| 99%| O|  |TAMS 0x0000000538000000| PB 0x0000000538000000| Untracked |  0
| 113|0x0000000538800000, 0x0000000539000000, 0x0000000539000000|100%| O|  |TAMS 0x0000000538800000| PB 0x0000000538800000| Untracked |  0
| 114|0x0000000539000000, 0x0000000539800000, 0x0000000539800000|100%| O|  |TAMS 0x0000000539000000| PB 0x0000000539000000| Untracked |  0
| 115|0x0000000539800000, 0x000000053a000000, 0x000000053a000000|100%| O|  |TAMS 0x0000000539800000| PB 0x0000000539800000| Untracked |  0
| 116|0x000000053a000000, 0x000000053a800000, 0x000000053a800000|100%| O|  |TAMS 0x000000053a000000| PB 0x000000053a000000| Untracked |  0
| 117|0x000000053a800000, 0x000000053b000000, 0x000000053b000000|100%| O|  |TAMS 0x000000053a800000| PB 0x000000053a800000| Untracked |  0
| 118|0x000000053b000000, 0x000000053b800000, 0x000000053b800000|100%| O|  |TAMS 0x000000053b000000| PB 0x000000053b000000| Untracked |  0
| 119|0x000000053b800000, 0x000000053bffffe0, 0x000000053c000000| 99%| O|  |TAMS 0x000000053b800000| PB 0x000000053b800000| Untracked |  0
| 120|0x000000053c000000, 0x000000053c7ffff0, 0x000000053c800000| 99%| O|  |TAMS 0x000000053c000000| PB 0x000000053c000000| Untracked |  0
| 121|0x000000053c800000, 0x000000053d000000, 0x000000053d000000|100%| O|  |TAMS 0x000000053c800000| PB 0x000000053c800000| Untracked |  0
| 122|0x000000053d000000, 0x000000053d800000, 0x000000053d800000|100%| O|  |TAMS 0x000000053d000000| PB 0x000000053d000000| Untracked |  0
| 123|0x000000053d800000, 0x000000053e000000, 0x000000053e000000|100%| O|  |TAMS 0x000000053d800000| PB 0x000000053d800000| Untracked |  0
| 124|0x000000053e000000, 0x000000053e7fffd0, 0x000000053e800000| 99%| O|  |TAMS 0x000000053e000000| PB 0x000000053e000000| Untracked |  0
| 125|0x000000053e800000, 0x000000053f000000, 0x000000053f000000|100%| O|  |TAMS 0x000000053e800000| PB 0x000000053e800000| Untracked |  0
| 126|0x000000053f000000, 0x000000053f7fffe8, 0x000000053f800000| 99%| O|  |TAMS 0x000000053f000000| PB 0x000000053f000000| Untracked |  0
| 127|0x000000053f800000, 0x0000000540000000, 0x0000000540000000|100%| O|  |TAMS 0x000000053f800000| PB 0x000000053f800000| Untracked |  0
| 128|0x0000000540000000, 0x0000000540800000, 0x0000000540800000|100%| O|  |TAMS 0x0000000540000000| PB 0x0000000540000000| Untracked |  0
| 129|0x0000000540800000, 0x0000000541000000, 0x0000000541000000|100%| O|  |TAMS 0x0000000540800000| PB 0x0000000540800000| Untracked |  0
| 130|0x0000000541000000, 0x0000000541800000, 0x0000000541800000|100%| O|  |TAMS 0x0000000541000000| PB 0x0000000541000000| Untracked |  0
| 131|0x0000000541800000, 0x0000000542000000, 0x0000000542000000|100%| O|  |TAMS 0x0000000541800000| PB 0x0000000541800000| Untracked |  0
| 132|0x0000000542000000, 0x0000000542800000, 0x0000000542800000|100%| O|  |TAMS 0x0000000542000000| PB 0x0000000542000000| Untracked |  0
| 133|0x0000000542800000, 0x0000000542fffdb0, 0x0000000543000000| 99%| O|  |TAMS 0x0000000542800000| PB 0x0000000542800000| Untracked |  0
| 134|0x0000000543000000, 0x00000005437ffff8, 0x0000000543800000| 99%| O|  |TAMS 0x0000000543000000| PB 0x0000000543000000| Untracked |  0
| 135|0x0000000543800000, 0x0000000543fffff8, 0x0000000544000000| 99%| O|  |TAMS 0x0000000543800000| PB 0x0000000543800000| Untracked |  0
| 136|0x0000000544000000, 0x00000005447ffff8, 0x0000000544800000| 99%| O|  |TAMS 0x0000000544000000| PB 0x0000000544000000| Untracked |  0
| 137|0x0000000544800000, 0x0000000545000000, 0x0000000545000000|100%| O|  |TAMS 0x0000000544800000| PB 0x0000000544800000| Untracked |  0
| 138|0x0000000545000000, 0x000000054578b828, 0x0000000545800000| 94%| O|  |TAMS 0x0000000545000000| PB 0x0000000545000000| Untracked |  0
| 139|0x0000000545800000, 0x0000000545fffff8, 0x0000000546000000| 99%| O|  |TAMS 0x0000000545800000| PB 0x0000000545800000| Untracked |  0
| 140|0x0000000546000000, 0x00000005467ffff0, 0x0000000546800000| 99%| O|  |TAMS 0x0000000546000000| PB 0x0000000546000000| Untracked |  0
| 141|0x0000000546800000, 0x0000000546fffff8, 0x0000000547000000| 99%| O|  |TAMS 0x0000000546800000| PB 0x0000000546800000| Untracked |  0
| 142|0x0000000547000000, 0x0000000547800000, 0x0000000547800000|100%| O|  |TAMS 0x0000000547000000| PB 0x0000000547000000| Untracked |  0
| 143|0x0000000547800000, 0x0000000548000000, 0x0000000548000000|100%| O|  |TAMS 0x0000000547800000| PB 0x0000000547800000| Untracked |  0
| 144|0x0000000548000000, 0x0000000548800000, 0x0000000548800000|100%| O|  |TAMS 0x0000000548000000| PB 0x0000000548000000| Untracked |  0
| 145|0x0000000548800000, 0x0000000548fffff0, 0x0000000549000000| 99%| O|  |TAMS 0x0000000548800000| PB 0x0000000548800000| Untracked |  0
| 146|0x0000000549000000, 0x00000005497fffe0, 0x0000000549800000| 99%| O|  |TAMS 0x0000000549000000| PB 0x0000000549000000| Untracked |  0
| 147|0x0000000549800000, 0x000000054a000000, 0x000000054a000000|100%| O|  |TAMS 0x0000000549800000| PB 0x0000000549800000| Untracked |  0
| 148|0x000000054a000000, 0x000000054a7ffff8, 0x000000054a800000| 99%| O|  |TAMS 0x000000054a000000| PB 0x000000054a000000| Untracked |  0
| 149|0x000000054a800000, 0x000000054b000000, 0x000000054b000000|100%| O|  |TAMS 0x000000054a800000| PB 0x000000054a800000| Untracked |  0
| 150|0x000000054b000000, 0x000000054b800000, 0x000000054b800000|100%| O|  |TAMS 0x000000054b000000| PB 0x000000054b000000| Untracked |  0
| 151|0x000000054b800000, 0x000000054bfffff8, 0x000000054c000000| 99%| O|  |TAMS 0x000000054b800000| PB 0x000000054b800000| Untracked |  0
| 152|0x000000054c000000, 0x000000054c800000, 0x000000054c800000|100%| O|  |TAMS 0x000000054c000000| PB 0x000000054c000000| Untracked |  0
| 153|0x000000054c800000, 0x000000054d000000, 0x000000054d000000|100%| O|  |TAMS 0x000000054c800000| PB 0x000000054c800000| Untracked |  0
| 154|0x000000054d000000, 0x000000054d7d1680, 0x000000054d800000| 97%| O|  |TAMS 0x000000054d000000| PB 0x000000054d000000| Untracked |  0
| 155|0x000000054d800000, 0x000000054e000000, 0x000000054e000000|100%| O|  |TAMS 0x000000054d800000| PB 0x000000054d800000| Untracked |  0
| 156|0x000000054e000000, 0x000000054e800000, 0x000000054e800000|100%| O|  |TAMS 0x000000054e000000| PB 0x000000054e000000| Untracked |  0
| 157|0x000000054e800000, 0x000000054effff90, 0x000000054f000000| 99%| O|  |TAMS 0x000000054e800000| PB 0x000000054e800000| Untracked |  0
| 158|0x000000054f000000, 0x000000054f800000, 0x000000054f800000|100%| O|  |TAMS 0x000000054f000000| PB 0x000000054f000000| Untracked |  0
| 159|0x000000054f800000, 0x000000054ffffd88, 0x0000000550000000| 99%| O|  |TAMS 0x000000054f800000| PB 0x000000054f800000| Untracked |  0
| 160|0x0000000550000000, 0x00000005507ffff8, 0x0000000550800000| 99%| O|  |TAMS 0x0000000550000000| PB 0x0000000550000000| Untracked |  0
| 161|0x0000000550800000, 0x0000000550fffff0, 0x0000000551000000| 99%| O|  |TAMS 0x0000000550800000| PB 0x0000000550800000| Untracked |  0
| 162|0x0000000551000000, 0x0000000551800000, 0x0000000551800000|100%| O|  |TAMS 0x0000000551000000| PB 0x0000000551000000| Untracked |  0
| 163|0x0000000551800000, 0x0000000552000000, 0x0000000552000000|100%| O|  |TAMS 0x0000000551800000| PB 0x0000000551800000| Untracked |  0
| 164|0x0000000552000000, 0x0000000552800000, 0x0000000552800000|100%| O|  |TAMS 0x0000000552000000| PB 0x0000000552000000| Untracked |  0
| 165|0x0000000552800000, 0x0000000553000000, 0x0000000553000000|100%| O|  |TAMS 0x0000000552800000| PB 0x0000000552800000| Untracked |  0
| 166|0x0000000553000000, 0x0000000553800000, 0x0000000553800000|100%| O|  |TAMS 0x0000000553000000| PB 0x0000000553000000| Untracked |  0
| 167|0x0000000553800000, 0x0000000554000000, 0x0000000554000000|100%| O|  |TAMS 0x0000000553800000| PB 0x0000000553800000| Untracked |  0
| 168|0x0000000554000000, 0x0000000554800000, 0x0000000554800000|100%| O|  |TAMS 0x0000000554000000| PB 0x0000000554000000| Untracked |  0
| 169|0x0000000554800000, 0x0000000555000000, 0x0000000555000000|100%| O|  |TAMS 0x0000000554800000| PB 0x0000000554800000| Untracked |  0
| 170|0x0000000555000000, 0x00000005557fffe8, 0x0000000555800000| 99%| O|  |TAMS 0x0000000555000000| PB 0x0000000555000000| Untracked |  0
| 171|0x0000000555800000, 0x0000000556000000, 0x0000000556000000|100%|HS|  |TAMS 0x0000000555800000| PB 0x0000000555800000| Untracked |  0
| 172|0x0000000556000000, 0x0000000556800000, 0x0000000556800000|100%|HS|  |TAMS 0x0000000556000000| PB 0x0000000556000000| Untracked |  0
| 173|0x0000000556800000, 0x0000000556ffffe8, 0x0000000557000000| 99%| O|  |TAMS 0x0000000556800000| PB 0x0000000556800000| Untracked |  0
| 174|0x0000000557000000, 0x0000000557800000, 0x0000000557800000|100%| O|  |TAMS 0x0000000557000000| PB 0x0000000557000000| Untracked |  0
| 175|0x0000000557800000, 0x0000000558000000, 0x0000000558000000|100%| O|  |TAMS 0x0000000557800000| PB 0x0000000557800000| Untracked |  0
| 176|0x0000000558000000, 0x0000000558800000, 0x0000000558800000|100%| O|  |TAMS 0x0000000558000000| PB 0x0000000558000000| Untracked |  0
| 177|0x0000000558800000, 0x0000000559000000, 0x0000000559000000|100%| O|  |TAMS 0x0000000558800000| PB 0x0000000558800000| Untracked |  0
| 178|0x0000000559000000, 0x0000000559800000, 0x0000000559800000|100%| O|  |TAMS 0x0000000559000000| PB 0x0000000559000000| Untracked |  0
| 179|0x0000000559800000, 0x0000000559ffffc8, 0x000000055a000000| 99%| O|  |TAMS 0x0000000559800000| PB 0x0000000559800000| Untracked |  0
| 180|0x000000055a000000, 0x000000055a7fffe0, 0x000000055a800000| 99%| O|  |TAMS 0x000000055a000000| PB 0x000000055a000000| Untracked |  0
| 181|0x000000055a800000, 0x000000055afffff8, 0x000000055b000000| 99%| O|  |TAMS 0x000000055a800000| PB 0x000000055a800000| Untracked |  0
| 182|0x000000055b000000, 0x000000055b800000, 0x000000055b800000|100%| O|  |TAMS 0x000000055b000000| PB 0x000000055b000000| Untracked |  0
| 183|0x000000055b800000, 0x000000055c000000, 0x000000055c000000|100%| O|  |TAMS 0x000000055b800000| PB 0x000000055b800000| Untracked |  0
| 184|0x000000055c000000, 0x000000055c800000, 0x000000055c800000|100%| O|  |TAMS 0x000000055c000000| PB 0x000000055c000000| Untracked |  0
| 185|0x000000055c800000, 0x000000055d000000, 0x000000055d000000|100%| O|  |TAMS 0x000000055c800000| PB 0x000000055c800000| Untracked |  0
| 186|0x000000055d000000, 0x000000055d800000, 0x000000055d800000|100%| O|  |TAMS 0x000000055d000000| PB 0x000000055d000000| Untracked |  0
| 187|0x000000055d800000, 0x000000055dfa1818, 0x000000055e000000| 95%| O|  |TAMS 0x000000055d800000| PB 0x000000055d800000| Untracked |  0
| 188|0x000000055e000000, 0x000000055e800000, 0x000000055e800000|100%| O|  |TAMS 0x000000055e000000| PB 0x000000055e000000| Untracked |  0
| 189|0x000000055e800000, 0x000000055f000000, 0x000000055f000000|100%| O|  |TAMS 0x000000055e800000| PB 0x000000055e800000| Untracked |  0
| 190|0x000000055f000000, 0x000000055f800000, 0x000000055f800000|100%| O|  |TAMS 0x000000055f000000| PB 0x000000055f000000| Untracked |  0
| 191|0x000000055f800000, 0x0000000560000000, 0x0000000560000000|100%| O|  |TAMS 0x000000055f800000| PB 0x000000055f800000| Untracked |  0
| 192|0x0000000560000000, 0x0000000560800000, 0x0000000560800000|100%| O|  |TAMS 0x0000000560000000| PB 0x0000000560000000| Untracked |  0
| 193|0x0000000560800000, 0x0000000561000000, 0x0000000561000000|100%| O|  |TAMS 0x0000000560800000| PB 0x0000000560800000| Untracked |  0
| 194|0x0000000561000000, 0x0000000561800000, 0x0000000561800000|100%| O|  |TAMS 0x0000000561000000| PB 0x0000000561000000| Untracked |  0
| 195|0x0000000561800000, 0x0000000562000000, 0x0000000562000000|100%| O|  |TAMS 0x0000000561800000| PB 0x0000000561800000| Untracked |  0
| 196|0x0000000562000000, 0x0000000562800000, 0x0000000562800000|100%| O|  |TAMS 0x0000000562000000| PB 0x0000000562000000| Untracked |  0
| 197|0x0000000562800000, 0x0000000563000000, 0x0000000563000000|100%| O|  |TAMS 0x0000000562800000| PB 0x0000000562800000| Untracked |  0
| 198|0x0000000563000000, 0x0000000563800000, 0x0000000563800000|100%| O|  |TAMS 0x0000000563000000| PB 0x0000000563000000| Untracked |  0
| 199|0x0000000563800000, 0x0000000564000000, 0x0000000564000000|100%| O|  |TAMS 0x0000000563800000| PB 0x0000000563800000| Untracked |  0
| 200|0x0000000564000000, 0x0000000564800000, 0x0000000564800000|100%| O|  |TAMS 0x0000000564000000| PB 0x0000000564000000| Untracked |  0
| 201|0x0000000564800000, 0x0000000565000000, 0x0000000565000000|100%| O|  |TAMS 0x0000000564800000| PB 0x0000000564800000| Untracked |  0
| 202|0x0000000565000000, 0x0000000565800000, 0x0000000565800000|100%| O|  |TAMS 0x0000000565000000| PB 0x0000000565000000| Untracked |  0
| 203|0x0000000565800000, 0x0000000565ffb388, 0x0000000566000000| 99%| O|  |TAMS 0x0000000565800000| PB 0x0000000565800000| Untracked |  0
| 204|0x0000000566000000, 0x0000000566800000, 0x0000000566800000|100%| O|  |TAMS 0x0000000566000000| PB 0x0000000566000000| Untracked |  0
| 205|0x0000000566800000, 0x0000000567000000, 0x0000000567000000|100%| O|  |TAMS 0x0000000566800000| PB 0x0000000566800000| Untracked |  0
| 206|0x0000000567000000, 0x0000000567800000, 0x0000000567800000|100%| O|  |TAMS 0x0000000567000000| PB 0x0000000567000000| Untracked |  0
| 207|0x0000000567800000, 0x0000000568000000, 0x0000000568000000|100%| O|  |TAMS 0x0000000567800000| PB 0x0000000567800000| Untracked |  0
| 208|0x0000000568000000, 0x0000000568800000, 0x0000000568800000|100%| O|  |TAMS 0x0000000568000000| PB 0x0000000568000000| Untracked |  0
| 209|0x0000000568800000, 0x0000000569000000, 0x0000000569000000|100%| O|  |TAMS 0x0000000568800000| PB 0x0000000568800000| Untracked |  0
| 210|0x0000000569000000, 0x0000000569800000, 0x0000000569800000|100%| O|  |TAMS 0x0000000569000000| PB 0x0000000569000000| Untracked |  0
| 211|0x0000000569800000, 0x000000056a000000, 0x000000056a000000|100%| O|  |TAMS 0x0000000569800000| PB 0x0000000569800000| Untracked |  0
| 212|0x000000056a000000, 0x000000056a800000, 0x000000056a800000|100%| O|  |TAMS 0x000000056a000000| PB 0x000000056a000000| Untracked |  0
| 213|0x000000056a800000, 0x000000056b000000, 0x000000056b000000|100%| O|  |TAMS 0x000000056a800000| PB 0x000000056a800000| Untracked |  0
| 214|0x000000056b000000, 0x000000056b800000, 0x000000056b800000|100%| O|  |TAMS 0x000000056b000000| PB 0x000000056b000000| Untracked |  0
| 215|0x000000056b800000, 0x000000056c000000, 0x000000056c000000|100%| O|  |TAMS 0x000000056b800000| PB 0x000000056b800000| Untracked |  0
| 216|0x000000056c000000, 0x000000056c800000, 0x000000056c800000|100%| O|  |TAMS 0x000000056c000000| PB 0x000000056c000000| Untracked |  0
| 217|0x000000056c800000, 0x000000056cffffe8, 0x000000056d000000| 99%| O|  |TAMS 0x000000056c800000| PB 0x000000056c800000| Untracked |  0
| 218|0x000000056d000000, 0x000000056d800000, 0x000000056d800000|100%| O|  |TAMS 0x000000056d000000| PB 0x000000056d000000| Untracked |  0
| 219|0x000000056d800000, 0x000000056e000000, 0x000000056e000000|100%| O|  |TAMS 0x000000056d800000| PB 0x000000056d800000| Untracked |  0
| 220|0x000000056e000000, 0x000000056e800000, 0x000000056e800000|100%| O|  |TAMS 0x000000056e000000| PB 0x000000056e000000| Untracked |  0
| 221|0x000000056e800000, 0x000000056f000000, 0x000000056f000000|100%| O|  |TAMS 0x000000056e800000| PB 0x000000056e800000| Untracked |  0
| 222|0x000000056f000000, 0x000000056f800000, 0x000000056f800000|100%| O|  |TAMS 0x000000056f000000| PB 0x000000056f000000| Untracked |  0
| 223|0x000000056f800000, 0x0000000570000000, 0x0000000570000000|100%| O|  |TAMS 0x000000056f800000| PB 0x000000056f800000| Untracked |  0
| 224|0x0000000570000000, 0x0000000570800000, 0x0000000570800000|100%| O|  |TAMS 0x0000000570000000| PB 0x0000000570000000| Untracked |  0
| 225|0x0000000570800000, 0x0000000571000000, 0x0000000571000000|100%| O|  |TAMS 0x0000000570800000| PB 0x0000000570800000| Untracked |  0
| 226|0x0000000571000000, 0x0000000571800000, 0x0000000571800000|100%| O|  |TAMS 0x0000000571000000| PB 0x0000000571000000| Untracked |  0
| 227|0x0000000571800000, 0x0000000572000000, 0x0000000572000000|100%| O|  |TAMS 0x0000000571800000| PB 0x0000000571800000| Untracked |  0
| 228|0x0000000572000000, 0x00000005727ffed8, 0x0000000572800000| 99%| O|  |TAMS 0x0000000572000000| PB 0x0000000572000000| Untracked |  0
| 229|0x0000000572800000, 0x0000000573000000, 0x0000000573000000|100%| O|  |TAMS 0x0000000572800000| PB 0x0000000572800000| Untracked |  0
| 230|0x0000000573000000, 0x0000000573800000, 0x0000000573800000|100%| O|  |TAMS 0x0000000573000000| PB 0x0000000573000000| Untracked |  0
| 231|0x0000000573800000, 0x0000000574000000, 0x0000000574000000|100%| O|  |TAMS 0x0000000573800000| PB 0x0000000573800000| Untracked |  0
| 232|0x0000000574000000, 0x0000000574800000, 0x0000000574800000|100%| O|  |TAMS 0x0000000574000000| PB 0x0000000574000000| Untracked |  0
| 233|0x0000000574800000, 0x0000000575000000, 0x0000000575000000|100%| O|  |TAMS 0x0000000574800000| PB 0x0000000574800000| Untracked |  0
| 234|0x0000000575000000, 0x0000000575800000, 0x0000000575800000|100%| O|  |TAMS 0x0000000575000000| PB 0x0000000575000000| Untracked |  0
| 235|0x0000000575800000, 0x0000000576000000, 0x0000000576000000|100%| O|  |TAMS 0x0000000575800000| PB 0x0000000575800000| Untracked |  0
| 236|0x0000000576000000, 0x0000000576800000, 0x0000000576800000|100%| O|  |TAMS 0x0000000576000000| PB 0x0000000576000000| Untracked |  0
| 237|0x0000000576800000, 0x0000000577000000, 0x0000000577000000|100%| O|  |TAMS 0x0000000576800000| PB 0x0000000576800000| Untracked |  0
| 238|0x0000000577000000, 0x0000000577800000, 0x0000000577800000|100%| O|  |TAMS 0x0000000577000000| PB 0x0000000577000000| Untracked |  0
| 239|0x0000000577800000, 0x0000000578000000, 0x0000000578000000|100%| O|  |TAMS 0x0000000577800000| PB 0x0000000577800000| Untracked |  0
| 240|0x0000000578000000, 0x0000000578800000, 0x0000000578800000|100%| O|  |TAMS 0x0000000578000000| PB 0x0000000578000000| Untracked |  0
| 241|0x0000000578800000, 0x0000000579000000, 0x0000000579000000|100%| O|  |TAMS 0x0000000578800000| PB 0x0000000578800000| Untracked |  0
| 242|0x0000000579000000, 0x0000000579800000, 0x0000000579800000|100%| O|  |TAMS 0x0000000579000000| PB 0x0000000579000000| Untracked |  0
| 243|0x0000000579800000, 0x000000057a000000, 0x000000057a000000|100%| O|  |TAMS 0x0000000579800000| PB 0x0000000579800000| Untracked |  0
| 244|0x000000057a000000, 0x000000057a800000, 0x000000057a800000|100%| O|  |TAMS 0x000000057a000000| PB 0x000000057a000000| Untracked |  0
| 245|0x000000057a800000, 0x000000057b000000, 0x000000057b000000|100%| O|  |TAMS 0x000000057a800000| PB 0x000000057a800000| Untracked |  0
| 246|0x000000057b000000, 0x000000057b800000, 0x000000057b800000|100%| O|  |TAMS 0x000000057b000000| PB 0x000000057b000000| Untracked |  0
| 247|0x000000057b800000, 0x000000057c000000, 0x000000057c000000|100%| O|  |TAMS 0x000000057b800000| PB 0x000000057b800000| Untracked |  0
| 248|0x000000057c000000, 0x000000057c800000, 0x000000057c800000|100%| O|  |TAMS 0x000000057c000000| PB 0x000000057c000000| Untracked |  0
| 249|0x000000057c800000, 0x000000057d000000, 0x000000057d000000|100%| O|  |TAMS 0x000000057c800000| PB 0x000000057c800000| Untracked |  0
| 250|0x000000057d000000, 0x000000057d800000, 0x000000057d800000|100%| O|  |TAMS 0x000000057d000000| PB 0x000000057d000000| Untracked |  0
| 251|0x000000057d800000, 0x000000057e000000, 0x000000057e000000|100%| O|  |TAMS 0x000000057d800000| PB 0x000000057d800000| Untracked |  0
| 252|0x000000057e000000, 0x000000057e800000, 0x000000057e800000|100%| O|  |TAMS 0x000000057e000000| PB 0x000000057e000000| Untracked |  0
| 253|0x000000057e800000, 0x000000057f000000, 0x000000057f000000|100%| O|  |TAMS 0x000000057e800000| PB 0x000000057e800000| Untracked |  0
| 254|0x000000057f000000, 0x000000057f800000, 0x000000057f800000|100%| O|  |TAMS 0x000000057f000000| PB 0x000000057f000000| Untracked |  0
| 255|0x000000057f800000, 0x0000000580000000, 0x0000000580000000|100%| O|  |TAMS 0x000000057f800000| PB 0x000000057f800000| Untracked |  0
| 256|0x0000000580000000, 0x0000000580800000, 0x0000000580800000|100%| O|  |TAMS 0x0000000580000000| PB 0x0000000580000000| Untracked |  0
| 257|0x0000000580800000, 0x0000000581000000, 0x0000000581000000|100%| O|  |TAMS 0x0000000580800000| PB 0x0000000580800000| Untracked |  0
| 258|0x0000000581000000, 0x0000000581800000, 0x0000000581800000|100%| O|  |TAMS 0x0000000581000000| PB 0x0000000581000000| Untracked |  0
| 259|0x0000000581800000, 0x0000000582000000, 0x0000000582000000|100%| O|  |TAMS 0x0000000581800000| PB 0x0000000581800000| Untracked |  0
| 260|0x0000000582000000, 0x0000000582800000, 0x0000000582800000|100%| O|  |TAMS 0x0000000582000000| PB 0x0000000582000000| Untracked |  0
| 261|0x0000000582800000, 0x0000000582ffffe8, 0x0000000583000000| 99%| O|  |TAMS 0x0000000582800000| PB 0x0000000582800000| Untracked |  0
| 262|0x0000000583000000, 0x0000000583800000, 0x0000000583800000|100%| O|  |TAMS 0x0000000583000000| PB 0x0000000583000000| Untracked |  0
| 263|0x0000000583800000, 0x0000000584000000, 0x0000000584000000|100%| O|  |TAMS 0x0000000583800000| PB 0x0000000583800000| Untracked |  0
| 264|0x0000000584000000, 0x0000000584800000, 0x0000000584800000|100%| O|  |TAMS 0x0000000584000000| PB 0x0000000584000000| Untracked |  0
| 265|0x0000000584800000, 0x0000000585000000, 0x0000000585000000|100%| O|  |TAMS 0x0000000584800000| PB 0x0000000584800000| Untracked |  0
| 266|0x0000000585000000, 0x0000000585800000, 0x0000000585800000|100%| O|  |TAMS 0x0000000585000000| PB 0x0000000585000000| Untracked |  0
| 267|0x0000000585800000, 0x0000000586000000, 0x0000000586000000|100%| O|  |TAMS 0x0000000585800000| PB 0x0000000585800000| Untracked |  0
| 268|0x0000000586000000, 0x0000000586800000, 0x0000000586800000|100%| O|  |TAMS 0x0000000586000000| PB 0x0000000586000000| Untracked |  0
| 269|0x0000000586800000, 0x0000000587000000, 0x0000000587000000|100%| O|  |TAMS 0x0000000586800000| PB 0x0000000586800000| Untracked |  0
| 270|0x0000000587000000, 0x0000000587800000, 0x0000000587800000|100%| O|  |TAMS 0x0000000587000000| PB 0x0000000587000000| Untracked |  0
| 271|0x0000000587800000, 0x0000000588000000, 0x0000000588000000|100%| O|  |TAMS 0x0000000587800000| PB 0x0000000587800000| Untracked |  0
| 272|0x0000000588000000, 0x0000000588800000, 0x0000000588800000|100%| O|  |TAMS 0x0000000588000000| PB 0x0000000588000000| Untracked |  0
| 273|0x0000000588800000, 0x0000000589000000, 0x0000000589000000|100%| O|  |TAMS 0x0000000588800000| PB 0x0000000588800000| Untracked |  0
| 274|0x0000000589000000, 0x0000000589800000, 0x0000000589800000|100%| O|  |TAMS 0x0000000589000000| PB 0x0000000589000000| Untracked |  0
| 275|0x0000000589800000, 0x000000058a000000, 0x000000058a000000|100%| O|  |TAMS 0x0000000589800000| PB 0x0000000589800000| Untracked |  0
| 276|0x000000058a000000, 0x000000058a800000, 0x000000058a800000|100%| O|  |TAMS 0x000000058a000000| PB 0x000000058a000000| Untracked |  0
| 277|0x000000058a800000, 0x000000058b000000, 0x000000058b000000|100%| O|  |TAMS 0x000000058a800000| PB 0x000000058a800000| Untracked |  0
| 278|0x000000058b000000, 0x000000058b800000, 0x000000058b800000|100%| O|  |TAMS 0x000000058b000000| PB 0x000000058b000000| Untracked |  0
| 279|0x000000058b800000, 0x000000058c000000, 0x000000058c000000|100%| O|  |TAMS 0x000000058b800000| PB 0x000000058b800000| Untracked |  0
| 280|0x000000058c000000, 0x000000058c800000, 0x000000058c800000|100%| O|  |TAMS 0x000000058c000000| PB 0x000000058c000000| Untracked |  0
| 281|0x000000058c800000, 0x000000058d000000, 0x000000058d000000|100%| O|  |TAMS 0x000000058c800000| PB 0x000000058c800000| Untracked |  0
| 282|0x000000058d000000, 0x000000058d800000, 0x000000058d800000|100%| O|  |TAMS 0x000000058d000000| PB 0x000000058d000000| Untracked |  0
| 283|0x000000058d800000, 0x000000058e000000, 0x000000058e000000|100%| O|  |TAMS 0x000000058d800000| PB 0x000000058d800000| Untracked |  0
| 284|0x000000058e000000, 0x000000058e800000, 0x000000058e800000|100%| O|  |TAMS 0x000000058e000000| PB 0x000000058e000000| Untracked |  0
| 285|0x000000058e800000, 0x000000058f000000, 0x000000058f000000|100%| O|  |TAMS 0x000000058e800000| PB 0x000000058e800000| Untracked |  0
| 286|0x000000058f000000, 0x000000058f800000, 0x000000058f800000|100%| O|  |TAMS 0x000000058f000000| PB 0x000000058f000000| Untracked |  0
| 287|0x000000058f800000, 0x0000000590000000, 0x0000000590000000|100%| O|  |TAMS 0x000000058f800000| PB 0x000000058f800000| Untracked |  0
| 288|0x0000000590000000, 0x0000000590800000, 0x0000000590800000|100%| O|  |TAMS 0x0000000590000000| PB 0x0000000590000000| Untracked |  0
| 289|0x0000000590800000, 0x0000000591000000, 0x0000000591000000|100%| O|  |TAMS 0x0000000590800000| PB 0x0000000590800000| Untracked |  0
| 290|0x0000000591000000, 0x0000000591800000, 0x0000000591800000|100%| O|  |TAMS 0x0000000591000000| PB 0x0000000591000000| Untracked |  0
| 291|0x0000000591800000, 0x0000000592000000, 0x0000000592000000|100%| O|  |TAMS 0x0000000591800000| PB 0x0000000591800000| Untracked |  0
| 292|0x0000000592000000, 0x0000000592800000, 0x0000000592800000|100%| O|  |TAMS 0x0000000592000000| PB 0x0000000592000000| Untracked |  0
| 293|0x0000000592800000, 0x0000000593000000, 0x0000000593000000|100%| O|  |TAMS 0x0000000592800000| PB 0x0000000592800000| Untracked |  0
| 294|0x0000000593000000, 0x0000000593800000, 0x0000000593800000|100%| O|  |TAMS 0x0000000593000000| PB 0x0000000593000000| Untracked |  0
| 295|0x0000000593800000, 0x0000000594000000, 0x0000000594000000|100%| O|  |TAMS 0x0000000593800000| PB 0x0000000593800000| Untracked |  0
| 296|0x0000000594000000, 0x0000000594800000, 0x0000000594800000|100%| O|  |TAMS 0x0000000594000000| PB 0x0000000594000000| Untracked |  0
| 297|0x0000000594800000, 0x0000000595000000, 0x0000000595000000|100%| O|  |TAMS 0x0000000594800000| PB 0x0000000594800000| Untracked |  0
| 298|0x0000000595000000, 0x0000000595800000, 0x0000000595800000|100%| O|  |TAMS 0x0000000595000000| PB 0x0000000595000000| Untracked |  0
| 299|0x0000000595800000, 0x0000000596000000, 0x0000000596000000|100%| O|  |TAMS 0x0000000595800000| PB 0x0000000595800000| Untracked |  0
| 300|0x0000000596000000, 0x0000000596800000, 0x0000000596800000|100%| O|  |TAMS 0x0000000596000000| PB 0x0000000596000000| Untracked |  0
| 301|0x0000000596800000, 0x0000000596ffffe8, 0x0000000597000000| 99%| O|  |TAMS 0x0000000596800000| PB 0x0000000596800000| Untracked |  0
| 302|0x0000000597000000, 0x0000000597800000, 0x0000000597800000|100%| O|  |TAMS 0x0000000597000000| PB 0x0000000597000000| Untracked |  0
| 303|0x0000000597800000, 0x0000000598000000, 0x0000000598000000|100%| O|  |TAMS 0x0000000597800000| PB 0x0000000597800000| Untracked |  0
| 304|0x0000000598000000, 0x0000000598800000, 0x0000000598800000|100%| O|  |TAMS 0x0000000598000000| PB 0x0000000598000000| Untracked |  0
| 305|0x0000000598800000, 0x0000000599000000, 0x0000000599000000|100%| O|  |TAMS 0x0000000598800000| PB 0x0000000598800000| Untracked |  0
| 306|0x0000000599000000, 0x0000000599800000, 0x0000000599800000|100%| O|  |TAMS 0x0000000599000000| PB 0x0000000599000000| Untracked |  0
| 307|0x0000000599800000, 0x000000059a000000, 0x000000059a000000|100%| O|  |TAMS 0x0000000599800000| PB 0x0000000599800000| Untracked |  0
| 308|0x000000059a000000, 0x000000059a800000, 0x000000059a800000|100%| O|  |TAMS 0x000000059a000000| PB 0x000000059a000000| Untracked |  0
| 309|0x000000059a800000, 0x000000059b000000, 0x000000059b000000|100%| O|  |TAMS 0x000000059a800000| PB 0x000000059a800000| Untracked |  0
| 310|0x000000059b000000, 0x000000059b800000, 0x000000059b800000|100%| O|  |TAMS 0x000000059b000000| PB 0x000000059b000000| Untracked |  0
| 311|0x000000059b800000, 0x000000059c000000, 0x000000059c000000|100%| O|  |TAMS 0x000000059b800000| PB 0x000000059b800000| Untracked |  0
| 312|0x000000059c000000, 0x000000059c800000, 0x000000059c800000|100%| O|  |TAMS 0x000000059c000000| PB 0x000000059c000000| Untracked |  0
| 313|0x000000059c800000, 0x000000059d000000, 0x000000059d000000|100%| O|  |TAMS 0x000000059c800000| PB 0x000000059c800000| Untracked |  0
| 314|0x000000059d000000, 0x000000059d800000, 0x000000059d800000|100%| O|  |TAMS 0x000000059d000000| PB 0x000000059d000000| Untracked |  0
| 315|0x000000059d800000, 0x000000059e000000, 0x000000059e000000|100%| O|  |TAMS 0x000000059d800000| PB 0x000000059d800000| Untracked |  0
| 316|0x000000059e000000, 0x000000059e800000, 0x000000059e800000|100%| O|  |TAMS 0x000000059e000000| PB 0x000000059e000000| Untracked |  0
| 317|0x000000059e800000, 0x000000059f000000, 0x000000059f000000|100%| O|  |TAMS 0x000000059e800000| PB 0x000000059e800000| Untracked |  0
| 318|0x000000059f000000, 0x000000059f7fffe8, 0x000000059f800000| 99%| O|  |TAMS 0x000000059f000000| PB 0x000000059f000000| Untracked |  0
| 319|0x000000059f800000, 0x000000059ffffff0, 0x00000005a0000000| 99%| O|  |TAMS 0x000000059f800000| PB 0x000000059f800000| Untracked |  0
| 320|0x00000005a0000000, 0x00000005a0800000, 0x00000005a0800000|100%| O|  |TAMS 0x00000005a0000000| PB 0x00000005a0000000| Untracked |  0
| 321|0x00000005a0800000, 0x00000005a1000000, 0x00000005a1000000|100%| O|  |TAMS 0x00000005a0800000| PB 0x00000005a0800000| Untracked |  0
| 322|0x00000005a1000000, 0x00000005a1800000, 0x00000005a1800000|100%|HS|  |TAMS 0x00000005a1000000| PB 0x00000005a1000000| Untracked |  0
| 323|0x00000005a1800000, 0x00000005a2000000, 0x00000005a2000000|100%|HS|  |TAMS 0x00000005a1800000| PB 0x00000005a1800000| Untracked |  0
| 324|0x00000005a2000000, 0x00000005a2800000, 0x00000005a2800000|100%| O|  |TAMS 0x00000005a2000000| PB 0x00000005a2000000| Untracked |  0
| 325|0x00000005a2800000, 0x00000005a3000000, 0x00000005a3000000|100%| O|  |TAMS 0x00000005a2800000| PB 0x00000005a2800000| Untracked |  0
| 326|0x00000005a3000000, 0x00000005a3800000, 0x00000005a3800000|100%| O|  |TAMS 0x00000005a3000000| PB 0x00000005a3000000| Untracked |  0
| 327|0x00000005a3800000, 0x00000005a4000000, 0x00000005a4000000|100%| O|  |TAMS 0x00000005a3800000| PB 0x00000005a3800000| Untracked |  0
| 328|0x00000005a4000000, 0x00000005a47ffdd8, 0x00000005a4800000| 99%| O|  |TAMS 0x00000005a4000000| PB 0x00000005a4000000| Untracked |  0
| 329|0x00000005a4800000, 0x00000005a4fffff0, 0x00000005a5000000| 99%| O|  |TAMS 0x00000005a4800000| PB 0x00000005a4800000| Untracked |  0
| 330|0x00000005a5000000, 0x00000005a5800000, 0x00000005a5800000|100%| O|  |TAMS 0x00000005a5000000| PB 0x00000005a5000000| Untracked |  0
| 331|0x00000005a5800000, 0x00000005a6000000, 0x00000005a6000000|100%| O|  |TAMS 0x00000005a5800000| PB 0x00000005a5800000| Untracked |  0
| 332|0x00000005a6000000, 0x00000005a6800000, 0x00000005a6800000|100%| O|  |TAMS 0x00000005a6000000| PB 0x00000005a6000000| Untracked |  0
| 333|0x00000005a6800000, 0x00000005a7000000, 0x00000005a7000000|100%| O|  |TAMS 0x00000005a6800000| PB 0x00000005a6800000| Untracked |  0
| 334|0x00000005a7000000, 0x00000005a7800000, 0x00000005a7800000|100%| O|  |TAMS 0x00000005a7000000| PB 0x00000005a7000000| Untracked |  0
| 335|0x00000005a7800000, 0x00000005a8000000, 0x00000005a8000000|100%| O|  |TAMS 0x00000005a7800000| PB 0x00000005a7800000| Untracked |  0
| 336|0x00000005a8000000, 0x00000005a8800000, 0x00000005a8800000|100%| O|  |TAMS 0x00000005a8000000| PB 0x00000005a8000000| Untracked |  0
| 337|0x00000005a8800000, 0x00000005a9000000, 0x00000005a9000000|100%| O|  |TAMS 0x00000005a8800000| PB 0x00000005a8800000| Untracked |  0
| 338|0x00000005a9000000, 0x00000005a97ffbf8, 0x00000005a9800000| 99%| O|  |TAMS 0x00000005a9000000| PB 0x00000005a9000000| Untracked |  0
| 339|0x00000005a9800000, 0x00000005aa000000, 0x00000005aa000000|100%| O|  |TAMS 0x00000005a9800000| PB 0x00000005a9800000| Untracked |  0
| 340|0x00000005aa000000, 0x00000005aa800000, 0x00000005aa800000|100%| O|  |TAMS 0x00000005aa000000| PB 0x00000005aa000000| Untracked |  0
| 341|0x00000005aa800000, 0x00000005ab000000, 0x00000005ab000000|100%| O|  |TAMS 0x00000005aa800000| PB 0x00000005aa800000| Untracked |  0
| 342|0x00000005ab000000, 0x00000005ab800000, 0x00000005ab800000|100%| O|  |TAMS 0x00000005ab000000| PB 0x00000005ab000000| Untracked |  0
| 343|0x00000005ab800000, 0x00000005abfffff8, 0x00000005ac000000| 99%| O|  |TAMS 0x00000005ab800000| PB 0x00000005ab800000| Untracked |  0
| 344|0x00000005ac000000, 0x00000005ac800000, 0x00000005ac800000|100%| O|  |TAMS 0x00000005ac000000| PB 0x00000005ac000000| Untracked |  0
| 345|0x00000005ac800000, 0x00000005ad000000, 0x00000005ad000000|100%| O|  |TAMS 0x00000005ac800000| PB 0x00000005ac800000| Untracked |  0
| 346|0x00000005ad000000, 0x00000005ad800000, 0x00000005ad800000|100%|HS|  |TAMS 0x00000005ad000000| PB 0x00000005ad000000| Complete |  0
| 347|0x00000005ad800000, 0x00000005ae000000, 0x00000005ae000000|100%|HC|  |TAMS 0x00000005ad800000| PB 0x00000005ad800000| Complete |  0
| 348|0x00000005ae000000, 0x00000005ae800000, 0x00000005ae800000|100%|HS|  |TAMS 0x00000005ae000000| PB 0x00000005ae000000| Untracked |  0
| 349|0x00000005ae800000, 0x00000005af000000, 0x00000005af000000|100%|HC|  |TAMS 0x00000005ae800000| PB 0x00000005ae800000| Untracked |  0
| 350|0x00000005af000000, 0x00000005af800000, 0x00000005af800000|100%| O|  |TAMS 0x00000005af000000| PB 0x00000005af000000| Untracked |  0
| 351|0x00000005af800000, 0x00000005b0000000, 0x00000005b0000000|100%| O|  |TAMS 0x00000005af800000| PB 0x00000005af800000| Untracked |  0
| 352|0x00000005b0000000, 0x00000005b0800000, 0x00000005b0800000|100%| O|  |TAMS 0x00000005b0000000| PB 0x00000005b0000000| Untracked |  0
| 353|0x00000005b0800000, 0x00000005b1000000, 0x00000005b1000000|100%| O|  |TAMS 0x00000005b0800000| PB 0x00000005b0800000| Untracked |  0
| 354|0x00000005b1000000, 0x00000005b1800000, 0x00000005b1800000|100%| O|  |TAMS 0x00000005b1000000| PB 0x00000005b1000000| Untracked |  0
| 355|0x00000005b1800000, 0x00000005b2000000, 0x00000005b2000000|100%| O|  |TAMS 0x00000005b1800000| PB 0x00000005b1800000| Untracked |  0
| 356|0x00000005b2000000, 0x00000005b2800000, 0x00000005b2800000|100%| O|  |TAMS 0x00000005b2000000| PB 0x00000005b2000000| Untracked |  0
| 357|0x00000005b2800000, 0x00000005b3000000, 0x00000005b3000000|100%| O|  |TAMS 0x00000005b2800000| PB 0x00000005b2800000| Untracked |  0
| 358|0x00000005b3000000, 0x00000005b3800000, 0x00000005b3800000|100%| O|  |TAMS 0x00000005b3000000| PB 0x00000005b3000000| Untracked |  0
| 359|0x00000005b3800000, 0x00000005b4000000, 0x00000005b4000000|100%| O|  |TAMS 0x00000005b3800000| PB 0x00000005b3800000| Untracked |  0
| 360|0x00000005b4000000, 0x00000005b4800000, 0x00000005b4800000|100%| O|  |TAMS 0x00000005b4000000| PB 0x00000005b4000000| Untracked |  0
| 361|0x00000005b4800000, 0x00000005b5000000, 0x00000005b5000000|100%| O|  |TAMS 0x00000005b4800000| PB 0x00000005b4800000| Untracked |  0
| 362|0x00000005b5000000, 0x00000005b5800000, 0x00000005b5800000|100%| O|  |TAMS 0x00000005b5000000| PB 0x00000005b5000000| Untracked |  0
| 363|0x00000005b5800000, 0x00000005b6000000, 0x00000005b6000000|100%| O|  |TAMS 0x00000005b5800000| PB 0x00000005b5800000| Untracked |  0
| 364|0x00000005b6000000, 0x00000005b6800000, 0x00000005b6800000|100%| O|  |TAMS 0x00000005b6000000| PB 0x00000005b6000000| Untracked |  0
| 365|0x00000005b6800000, 0x00000005b6fffff8, 0x00000005b7000000| 99%| O|  |TAMS 0x00000005b6800000| PB 0x00000005b6800000| Untracked |  0
| 366|0x00000005b7000000, 0x00000005b77fe228, 0x00000005b7800000| 99%| O|  |TAMS 0x00000005b7000000| PB 0x00000005b7000000| Untracked |  0
| 367|0x00000005b7800000, 0x00000005b8000000, 0x00000005b8000000|100%| O|  |TAMS 0x00000005b7800000| PB 0x00000005b7800000| Untracked |  0
| 368|0x00000005b8000000, 0x00000005b8800000, 0x00000005b8800000|100%| O|  |TAMS 0x00000005b8000000| PB 0x00000005b8000000| Untracked |  0
| 369|0x00000005b8800000, 0x00000005b9000000, 0x00000005b9000000|100%| O|  |TAMS 0x00000005b8800000| PB 0x00000005b8800000| Untracked |  0
| 370|0x00000005b9000000, 0x00000005b9800000, 0x00000005b9800000|100%| O|  |TAMS 0x00000005b9000000| PB 0x00000005b9000000| Untracked |  0
| 371|0x00000005b9800000, 0x00000005ba000000, 0x00000005ba000000|100%| O|  |TAMS 0x00000005b9800000| PB 0x00000005b9800000| Untracked |  0
| 372|0x00000005ba000000, 0x00000005ba800000, 0x00000005ba800000|100%| O|  |TAMS 0x00000005ba000000| PB 0x00000005ba000000| Untracked |  0
| 373|0x00000005ba800000, 0x00000005bb000000, 0x00000005bb000000|100%| O|  |TAMS 0x00000005ba800000| PB 0x00000005ba800000| Untracked |  0
| 374|0x00000005bb000000, 0x00000005bb800000, 0x00000005bb800000|100%| O|  |TAMS 0x00000005bb000000| PB 0x00000005bb000000| Untracked |  0
| 375|0x00000005bb800000, 0x00000005bc000000, 0x00000005bc000000|100%| O|  |TAMS 0x00000005bb800000| PB 0x00000005bb800000| Untracked |  0
| 376|0x00000005bc000000, 0x00000005bc800000, 0x00000005bc800000|100%| O|  |TAMS 0x00000005bc000000| PB 0x00000005bc000000| Untracked |  0
| 377|0x00000005bc800000, 0x00000005bd000000, 0x00000005bd000000|100%| O|  |TAMS 0x00000005bc800000| PB 0x00000005bc800000| Untracked |  0
| 378|0x00000005bd000000, 0x00000005bd7fffe0, 0x00000005bd800000| 99%| O|  |TAMS 0x00000005bd000000| PB 0x00000005bd000000| Untracked |  0
| 379|0x00000005bd800000, 0x00000005be000000, 0x00000005be000000|100%| O|  |TAMS 0x00000005bd800000| PB 0x00000005bd800000| Untracked |  0
| 380|0x00000005be000000, 0x00000005be800000, 0x00000005be800000|100%| O|  |TAMS 0x00000005be000000| PB 0x00000005be000000| Untracked |  0
| 381|0x00000005be800000, 0x00000005bf000000, 0x00000005bf000000|100%| O|  |TAMS 0x00000005be800000| PB 0x00000005be800000| Untracked |  0
| 382|0x00000005bf000000, 0x00000005bf800000, 0x00000005bf800000|100%| O|  |TAMS 0x00000005bf000000| PB 0x00000005bf000000| Untracked |  0
| 383|0x00000005bf800000, 0x00000005bffe6be8, 0x00000005c0000000| 98%| O|  |TAMS 0x00000005bf800000| PB 0x00000005bf800000| Untracked |  0
| 384|0x00000005c0000000, 0x00000005c0800000, 0x00000005c0800000|100%| O|  |TAMS 0x00000005c0000000| PB 0x00000005c0000000| Untracked |  0
| 385|0x00000005c0800000, 0x00000005c1000000, 0x00000005c1000000|100%| O|  |TAMS 0x00000005c0800000| PB 0x00000005c0800000| Untracked |  0
| 386|0x00000005c1000000, 0x00000005c1800000, 0x00000005c1800000|100%| O|  |TAMS 0x00000005c1000000| PB 0x00000005c1000000| Untracked |  0
| 387|0x00000005c1800000, 0x00000005c2000000, 0x00000005c2000000|100%| O|  |TAMS 0x00000005c1800000| PB 0x00000005c1800000| Untracked |  0
| 388|0x00000005c2000000, 0x00000005c2800000, 0x00000005c2800000|100%| O|  |TAMS 0x00000005c2000000| PB 0x00000005c2000000| Untracked |  0
| 389|0x00000005c2800000, 0x00000005c3000000, 0x00000005c3000000|100%| O|  |TAMS 0x00000005c2800000| PB 0x00000005c2800000| Untracked |  0
| 390|0x00000005c3000000, 0x00000005c3800000, 0x00000005c3800000|100%| O|  |TAMS 0x00000005c3000000| PB 0x00000005c3000000| Untracked |  0
| 391|0x00000005c3800000, 0x00000005c4000000, 0x00000005c4000000|100%| O|  |TAMS 0x00000005c3800000| PB 0x00000005c3800000| Untracked |  0
| 392|0x00000005c4000000, 0x00000005c47fffe8, 0x00000005c4800000| 99%| O|  |TAMS 0x00000005c4000000| PB 0x00000005c4000000| Untracked |  0
| 393|0x00000005c4800000, 0x00000005c4fffff8, 0x00000005c5000000| 99%| O|  |TAMS 0x00000005c4800000| PB 0x00000005c4800000| Untracked |  0
| 394|0x00000005c5000000, 0x00000005c57f7df0, 0x00000005c5800000| 99%| O|  |TAMS 0x00000005c5000000| PB 0x00000005c5000000| Untracked |  0
| 395|0x00000005c5800000, 0x00000005c6000000, 0x00000005c6000000|100%| O|  |TAMS 0x00000005c5800000| PB 0x00000005c5800000| Untracked |  0
| 396|0x00000005c6000000, 0x00000005c6800000, 0x00000005c6800000|100%| O|  |TAMS 0x00000005c6000000| PB 0x00000005c6000000| Untracked |  0
| 397|0x00000005c6800000, 0x00000005c6ffffd8, 0x00000005c7000000| 99%| O|  |TAMS 0x00000005c6800000| PB 0x00000005c6800000| Untracked |  0
| 398|0x00000005c7000000, 0x00000005c77ffff8, 0x00000005c7800000| 99%| O|  |TAMS 0x00000005c7000000| PB 0x00000005c7000000| Untracked |  0
| 399|0x00000005c7800000, 0x00000005c7fffff8, 0x00000005c8000000| 99%| O|  |TAMS 0x00000005c7800000| PB 0x00000005c7800000| Untracked |  0
| 400|0x00000005c8000000, 0x00000005c8800000, 0x00000005c8800000|100%| O|  |TAMS 0x00000005c8000000| PB 0x00000005c8000000| Untracked |  0
| 401|0x00000005c8800000, 0x00000005c8fffff0, 0x00000005c9000000| 99%| O|  |TAMS 0x00000005c8800000| PB 0x00000005c8800000| Untracked |  0
| 402|0x00000005c9000000, 0x00000005c97ff818, 0x00000005c9800000| 99%| O|  |TAMS 0x00000005c9000000| PB 0x00000005c9000000| Untracked |  0
| 403|0x00000005c9800000, 0x00000005ca000000, 0x00000005ca000000|100%| O|  |TAMS 0x00000005c9800000| PB 0x00000005c9800000| Untracked |  0
| 404|0x00000005ca000000, 0x00000005ca800000, 0x00000005ca800000|100%| O|  |TAMS 0x00000005ca000000| PB 0x00000005ca000000| Untracked |  0
| 405|0x00000005ca800000, 0x00000005cb000000, 0x00000005cb000000|100%| O|  |TAMS 0x00000005ca800000| PB 0x00000005ca800000| Untracked |  0
| 406|0x00000005cb000000, 0x00000005cb800000, 0x00000005cb800000|100%| O|  |TAMS 0x00000005cb000000| PB 0x00000005cb000000| Untracked |  0
| 407|0x00000005cb800000, 0x00000005cc000000, 0x00000005cc000000|100%| O|  |TAMS 0x00000005cb800000| PB 0x00000005cb800000| Untracked |  0
| 408|0x00000005cc000000, 0x00000005cc800000, 0x00000005cc800000|100%| O|  |TAMS 0x00000005cc000000| PB 0x00000005cc000000| Untracked |  0
| 409|0x00000005cc800000, 0x00000005cd000000, 0x00000005cd000000|100%| O|  |TAMS 0x00000005cc800000| PB 0x00000005cc800000| Untracked |  0
| 410|0x00000005cd000000, 0x00000005cd800000, 0x00000005cd800000|100%| O|  |TAMS 0x00000005cd000000| PB 0x00000005cd000000| Untracked |  0
| 411|0x00000005cd800000, 0x00000005ce000000, 0x00000005ce000000|100%| O|  |TAMS 0x00000005cd800000| PB 0x00000005cd800000| Untracked |  0
| 412|0x00000005ce000000, 0x00000005ce800000, 0x00000005ce800000|100%| O|  |TAMS 0x00000005ce000000| PB 0x00000005ce000000| Untracked |  0
| 413|0x00000005ce800000, 0x00000005ceffffe0, 0x00000005cf000000| 99%| O|  |TAMS 0x00000005ce800000| PB 0x00000005ce800000| Untracked |  0
| 414|0x00000005cf000000, 0x00000005cf7ffff8, 0x00000005cf800000| 99%| O|  |TAMS 0x00000005cf000000| PB 0x00000005cf000000| Untracked |  0
| 415|0x00000005cf800000, 0x00000005d0000000, 0x00000005d0000000|100%| O|  |TAMS 0x00000005cf800000| PB 0x00000005cf800000| Untracked |  0
| 416|0x00000005d0000000, 0x00000005d0800000, 0x00000005d0800000|100%| O|  |TAMS 0x00000005d0000000| PB 0x00000005d0000000| Untracked |  0
| 417|0x00000005d0800000, 0x00000005d1000000, 0x00000005d1000000|100%| O|  |TAMS 0x00000005d0800000| PB 0x00000005d0800000| Untracked |  0
| 418|0x00000005d1000000, 0x00000005d1800000, 0x00000005d1800000|100%| O|  |TAMS 0x00000005d1000000| PB 0x00000005d1000000| Untracked |  0
| 419|0x00000005d1800000, 0x00000005d2000000, 0x00000005d2000000|100%| O|  |TAMS 0x00000005d1800000| PB 0x00000005d1800000| Untracked |  0
| 420|0x00000005d2000000, 0x00000005d2800000, 0x00000005d2800000|100%| O|  |TAMS 0x00000005d2000000| PB 0x00000005d2000000| Untracked |  0
| 421|0x00000005d2800000, 0x00000005d3000000, 0x00000005d3000000|100%| O|  |TAMS 0x00000005d2800000| PB 0x00000005d2800000| Untracked |  0
| 422|0x00000005d3000000, 0x00000005d3800000, 0x00000005d3800000|100%| O|  |TAMS 0x00000005d3000000| PB 0x00000005d3000000| Untracked |  0
| 423|0x00000005d3800000, 0x00000005d4000000, 0x00000005d4000000|100%| O|  |TAMS 0x00000005d3800000| PB 0x00000005d3800000| Untracked |  0
| 424|0x00000005d4000000, 0x00000005d4800000, 0x00000005d4800000|100%| O|  |TAMS 0x00000005d4000000| PB 0x00000005d4000000| Untracked |  0
| 425|0x00000005d4800000, 0x00000005d5000000, 0x00000005d5000000|100%| O|  |TAMS 0x00000005d4800000| PB 0x00000005d4800000| Untracked |  0
| 426|0x00000005d5000000, 0x00000005d5800000, 0x00000005d5800000|100%| O|  |TAMS 0x00000005d5000000| PB 0x00000005d5000000| Untracked |  0
| 427|0x00000005d5800000, 0x00000005d6000000, 0x00000005d6000000|100%| O|  |TAMS 0x00000005d5800000| PB 0x00000005d5800000| Untracked |  0
| 428|0x00000005d6000000, 0x00000005d6800000, 0x00000005d6800000|100%| O|  |TAMS 0x00000005d6000000| PB 0x00000005d6000000| Untracked |  0
| 429|0x00000005d6800000, 0x00000005d7000000, 0x00000005d7000000|100%| O|  |TAMS 0x00000005d6800000| PB 0x00000005d6800000| Untracked |  0
| 430|0x00000005d7000000, 0x00000005d7800000, 0x00000005d7800000|100%| O|  |TAMS 0x00000005d7000000| PB 0x00000005d7000000| Untracked |  0
| 431|0x00000005d7800000, 0x00000005d8000000, 0x00000005d8000000|100%| O|  |TAMS 0x00000005d7800000| PB 0x00000005d7800000| Untracked |  0
| 432|0x00000005d8000000, 0x00000005d87ffff8, 0x00000005d8800000| 99%| O|  |TAMS 0x00000005d8000000| PB 0x00000005d8000000| Untracked |  0
| 433|0x00000005d8800000, 0x00000005d9000000, 0x00000005d9000000|100%| O|  |TAMS 0x00000005d8800000| PB 0x00000005d8800000| Untracked |  0
| 434|0x00000005d9000000, 0x00000005d9800000, 0x00000005d9800000|100%| O|  |TAMS 0x00000005d9000000| PB 0x00000005d9000000| Untracked |  0
| 435|0x00000005d9800000, 0x00000005da000000, 0x00000005da000000|100%| O|  |TAMS 0x00000005d9800000| PB 0x00000005d9800000| Untracked |  0
| 436|0x00000005da000000, 0x00000005da7fffd8, 0x00000005da800000| 99%| O|  |TAMS 0x00000005da000000| PB 0x00000005da000000| Untracked |  0
| 437|0x00000005da800000, 0x00000005dafffff0, 0x00000005db000000| 99%| O|  |TAMS 0x00000005da800000| PB 0x00000005da800000| Untracked |  0
| 438|0x00000005db000000, 0x00000005db7ffff0, 0x00000005db800000| 99%| O|  |TAMS 0x00000005db000000| PB 0x00000005db000000| Untracked |  0
| 439|0x00000005db800000, 0x00000005dc000000, 0x00000005dc000000|100%| O|  |TAMS 0x00000005db800000| PB 0x00000005db800000| Untracked |  0
| 440|0x00000005dc000000, 0x00000005dc7ff8c0, 0x00000005dc800000| 99%| O|  |TAMS 0x00000005dc000000| PB 0x00000005dc000000| Untracked |  0
| 441|0x00000005dc800000, 0x00000005dcffffe8, 0x00000005dd000000| 99%| O|  |TAMS 0x00000005dc800000| PB 0x00000005dc800000| Untracked |  0
| 442|0x00000005dd000000, 0x00000005dd7ffff8, 0x00000005dd800000| 99%| O|  |TAMS 0x00000005dd000000| PB 0x00000005dd000000| Untracked |  0
| 443|0x00000005dd800000, 0x00000005ddf28448, 0x00000005de000000| 89%| O|  |TAMS 0x00000005dd800000| PB 0x00000005dd800000| Untracked |  0
| 444|0x00000005de000000, 0x00000005de7fffe8, 0x00000005de800000| 99%| O|  |TAMS 0x00000005de000000| PB 0x00000005de000000| Untracked |  0
| 445|0x00000005de800000, 0x00000005deffffd8, 0x00000005df000000| 99%| O|  |TAMS 0x00000005de800000| PB 0x00000005de800000| Untracked |  0
| 446|0x00000005df000000, 0x00000005df7ffff0, 0x00000005df800000| 99%| O|  |TAMS 0x00000005df000000| PB 0x00000005df000000| Untracked |  0
| 447|0x00000005df800000, 0x00000005e0000000, 0x00000005e0000000|100%| O|  |TAMS 0x00000005df800000| PB 0x00000005df800000| Untracked |  0
| 448|0x00000005e0000000, 0x00000005e0800000, 0x00000005e0800000|100%| O|  |TAMS 0x00000005e0000000| PB 0x00000005e0000000| Untracked |  0
| 449|0x00000005e0800000, 0x00000005e0ffffe0, 0x00000005e1000000| 99%| O|  |TAMS 0x00000005e0800000| PB 0x00000005e0800000| Untracked |  0
| 450|0x00000005e1000000, 0x00000005e17ffeb8, 0x00000005e1800000| 99%| O|  |TAMS 0x00000005e1000000| PB 0x00000005e1000000| Untracked |  0
| 451|0x00000005e1800000, 0x00000005e1800000, 0x00000005e2000000|  0%| F|  |TAMS 0x00000005e1800000| PB 0x00000005e1800000| Untracked |  0
| 452|0x00000005e2000000, 0x00000005e2800000, 0x00000005e2800000|100%|HS|  |TAMS 0x00000005e2000000| PB 0x00000005e2000000| Complete |  0
| 453|0x00000005e2800000, 0x00000005e3000000, 0x00000005e3000000|100%| O|  |TAMS 0x00000005e2800000| PB 0x00000005e2800000| Untracked |  0
| 454|0x00000005e3000000, 0x00000005e3800000, 0x00000005e3800000|100%| O|  |TAMS 0x00000005e3000000| PB 0x00000005e3000000| Untracked |  0
| 455|0x00000005e3800000, 0x00000005e3fffff8, 0x00000005e4000000| 99%| O|  |TAMS 0x00000005e3800000| PB 0x00000005e3800000| Untracked |  0
| 456|0x00000005e4000000, 0x00000005e4800000, 0x00000005e4800000|100%| O|  |TAMS 0x00000005e4000000| PB 0x00000005e4000000| Untracked |  0
| 457|0x00000005e4800000, 0x00000005e5000000, 0x00000005e5000000|100%| O|  |TAMS 0x00000005e4800000| PB 0x00000005e4800000| Untracked |  0
| 458|0x00000005e5000000, 0x00000005e5800000, 0x00000005e5800000|100%| O|  |TAMS 0x00000005e5000000| PB 0x00000005e5000000| Untracked |  0
| 459|0x00000005e5800000, 0x00000005e5ffd748, 0x00000005e6000000| 99%| O|  |TAMS 0x00000005e5800000| PB 0x00000005e5800000| Untracked |  0
| 460|0x00000005e6000000, 0x00000005e6800000, 0x00000005e6800000|100%| O|  |TAMS 0x00000005e6000000| PB 0x00000005e6000000| Untracked |  0
| 461|0x00000005e6800000, 0x00000005e7000000, 0x00000005e7000000|100%| O|  |TAMS 0x00000005e6800000| PB 0x00000005e6800000| Untracked |  0
| 462|0x00000005e7000000, 0x00000005e7800000, 0x00000005e7800000|100%| O|  |TAMS 0x00000005e7000000| PB 0x00000005e7000000| Untracked |  0
| 463|0x00000005e7800000, 0x00000005e8000000, 0x00000005e8000000|100%| O|  |TAMS 0x00000005e7800000| PB 0x00000005e7800000| Untracked |  0
| 464|0x00000005e8000000, 0x00000005e8800000, 0x00000005e8800000|100%| O|  |TAMS 0x00000005e8000000| PB 0x00000005e8000000| Untracked |  0
| 465|0x00000005e8800000, 0x00000005e9000000, 0x00000005e9000000|100%| O|  |TAMS 0x00000005e8800000| PB 0x00000005e8800000| Untracked |  0
| 466|0x00000005e9000000, 0x00000005e9800000, 0x00000005e9800000|100%| O|  |TAMS 0x00000005e9000000| PB 0x00000005e9000000| Untracked |  0
| 467|0x00000005e9800000, 0x00000005ea000000, 0x00000005ea000000|100%| O|  |TAMS 0x00000005e9800000| PB 0x00000005e9800000| Untracked |  0
| 468|0x00000005ea000000, 0x00000005ea800000, 0x00000005ea800000|100%| O|  |TAMS 0x00000005ea000000| PB 0x00000005ea000000| Untracked |  0
| 469|0x00000005ea800000, 0x00000005eb000000, 0x00000005eb000000|100%| O|  |TAMS 0x00000005ea800000| PB 0x00000005ea800000| Untracked |  0
| 470|0x00000005eb000000, 0x00000005eb800000, 0x00000005eb800000|100%| O|  |TAMS 0x00000005eb000000| PB 0x00000005eb000000| Untracked |  0
| 471|0x00000005eb800000, 0x00000005ec000000, 0x00000005ec000000|100%| O|  |TAMS 0x00000005eb800000| PB 0x00000005eb800000| Untracked |  0
| 472|0x00000005ec000000, 0x00000005ec800000, 0x00000005ec800000|100%| O|  |TAMS 0x00000005ec000000| PB 0x00000005ec000000| Untracked |  0
| 473|0x00000005ec800000, 0x00000005ed000000, 0x00000005ed000000|100%| O|  |TAMS 0x00000005ec800000| PB 0x00000005ec800000| Untracked |  0
| 474|0x00000005ed000000, 0x00000005ed800000, 0x00000005ed800000|100%| O|  |TAMS 0x00000005ed000000| PB 0x00000005ed000000| Untracked |  0
| 475|0x00000005ed800000, 0x00000005ee000000, 0x00000005ee000000|100%| O|  |TAMS 0x00000005ed800000| PB 0x00000005ed800000| Untracked |  0
| 476|0x00000005ee000000, 0x00000005ee800000, 0x00000005ee800000|100%| O|  |TAMS 0x00000005ee000000| PB 0x00000005ee000000| Untracked |  0
| 477|0x00000005ee800000, 0x00000005ef000000, 0x00000005ef000000|100%| O|  |TAMS 0x00000005ee800000| PB 0x00000005ee800000| Untracked |  0
| 478|0x00000005ef000000, 0x00000005ef800000, 0x00000005ef800000|100%| O|  |TAMS 0x00000005ef000000| PB 0x00000005ef000000| Untracked |  0
| 479|0x00000005ef800000, 0x00000005f0000000, 0x00000005f0000000|100%| O|  |TAMS 0x00000005ef800000| PB 0x00000005ef800000| Untracked |  0
| 480|0x00000005f0000000, 0x00000005f0800000, 0x00000005f0800000|100%| O|  |TAMS 0x00000005f0000000| PB 0x00000005f0000000| Untracked |  0
| 481|0x00000005f0800000, 0x00000005f1000000, 0x00000005f1000000|100%| O|  |TAMS 0x00000005f0800000| PB 0x00000005f0800000| Untracked |  0
| 482|0x00000005f1000000, 0x00000005f17ffd78, 0x00000005f1800000| 99%| O|  |TAMS 0x00000005f1000000| PB 0x00000005f1000000| Untracked |  0
| 483|0x00000005f1800000, 0x00000005f2000000, 0x00000005f2000000|100%|HS|  |TAMS 0x00000005f1800000| PB 0x00000005f1800000| Complete |  0
| 484|0x00000005f2000000, 0x00000005f2800000, 0x00000005f2800000|100%|HC|  |TAMS 0x00000005f2000000| PB 0x00000005f2000000| Complete |  0
| 485|0x00000005f2800000, 0x00000005f3000000, 0x00000005f3000000|100%|HC|  |TAMS 0x00000005f2800000| PB 0x00000005f2800000| Complete |  0
| 486|0x00000005f3000000, 0x00000005f3800000, 0x00000005f3800000|100%|HC|  |TAMS 0x00000005f3000000| PB 0x00000005f3000000| Complete |  0
| 487|0x00000005f3800000, 0x00000005f4000000, 0x00000005f4000000|100%|HC|  |TAMS 0x00000005f3800000| PB 0x00000005f3800000| Complete |  0
| 488|0x00000005f4000000, 0x00000005f4800000, 0x00000005f4800000|100%|HC|  |TAMS 0x00000005f4000000| PB 0x00000005f4000000| Complete |  0
| 489|0x00000005f4800000, 0x00000005f5000000, 0x00000005f5000000|100%|HC|  |TAMS 0x00000005f4800000| PB 0x00000005f4800000| Complete |  0
| 490|0x00000005f5000000, 0x00000005f5800000, 0x00000005f5800000|100%|HC|  |TAMS 0x00000005f5000000| PB 0x00000005f5000000| Complete |  0
| 491|0x00000005f5800000, 0x00000005f6000000, 0x00000005f6000000|100%|HC|  |TAMS 0x00000005f5800000| PB 0x00000005f5800000| Complete |  0
| 492|0x00000005f6000000, 0x00000005f6800000, 0x00000005f6800000|100%| O|  |TAMS 0x00000005f6000000| PB 0x00000005f6000000| Untracked |  0
| 493|0x00000005f6800000, 0x00000005f7000000, 0x00000005f7000000|100%| O|  |TAMS 0x00000005f6800000| PB 0x00000005f6800000| Untracked |  0
| 494|0x00000005f7000000, 0x00000005f7800000, 0x00000005f7800000|100%| O|  |TAMS 0x00000005f7000000| PB 0x00000005f7000000| Untracked |  0
| 495|0x00000005f7800000, 0x00000005f8000000, 0x00000005f8000000|100%| O|  |TAMS 0x00000005f7800000| PB 0x00000005f7800000| Untracked |  0
| 496|0x00000005f8000000, 0x00000005f8800000, 0x00000005f8800000|100%| O|  |TAMS 0x00000005f8000000| PB 0x00000005f8000000| Untracked |  0
| 497|0x00000005f8800000, 0x00000005f9000000, 0x00000005f9000000|100%| O|  |TAMS 0x00000005f8800000| PB 0x00000005f8800000| Untracked |  0
| 498|0x00000005f9000000, 0x00000005f9800000, 0x00000005f9800000|100%| O|  |TAMS 0x00000005f9000000| PB 0x00000005f9000000| Untracked |  0
| 499|0x00000005f9800000, 0x00000005fa000000, 0x00000005fa000000|100%| O|  |TAMS 0x00000005f9800000| PB 0x00000005f9800000| Untracked |  0
| 500|0x00000005fa000000, 0x00000005fa800000, 0x00000005fa800000|100%| O|  |TAMS 0x00000005fa000000| PB 0x00000005fa000000| Untracked |  0
| 501|0x00000005fa800000, 0x00000005fb000000, 0x00000005fb000000|100%| O|  |TAMS 0x00000005fa800000| PB 0x00000005fa800000| Untracked |  0
| 502|0x00000005fb000000, 0x00000005fb800000, 0x00000005fb800000|100%| O|  |TAMS 0x00000005fb000000| PB 0x00000005fb000000| Untracked |  0
| 503|0x00000005fb800000, 0x00000005fc000000, 0x00000005fc000000|100%| O|  |TAMS 0x00000005fb800000| PB 0x00000005fb800000| Untracked |  0
| 504|0x00000005fc000000, 0x00000005fc800000, 0x00000005fc800000|100%| O|  |TAMS 0x00000005fc000000| PB 0x00000005fc000000| Untracked |  0
| 505|0x00000005fc800000, 0x00000005fd000000, 0x00000005fd000000|100%| O|  |TAMS 0x00000005fc800000| PB 0x00000005fc800000| Untracked |  0
| 506|0x00000005fd000000, 0x00000005fd800000, 0x00000005fd800000|100%| O|  |TAMS 0x00000005fd000000| PB 0x00000005fd000000| Untracked |  0
| 507|0x00000005fd800000, 0x00000005fe000000, 0x00000005fe000000|100%| O|  |TAMS 0x00000005fd800000| PB 0x00000005fd800000| Untracked |  0
| 508|0x00000005fe000000, 0x00000005fe800000, 0x00000005fe800000|100%| O|  |TAMS 0x00000005fe000000| PB 0x00000005fe000000| Untracked |  0
| 509|0x00000005fe800000, 0x00000005ff000000, 0x00000005ff000000|100%| O|  |TAMS 0x00000005fe800000| PB 0x00000005fe800000| Untracked |  0
| 510|0x00000005ff000000, 0x00000005ff800000, 0x00000005ff800000|100%| O|  |TAMS 0x00000005ff000000| PB 0x00000005ff000000| Untracked |  0
| 511|0x00000005ff800000, 0x0000000600000000, 0x0000000600000000|100%| O|  |TAMS 0x00000005ff800000| PB 0x00000005ff800000| Untracked |  0
| 512|0x0000000600000000, 0x0000000600800000, 0x0000000600800000|100%| O|  |TAMS 0x0000000600000000| PB 0x0000000600000000| Untracked |  0
| 513|0x0000000600800000, 0x0000000601000000, 0x0000000601000000|100%| O|  |TAMS 0x0000000600800000| PB 0x0000000600800000| Untracked |  0
| 514|0x0000000601000000, 0x0000000601800000, 0x0000000601800000|100%| O|  |TAMS 0x0000000601000000| PB 0x0000000601000000| Untracked |  0
| 515|0x0000000601800000, 0x0000000602000000, 0x0000000602000000|100%| O|  |TAMS 0x0000000601800000| PB 0x0000000601800000| Untracked |  0
| 516|0x0000000602000000, 0x0000000602800000, 0x0000000602800000|100%| O|  |TAMS 0x0000000602000000| PB 0x0000000602000000| Untracked |  0
| 517|0x0000000602800000, 0x0000000603000000, 0x0000000603000000|100%| O|  |TAMS 0x0000000602800000| PB 0x0000000602800000| Untracked |  0
| 518|0x0000000603000000, 0x0000000603800000, 0x0000000603800000|100%| O|  |TAMS 0x0000000603000000| PB 0x0000000603000000| Untracked |  0
| 519|0x0000000603800000, 0x0000000604000000, 0x0000000604000000|100%| O|  |TAMS 0x0000000603800000| PB 0x0000000603800000| Untracked |  0
| 520|0x0000000604000000, 0x0000000604800000, 0x0000000604800000|100%| O|  |TAMS 0x0000000604000000| PB 0x0000000604000000| Untracked |  0
| 521|0x0000000604800000, 0x0000000605000000, 0x0000000605000000|100%| O|  |TAMS 0x0000000604800000| PB 0x0000000604800000| Untracked |  0
| 522|0x0000000605000000, 0x0000000605800000, 0x0000000605800000|100%| O|  |TAMS 0x0000000605000000| PB 0x0000000605000000| Untracked |  0
| 523|0x0000000605800000, 0x0000000606000000, 0x0000000606000000|100%| O|  |TAMS 0x0000000605800000| PB 0x0000000605800000| Untracked |  0
| 524|0x0000000606000000, 0x0000000606800000, 0x0000000606800000|100%| O|  |TAMS 0x0000000606000000| PB 0x0000000606000000| Untracked |  0
| 525|0x0000000606800000, 0x0000000607000000, 0x0000000607000000|100%| O|  |TAMS 0x0000000606800000| PB 0x0000000606800000| Untracked |  0
| 526|0x0000000607000000, 0x0000000607800000, 0x0000000607800000|100%| O|  |TAMS 0x0000000607000000| PB 0x0000000607000000| Untracked |  0
| 527|0x0000000607800000, 0x0000000608000000, 0x0000000608000000|100%| O|  |TAMS 0x0000000607800000| PB 0x0000000607800000| Untracked |  0
| 528|0x0000000608000000, 0x0000000608800000, 0x0000000608800000|100%| O|  |TAMS 0x0000000608000000| PB 0x0000000608000000| Untracked |  0
| 529|0x0000000608800000, 0x0000000609000000, 0x0000000609000000|100%| O|  |TAMS 0x0000000608800000| PB 0x0000000608800000| Untracked |  0
| 530|0x0000000609000000, 0x0000000609800000, 0x0000000609800000|100%| O|  |TAMS 0x0000000609000000| PB 0x0000000609000000| Untracked |  0
| 531|0x0000000609800000, 0x000000060a000000, 0x000000060a000000|100%| O|  |TAMS 0x0000000609800000| PB 0x0000000609800000| Untracked |  0
| 532|0x000000060a000000, 0x000000060a800000, 0x000000060a800000|100%| O|  |TAMS 0x000000060a000000| PB 0x000000060a000000| Untracked |  0
| 533|0x000000060a800000, 0x000000060b000000, 0x000000060b000000|100%| O|  |TAMS 0x000000060a800000| PB 0x000000060a800000| Untracked |  0
| 534|0x000000060b000000, 0x000000060b800000, 0x000000060b800000|100%| O|  |TAMS 0x000000060b000000| PB 0x000000060b000000| Untracked |  0
| 535|0x000000060b800000, 0x000000060c000000, 0x000000060c000000|100%| O|  |TAMS 0x000000060b800000| PB 0x000000060b800000| Untracked |  0
| 536|0x000000060c000000, 0x000000060c800000, 0x000000060c800000|100%| O|  |TAMS 0x000000060c000000| PB 0x000000060c000000| Untracked |  0
| 537|0x000000060c800000, 0x000000060d000000, 0x000000060d000000|100%| O|  |TAMS 0x000000060c800000| PB 0x000000060c800000| Untracked |  0
| 538|0x000000060d000000, 0x000000060d800000, 0x000000060d800000|100%| O|  |TAMS 0x000000060d000000| PB 0x000000060d000000| Untracked |  0
| 539|0x000000060d800000, 0x000000060e000000, 0x000000060e000000|100%| O|  |TAMS 0x000000060d800000| PB 0x000000060d800000| Untracked |  0
| 540|0x000000060e000000, 0x000000060e800000, 0x000000060e800000|100%| O|  |TAMS 0x000000060e000000| PB 0x000000060e000000| Untracked |  0
| 541|0x000000060e800000, 0x000000060f000000, 0x000000060f000000|100%| O|  |TAMS 0x000000060e800000| PB 0x000000060e800000| Untracked |  0
| 542|0x000000060f000000, 0x000000060f800000, 0x000000060f800000|100%| O|  |TAMS 0x000000060f000000| PB 0x000000060f000000| Untracked |  0
| 543|0x000000060f800000, 0x0000000610000000, 0x0000000610000000|100%| O|  |TAMS 0x000000060f800000| PB 0x000000060f800000| Untracked |  0
| 544|0x0000000610000000, 0x0000000610800000, 0x0000000610800000|100%| O|  |TAMS 0x0000000610000000| PB 0x0000000610000000| Untracked |  0
| 545|0x0000000610800000, 0x0000000611000000, 0x0000000611000000|100%| O|  |TAMS 0x0000000610800000| PB 0x0000000610800000| Untracked |  0
| 546|0x0000000611000000, 0x0000000611800000, 0x0000000611800000|100%| O|  |TAMS 0x0000000611000000| PB 0x0000000611000000| Untracked |  0
| 547|0x0000000611800000, 0x0000000612000000, 0x0000000612000000|100%| O|  |TAMS 0x0000000611800000| PB 0x0000000611800000| Untracked |  0
| 548|0x0000000612000000, 0x0000000612800000, 0x0000000612800000|100%| O|  |TAMS 0x0000000612000000| PB 0x0000000612000000| Untracked |  0
| 549|0x0000000612800000, 0x0000000613000000, 0x0000000613000000|100%| O|  |TAMS 0x0000000612800000| PB 0x0000000612800000| Untracked |  0
| 550|0x0000000613000000, 0x0000000613800000, 0x0000000613800000|100%| O|  |TAMS 0x0000000613000000| PB 0x0000000613000000| Untracked |  0
| 551|0x0000000613800000, 0x0000000614000000, 0x0000000614000000|100%| O|  |TAMS 0x0000000613800000| PB 0x0000000613800000| Untracked |  0
| 552|0x0000000614000000, 0x0000000614800000, 0x0000000614800000|100%| O|  |TAMS 0x0000000614000000| PB 0x0000000614000000| Untracked |  0
| 553|0x0000000614800000, 0x0000000615000000, 0x0000000615000000|100%| O|  |TAMS 0x0000000614800000| PB 0x0000000614800000| Untracked |  0
| 554|0x0000000615000000, 0x0000000615800000, 0x0000000615800000|100%| O|  |TAMS 0x0000000615000000| PB 0x0000000615000000| Untracked |  0
| 555|0x0000000615800000, 0x0000000616000000, 0x0000000616000000|100%| O|  |TAMS 0x0000000615800000| PB 0x0000000615800000| Untracked |  0
| 556|0x0000000616000000, 0x0000000616800000, 0x0000000616800000|100%| O|  |TAMS 0x0000000616000000| PB 0x0000000616000000| Untracked |  0
| 557|0x0000000616800000, 0x0000000617000000, 0x0000000617000000|100%| O|  |TAMS 0x0000000616800000| PB 0x0000000616800000| Untracked |  0
| 558|0x0000000617000000, 0x0000000617800000, 0x0000000617800000|100%| O|  |TAMS 0x0000000617000000| PB 0x0000000617000000| Untracked |  0
| 559|0x0000000617800000, 0x0000000618000000, 0x0000000618000000|100%| O|  |TAMS 0x0000000617800000| PB 0x0000000617800000| Untracked |  0
| 560|0x0000000618000000, 0x0000000618800000, 0x0000000618800000|100%| O|  |TAMS 0x0000000618000000| PB 0x0000000618000000| Untracked |  0
| 561|0x0000000618800000, 0x0000000619000000, 0x0000000619000000|100%| O|  |TAMS 0x0000000618800000| PB 0x0000000618800000| Untracked |  0
| 562|0x0000000619000000, 0x0000000619800000, 0x0000000619800000|100%| O|  |TAMS 0x0000000619000000| PB 0x0000000619000000| Untracked |  0
| 563|0x0000000619800000, 0x000000061a000000, 0x000000061a000000|100%| O|  |TAMS 0x0000000619800000| PB 0x0000000619800000| Untracked |  0
| 564|0x000000061a000000, 0x000000061a800000, 0x000000061a800000|100%| O|  |TAMS 0x000000061a000000| PB 0x000000061a000000| Untracked |  0
| 565|0x000000061a800000, 0x000000061b000000, 0x000000061b000000|100%| O|  |TAMS 0x000000061a800000| PB 0x000000061a800000| Untracked |  0
| 566|0x000000061b000000, 0x000000061b800000, 0x000000061b800000|100%| O|  |TAMS 0x000000061b000000| PB 0x000000061b000000| Untracked |  0
| 567|0x000000061b800000, 0x000000061c000000, 0x000000061c000000|100%| O|  |TAMS 0x000000061b800000| PB 0x000000061b800000| Untracked |  0
| 568|0x000000061c000000, 0x000000061c800000, 0x000000061c800000|100%| O|  |TAMS 0x000000061c000000| PB 0x000000061c000000| Untracked |  0
| 569|0x000000061c800000, 0x000000061d000000, 0x000000061d000000|100%| O|  |TAMS 0x000000061c800000| PB 0x000000061c800000| Untracked |  0
| 570|0x000000061d000000, 0x000000061d800000, 0x000000061d800000|100%| O|  |TAMS 0x000000061d000000| PB 0x000000061d000000| Untracked |  0
| 571|0x000000061d800000, 0x000000061e000000, 0x000000061e000000|100%| O|  |TAMS 0x000000061d800000| PB 0x000000061d800000| Untracked |  0
| 572|0x000000061e000000, 0x000000061e800000, 0x000000061e800000|100%| O|  |TAMS 0x000000061e000000| PB 0x000000061e000000| Untracked |  0
| 573|0x000000061e800000, 0x000000061f000000, 0x000000061f000000|100%| O|  |TAMS 0x000000061e800000| PB 0x000000061e800000| Untracked |  0
| 574|0x000000061f000000, 0x000000061f800000, 0x000000061f800000|100%| O|  |TAMS 0x000000061f000000| PB 0x000000061f000000| Untracked |  0
| 575|0x000000061f800000, 0x0000000620000000, 0x0000000620000000|100%| O|  |TAMS 0x000000061f800000| PB 0x000000061f800000| Untracked |  0
| 576|0x0000000620000000, 0x0000000620800000, 0x0000000620800000|100%| O|  |TAMS 0x0000000620000000| PB 0x0000000620000000| Untracked |  0
| 577|0x0000000620800000, 0x0000000621000000, 0x0000000621000000|100%| O|  |TAMS 0x0000000620800000| PB 0x0000000620800000| Untracked |  0
| 578|0x0000000621000000, 0x0000000621800000, 0x0000000621800000|100%| O|  |TAMS 0x0000000621000000| PB 0x0000000621000000| Untracked |  0
| 579|0x0000000621800000, 0x0000000622000000, 0x0000000622000000|100%| O|  |TAMS 0x0000000621800000| PB 0x0000000621800000| Untracked |  0
| 580|0x0000000622000000, 0x0000000622800000, 0x0000000622800000|100%| O|  |TAMS 0x0000000622000000| PB 0x0000000622000000| Untracked |  0
| 581|0x0000000622800000, 0x0000000623000000, 0x0000000623000000|100%| O|  |TAMS 0x0000000622800000| PB 0x0000000622800000| Untracked |  0
| 582|0x0000000623000000, 0x0000000623800000, 0x0000000623800000|100%| O|  |TAMS 0x0000000623000000| PB 0x0000000623000000| Untracked |  0
| 583|0x0000000623800000, 0x0000000624000000, 0x0000000624000000|100%| O|  |TAMS 0x0000000623800000| PB 0x0000000623800000| Untracked |  0
| 584|0x0000000624000000, 0x0000000624800000, 0x0000000624800000|100%| O|  |TAMS 0x0000000624000000| PB 0x0000000624000000| Untracked |  0
| 585|0x0000000624800000, 0x0000000625000000, 0x0000000625000000|100%| O|  |TAMS 0x0000000624800000| PB 0x0000000624800000| Untracked |  0
| 586|0x0000000625000000, 0x0000000625800000, 0x0000000625800000|100%| O|  |TAMS 0x0000000625000000| PB 0x0000000625000000| Untracked |  0
| 587|0x0000000625800000, 0x0000000626000000, 0x0000000626000000|100%| O|  |TAMS 0x0000000625800000| PB 0x0000000625800000| Untracked |  0
| 588|0x0000000626000000, 0x0000000626800000, 0x0000000626800000|100%| O|  |TAMS 0x0000000626000000| PB 0x0000000626000000| Untracked |  0
| 589|0x0000000626800000, 0x0000000627000000, 0x0000000627000000|100%| O|  |TAMS 0x0000000626800000| PB 0x0000000626800000| Untracked |  0
| 590|0x0000000627000000, 0x0000000627800000, 0x0000000627800000|100%| O|  |TAMS 0x0000000627000000| PB 0x0000000627000000| Untracked |  0
| 591|0x0000000627800000, 0x0000000628000000, 0x0000000628000000|100%| O|  |TAMS 0x0000000627800000| PB 0x0000000627800000| Untracked |  0
| 592|0x0000000628000000, 0x0000000628800000, 0x0000000628800000|100%| O|  |TAMS 0x0000000628000000| PB 0x0000000628000000| Untracked |  0
| 593|0x0000000628800000, 0x0000000629000000, 0x0000000629000000|100%| O|  |TAMS 0x0000000628800000| PB 0x0000000628800000| Untracked |  0
| 594|0x0000000629000000, 0x0000000629800000, 0x0000000629800000|100%| O|  |TAMS 0x0000000629000000| PB 0x0000000629000000| Untracked |  0
| 595|0x0000000629800000, 0x000000062a000000, 0x000000062a000000|100%| O|  |TAMS 0x0000000629800000| PB 0x0000000629800000| Untracked |  0
| 596|0x000000062a000000, 0x000000062a800000, 0x000000062a800000|100%| O|  |TAMS 0x000000062a000000| PB 0x000000062a000000| Untracked |  0
| 597|0x000000062a800000, 0x000000062b000000, 0x000000062b000000|100%| O|  |TAMS 0x000000062a800000| PB 0x000000062a800000| Untracked |  0
| 598|0x000000062b000000, 0x000000062b800000, 0x000000062b800000|100%| O|  |TAMS 0x000000062b000000| PB 0x000000062b000000| Untracked |  0
| 599|0x000000062b800000, 0x000000062c000000, 0x000000062c000000|100%| O|  |TAMS 0x000000062b800000| PB 0x000000062b800000| Untracked |  0
| 600|0x000000062c000000, 0x000000062c800000, 0x000000062c800000|100%| O|  |TAMS 0x000000062c000000| PB 0x000000062c000000| Untracked |  0
| 601|0x000000062c800000, 0x000000062d000000, 0x000000062d000000|100%| O|  |TAMS 0x000000062c800000| PB 0x000000062c800000| Untracked |  0
| 602|0x000000062d000000, 0x000000062d800000, 0x000000062d800000|100%| O|  |TAMS 0x000000062d000000| PB 0x000000062d000000| Untracked |  0
| 603|0x000000062d800000, 0x000000062e000000, 0x000000062e000000|100%| O|  |TAMS 0x000000062d800000| PB 0x000000062d800000| Untracked |  0
| 604|0x000000062e000000, 0x000000062e800000, 0x000000062e800000|100%| O|  |TAMS 0x000000062e000000| PB 0x000000062e000000| Untracked |  0
| 605|0x000000062e800000, 0x000000062f000000, 0x000000062f000000|100%| O|  |TAMS 0x000000062e800000| PB 0x000000062e800000| Untracked |  0
| 606|0x000000062f000000, 0x000000062f800000, 0x000000062f800000|100%| O|  |TAMS 0x000000062f000000| PB 0x000000062f000000| Untracked |  0
| 607|0x000000062f800000, 0x0000000630000000, 0x0000000630000000|100%| O|  |TAMS 0x000000062f800000| PB 0x000000062f800000| Untracked |  0
| 608|0x0000000630000000, 0x0000000630800000, 0x0000000630800000|100%| O|  |TAMS 0x0000000630000000| PB 0x0000000630000000| Untracked |  0
| 609|0x0000000630800000, 0x0000000631000000, 0x0000000631000000|100%| O|  |TAMS 0x0000000630800000| PB 0x0000000630800000| Untracked |  0
| 610|0x0000000631000000, 0x0000000631800000, 0x0000000631800000|100%| O|  |TAMS 0x0000000631000000| PB 0x0000000631000000| Untracked |  0
| 611|0x0000000631800000, 0x0000000632000000, 0x0000000632000000|100%| O|  |TAMS 0x0000000631800000| PB 0x0000000631800000| Untracked |  0
| 612|0x0000000632000000, 0x0000000632800000, 0x0000000632800000|100%| O|  |TAMS 0x0000000632000000| PB 0x0000000632000000| Untracked |  0
| 613|0x0000000632800000, 0x0000000633000000, 0x0000000633000000|100%| O|  |TAMS 0x0000000632800000| PB 0x0000000632800000| Untracked |  0
| 614|0x0000000633000000, 0x0000000633800000, 0x0000000633800000|100%| O|  |TAMS 0x0000000633000000| PB 0x0000000633000000| Untracked |  0
| 615|0x0000000633800000, 0x0000000634000000, 0x0000000634000000|100%| O|  |TAMS 0x0000000633800000| PB 0x0000000633800000| Untracked |  0
| 616|0x0000000634000000, 0x0000000634800000, 0x0000000634800000|100%| O|  |TAMS 0x0000000634000000| PB 0x0000000634000000| Untracked |  0
| 617|0x0000000634800000, 0x0000000635000000, 0x0000000635000000|100%| O|  |TAMS 0x0000000634800000| PB 0x0000000634800000| Untracked |  0
| 618|0x0000000635000000, 0x0000000635800000, 0x0000000635800000|100%| O|  |TAMS 0x0000000635000000| PB 0x0000000635000000| Untracked |  0
| 619|0x0000000635800000, 0x0000000636000000, 0x0000000636000000|100%| O|  |TAMS 0x0000000635800000| PB 0x0000000635800000| Untracked |  0
| 620|0x0000000636000000, 0x0000000636800000, 0x0000000636800000|100%| O|  |TAMS 0x0000000636000000| PB 0x0000000636000000| Untracked |  0
| 621|0x0000000636800000, 0x0000000637000000, 0x0000000637000000|100%| O|  |TAMS 0x0000000636800000| PB 0x0000000636800000| Untracked |  0
| 622|0x0000000637000000, 0x0000000637800000, 0x0000000637800000|100%| O|  |TAMS 0x0000000637000000| PB 0x0000000637000000| Untracked |  0
| 623|0x0000000637800000, 0x0000000638000000, 0x0000000638000000|100%| O|  |TAMS 0x0000000637800000| PB 0x0000000637800000| Untracked |  0
| 624|0x0000000638000000, 0x0000000638800000, 0x0000000638800000|100%| O|  |TAMS 0x0000000638000000| PB 0x0000000638000000| Untracked |  0
| 625|0x0000000638800000, 0x0000000639000000, 0x0000000639000000|100%| O|  |TAMS 0x0000000638800000| PB 0x0000000638800000| Untracked |  0
| 626|0x0000000639000000, 0x0000000639800000, 0x0000000639800000|100%| O|  |TAMS 0x0000000639000000| PB 0x0000000639000000| Untracked |  0
| 627|0x0000000639800000, 0x000000063a000000, 0x000000063a000000|100%| O|  |TAMS 0x0000000639800000| PB 0x0000000639800000| Untracked |  0
| 628|0x000000063a000000, 0x000000063a800000, 0x000000063a800000|100%| O|  |TAMS 0x000000063a000000| PB 0x000000063a000000| Untracked |  0
| 629|0x000000063a800000, 0x000000063b000000, 0x000000063b000000|100%| O|  |TAMS 0x000000063a800000| PB 0x000000063a800000| Untracked |  0
| 630|0x000000063b000000, 0x000000063b800000, 0x000000063b800000|100%| O|  |TAMS 0x000000063b000000| PB 0x000000063b000000| Untracked |  0
| 631|0x000000063b800000, 0x000000063c000000, 0x000000063c000000|100%| O|  |TAMS 0x000000063b800000| PB 0x000000063b800000| Untracked |  0
| 632|0x000000063c000000, 0x000000063c800000, 0x000000063c800000|100%| O|  |TAMS 0x000000063c000000| PB 0x000000063c000000| Untracked |  0
| 633|0x000000063c800000, 0x000000063d000000, 0x000000063d000000|100%| O|  |TAMS 0x000000063c800000| PB 0x000000063c800000| Untracked |  0
| 634|0x000000063d000000, 0x000000063d800000, 0x000000063d800000|100%| O|  |TAMS 0x000000063d000000| PB 0x000000063d000000| Untracked |  0
| 635|0x000000063d800000, 0x000000063e000000, 0x000000063e000000|100%| O|  |TAMS 0x000000063d800000| PB 0x000000063d800000| Untracked |  0
| 636|0x000000063e000000, 0x000000063e800000, 0x000000063e800000|100%| O|  |TAMS 0x000000063e000000| PB 0x000000063e000000| Untracked |  0
| 637|0x000000063e800000, 0x000000063f000000, 0x000000063f000000|100%| O|  |TAMS 0x000000063e800000| PB 0x000000063e800000| Untracked |  0
| 638|0x000000063f000000, 0x000000063f800000, 0x000000063f800000|100%| O|  |TAMS 0x000000063f000000| PB 0x000000063f000000| Untracked |  0
| 639|0x000000063f800000, 0x0000000640000000, 0x0000000640000000|100%| O|  |TAMS 0x000000063f800000| PB 0x000000063f800000| Untracked |  0
| 640|0x0000000640000000, 0x0000000640800000, 0x0000000640800000|100%| O|  |TAMS 0x0000000640000000| PB 0x0000000640000000| Untracked |  0
| 641|0x0000000640800000, 0x0000000641000000, 0x0000000641000000|100%| O|  |TAMS 0x0000000640800000| PB 0x0000000640800000| Untracked |  0
| 642|0x0000000641000000, 0x0000000641800000, 0x0000000641800000|100%| O|  |TAMS 0x0000000641000000| PB 0x0000000641000000| Untracked |  0
| 643|0x0000000641800000, 0x0000000642000000, 0x0000000642000000|100%| O|  |TAMS 0x0000000641800000| PB 0x0000000641800000| Untracked |  0
| 644|0x0000000642000000, 0x0000000642800000, 0x0000000642800000|100%| O|  |TAMS 0x0000000642000000| PB 0x0000000642000000| Untracked |  0
| 645|0x0000000642800000, 0x0000000643000000, 0x0000000643000000|100%| O|  |TAMS 0x0000000642800000| PB 0x0000000642800000| Untracked |  0
| 646|0x0000000643000000, 0x0000000643800000, 0x0000000643800000|100%| O|  |TAMS 0x0000000643000000| PB 0x0000000643000000| Untracked |  0
| 647|0x0000000643800000, 0x0000000644000000, 0x0000000644000000|100%| O|  |TAMS 0x0000000643800000| PB 0x0000000643800000| Untracked |  0
| 648|0x0000000644000000, 0x0000000644800000, 0x0000000644800000|100%| O|  |TAMS 0x0000000644000000| PB 0x0000000644000000| Untracked |  0
| 649|0x0000000644800000, 0x0000000645000000, 0x0000000645000000|100%| O|  |TAMS 0x0000000644800000| PB 0x0000000644800000| Untracked |  0
| 650|0x0000000645000000, 0x0000000645800000, 0x0000000645800000|100%| O|  |TAMS 0x0000000645000000| PB 0x0000000645000000| Untracked |  0
| 651|0x0000000645800000, 0x0000000646000000, 0x0000000646000000|100%| O|  |TAMS 0x0000000645800000| PB 0x0000000645800000| Untracked |  0
| 652|0x0000000646000000, 0x0000000646800000, 0x0000000646800000|100%| O|  |TAMS 0x0000000646000000| PB 0x0000000646000000| Untracked |  0
| 653|0x0000000646800000, 0x0000000647000000, 0x0000000647000000|100%| O|  |TAMS 0x0000000646800000| PB 0x0000000646800000| Untracked |  0
| 654|0x0000000647000000, 0x0000000647800000, 0x0000000647800000|100%| O|  |TAMS 0x0000000647000000| PB 0x0000000647000000| Untracked |  0
| 655|0x0000000647800000, 0x0000000648000000, 0x0000000648000000|100%| O|  |TAMS 0x0000000647800000| PB 0x0000000647800000| Untracked |  0
| 656|0x0000000648000000, 0x0000000648800000, 0x0000000648800000|100%| O|  |TAMS 0x0000000648000000| PB 0x0000000648000000| Untracked |  0
| 657|0x0000000648800000, 0x0000000649000000, 0x0000000649000000|100%| O|  |TAMS 0x0000000648800000| PB 0x0000000648800000| Untracked |  0
| 658|0x0000000649000000, 0x0000000649800000, 0x0000000649800000|100%| O|  |TAMS 0x0000000649000000| PB 0x0000000649000000| Untracked |  0
| 659|0x0000000649800000, 0x000000064a000000, 0x000000064a000000|100%| O|  |TAMS 0x0000000649800000| PB 0x0000000649800000| Untracked |  0
| 660|0x000000064a000000, 0x000000064a800000, 0x000000064a800000|100%| O|  |TAMS 0x000000064a000000| PB 0x000000064a000000| Untracked |  0
| 661|0x000000064a800000, 0x000000064b000000, 0x000000064b000000|100%| O|  |TAMS 0x000000064a800000| PB 0x000000064a800000| Untracked |  0
| 662|0x000000064b000000, 0x000000064b800000, 0x000000064b800000|100%| O|  |TAMS 0x000000064b000000| PB 0x000000064b000000| Untracked |  0
| 663|0x000000064b800000, 0x000000064c000000, 0x000000064c000000|100%| O|  |TAMS 0x000000064b800000| PB 0x000000064b800000| Untracked |  0
| 664|0x000000064c000000, 0x000000064c800000, 0x000000064c800000|100%| O|  |TAMS 0x000000064c000000| PB 0x000000064c000000| Untracked |  0
| 665|0x000000064c800000, 0x000000064d000000, 0x000000064d000000|100%| O|  |TAMS 0x000000064c800000| PB 0x000000064c800000| Untracked |  0
| 666|0x000000064d000000, 0x000000064d800000, 0x000000064d800000|100%| O|  |TAMS 0x000000064d000000| PB 0x000000064d000000| Untracked |  0
| 667|0x000000064d800000, 0x000000064e000000, 0x000000064e000000|100%| O|  |TAMS 0x000000064d800000| PB 0x000000064d800000| Untracked |  0
| 668|0x000000064e000000, 0x000000064e800000, 0x000000064e800000|100%| O|  |TAMS 0x000000064e000000| PB 0x000000064e000000| Untracked |  0
| 669|0x000000064e800000, 0x000000064f000000, 0x000000064f000000|100%| O|  |TAMS 0x000000064e800000| PB 0x000000064e800000| Untracked |  0
| 670|0x000000064f000000, 0x000000064f800000, 0x000000064f800000|100%| O|  |TAMS 0x000000064f000000| PB 0x000000064f000000| Untracked |  0
| 671|0x000000064f800000, 0x0000000650000000, 0x0000000650000000|100%| O|  |TAMS 0x000000064f800000| PB 0x000000064f800000| Untracked |  0
| 672|0x0000000650000000, 0x0000000650800000, 0x0000000650800000|100%| O|  |TAMS 0x0000000650000000| PB 0x0000000650000000| Untracked |  0
| 673|0x0000000650800000, 0x0000000651000000, 0x0000000651000000|100%| O|  |TAMS 0x0000000650800000| PB 0x0000000650800000| Untracked |  0
| 674|0x0000000651000000, 0x0000000651800000, 0x0000000651800000|100%| O|  |TAMS 0x0000000651000000| PB 0x0000000651000000| Untracked |  0
| 675|0x0000000651800000, 0x0000000652000000, 0x0000000652000000|100%| O|  |TAMS 0x0000000651800000| PB 0x0000000651800000| Untracked |  0
| 676|0x0000000652000000, 0x0000000652800000, 0x0000000652800000|100%| O|  |TAMS 0x0000000652000000| PB 0x0000000652000000| Untracked |  0
| 677|0x0000000652800000, 0x0000000653000000, 0x0000000653000000|100%| O|  |TAMS 0x0000000652800000| PB 0x0000000652800000| Untracked |  0
| 678|0x0000000653000000, 0x0000000653800000, 0x0000000653800000|100%| O|  |TAMS 0x0000000653000000| PB 0x0000000653000000| Untracked |  0
| 679|0x0000000653800000, 0x0000000654000000, 0x0000000654000000|100%| O|  |TAMS 0x0000000653800000| PB 0x0000000653800000| Untracked |  0
| 680|0x0000000654000000, 0x0000000654800000, 0x0000000654800000|100%| O|  |TAMS 0x0000000654000000| PB 0x0000000654000000| Untracked |  0
| 681|0x0000000654800000, 0x0000000655000000, 0x0000000655000000|100%| O|  |TAMS 0x0000000654800000| PB 0x0000000654800000| Untracked |  0
| 682|0x0000000655000000, 0x0000000655800000, 0x0000000655800000|100%| O|  |TAMS 0x0000000655000000| PB 0x0000000655000000| Untracked |  0
| 683|0x0000000655800000, 0x0000000656000000, 0x0000000656000000|100%| O|  |TAMS 0x0000000655800000| PB 0x0000000655800000| Untracked |  0
| 684|0x0000000656000000, 0x0000000656800000, 0x0000000656800000|100%| O|  |TAMS 0x0000000656000000| PB 0x0000000656000000| Untracked |  0
| 685|0x0000000656800000, 0x0000000657000000, 0x0000000657000000|100%| O|  |TAMS 0x0000000656800000| PB 0x0000000656800000| Untracked |  0
| 686|0x0000000657000000, 0x0000000657800000, 0x0000000657800000|100%| O|  |TAMS 0x0000000657000000| PB 0x0000000657000000| Untracked |  0
| 687|0x0000000657800000, 0x0000000658000000, 0x0000000658000000|100%| O|  |TAMS 0x0000000657800000| PB 0x0000000657800000| Untracked |  0
| 688|0x0000000658000000, 0x0000000658800000, 0x0000000658800000|100%| O|  |TAMS 0x0000000658000000| PB 0x0000000658000000| Untracked |  0
| 689|0x0000000658800000, 0x0000000659000000, 0x0000000659000000|100%| O|  |TAMS 0x0000000658800000| PB 0x0000000658800000| Untracked |  0
| 690|0x0000000659000000, 0x0000000659800000, 0x0000000659800000|100%| O|  |TAMS 0x0000000659000000| PB 0x0000000659000000| Untracked |  0
| 691|0x0000000659800000, 0x000000065a000000, 0x000000065a000000|100%| O|  |TAMS 0x0000000659800000| PB 0x0000000659800000| Untracked |  0
| 692|0x000000065a000000, 0x000000065a800000, 0x000000065a800000|100%| O|  |TAMS 0x000000065a000000| PB 0x000000065a000000| Untracked |  0
| 693|0x000000065a800000, 0x000000065b000000, 0x000000065b000000|100%| O|  |TAMS 0x000000065a800000| PB 0x000000065a800000| Untracked |  0
| 694|0x000000065b000000, 0x000000065b800000, 0x000000065b800000|100%| O|  |TAMS 0x000000065b000000| PB 0x000000065b000000| Untracked |  0
| 695|0x000000065b800000, 0x000000065c000000, 0x000000065c000000|100%| O|  |TAMS 0x000000065b800000| PB 0x000000065b800000| Untracked |  0
| 696|0x000000065c000000, 0x000000065c800000, 0x000000065c800000|100%| O|  |TAMS 0x000000065c000000| PB 0x000000065c000000| Untracked |  0
| 697|0x000000065c800000, 0x000000065d000000, 0x000000065d000000|100%| O|  |TAMS 0x000000065c800000| PB 0x000000065c800000| Untracked |  0
| 698|0x000000065d000000, 0x000000065d800000, 0x000000065d800000|100%| O|  |TAMS 0x000000065d000000| PB 0x000000065d000000| Untracked |  0
| 699|0x000000065d800000, 0x000000065e000000, 0x000000065e000000|100%| O|  |TAMS 0x000000065d800000| PB 0x000000065d800000| Untracked |  0
| 700|0x000000065e000000, 0x000000065e800000, 0x000000065e800000|100%| O|  |TAMS 0x000000065e000000| PB 0x000000065e000000| Untracked |  0
| 701|0x000000065e800000, 0x000000065f000000, 0x000000065f000000|100%| O|  |TAMS 0x000000065e800000| PB 0x000000065e800000| Untracked |  0
| 702|0x000000065f000000, 0x000000065f800000, 0x000000065f800000|100%| O|  |TAMS 0x000000065f000000| PB 0x000000065f000000| Untracked |  0
| 703|0x000000065f800000, 0x0000000660000000, 0x0000000660000000|100%| O|  |TAMS 0x000000065f800000| PB 0x000000065f800000| Untracked |  0
| 704|0x0000000660000000, 0x0000000660800000, 0x0000000660800000|100%| O|  |TAMS 0x0000000660000000| PB 0x0000000660000000| Untracked |  0
| 705|0x0000000660800000, 0x0000000661000000, 0x0000000661000000|100%| O|  |TAMS 0x0000000660800000| PB 0x0000000660800000| Untracked |  0
| 706|0x0000000661000000, 0x0000000661800000, 0x0000000661800000|100%| O|  |TAMS 0x0000000661000000| PB 0x0000000661000000| Untracked |  0
| 707|0x0000000661800000, 0x0000000662000000, 0x0000000662000000|100%| O|  |TAMS 0x0000000661800000| PB 0x0000000661800000| Untracked |  0
| 708|0x0000000662000000, 0x0000000662800000, 0x0000000662800000|100%| O|  |TAMS 0x0000000662000000| PB 0x0000000662000000| Untracked |  0
| 709|0x0000000662800000, 0x0000000663000000, 0x0000000663000000|100%| O|  |TAMS 0x0000000662800000| PB 0x0000000662800000| Untracked |  0
| 710|0x0000000663000000, 0x0000000663800000, 0x0000000663800000|100%| O|  |TAMS 0x0000000663000000| PB 0x0000000663000000| Untracked |  0
| 711|0x0000000663800000, 0x0000000664000000, 0x0000000664000000|100%| O|  |TAMS 0x0000000663800000| PB 0x0000000663800000| Untracked |  0
| 712|0x0000000664000000, 0x0000000664800000, 0x0000000664800000|100%| O|  |TAMS 0x0000000664000000| PB 0x0000000664000000| Untracked |  0
| 713|0x0000000664800000, 0x0000000665000000, 0x0000000665000000|100%| O|  |TAMS 0x0000000664800000| PB 0x0000000664800000| Untracked |  0
| 714|0x0000000665000000, 0x0000000665800000, 0x0000000665800000|100%| O|  |TAMS 0x0000000665000000| PB 0x0000000665000000| Untracked |  0
| 715|0x0000000665800000, 0x0000000666000000, 0x0000000666000000|100%| O|  |TAMS 0x0000000665800000| PB 0x0000000665800000| Untracked |  0
| 716|0x0000000666000000, 0x0000000666800000, 0x0000000666800000|100%| O|  |TAMS 0x0000000666000000| PB 0x0000000666000000| Untracked |  0
| 717|0x0000000666800000, 0x0000000667000000, 0x0000000667000000|100%| O|  |TAMS 0x0000000666800000| PB 0x0000000666800000| Untracked |  0
| 718|0x0000000667000000, 0x0000000667800000, 0x0000000667800000|100%| O|  |TAMS 0x0000000667000000| PB 0x0000000667000000| Untracked |  0
| 719|0x0000000667800000, 0x0000000668000000, 0x0000000668000000|100%| O|  |TAMS 0x0000000667800000| PB 0x0000000667800000| Untracked |  0
| 720|0x0000000668000000, 0x0000000668800000, 0x0000000668800000|100%| O|  |TAMS 0x0000000668000000| PB 0x0000000668000000| Untracked |  0
| 721|0x0000000668800000, 0x0000000669000000, 0x0000000669000000|100%| O|  |TAMS 0x0000000668800000| PB 0x0000000668800000| Untracked |  0
| 722|0x0000000669000000, 0x0000000669800000, 0x0000000669800000|100%| O|  |TAMS 0x0000000669000000| PB 0x0000000669000000| Untracked |  0
| 723|0x0000000669800000, 0x000000066a000000, 0x000000066a000000|100%| O|  |TAMS 0x0000000669800000| PB 0x0000000669800000| Untracked |  0
| 724|0x000000066a000000, 0x000000066a800000, 0x000000066a800000|100%| O|  |TAMS 0x000000066a000000| PB 0x000000066a000000| Untracked |  0
| 725|0x000000066a800000, 0x000000066b000000, 0x000000066b000000|100%| O|  |TAMS 0x000000066a800000| PB 0x000000066a800000| Untracked |  0
| 726|0x000000066b000000, 0x000000066b800000, 0x000000066b800000|100%| O|  |TAMS 0x000000066b000000| PB 0x000000066b000000| Untracked |  0
| 727|0x000000066b800000, 0x000000066c000000, 0x000000066c000000|100%| O|  |TAMS 0x000000066b800000| PB 0x000000066b800000| Untracked |  0
| 728|0x000000066c000000, 0x000000066c800000, 0x000000066c800000|100%| O|  |TAMS 0x000000066c000000| PB 0x000000066c000000| Untracked |  0
| 729|0x000000066c800000, 0x000000066d000000, 0x000000066d000000|100%| O|  |TAMS 0x000000066c800000| PB 0x000000066c800000| Untracked |  0
| 730|0x000000066d000000, 0x000000066d800000, 0x000000066d800000|100%| O|  |TAMS 0x000000066d000000| PB 0x000000066d000000| Untracked |  0
| 731|0x000000066d800000, 0x000000066e000000, 0x000000066e000000|100%| O|  |TAMS 0x000000066d800000| PB 0x000000066d800000| Untracked |  0
| 732|0x000000066e000000, 0x000000066e800000, 0x000000066e800000|100%| O|  |TAMS 0x000000066e000000| PB 0x000000066e000000| Untracked |  0
| 733|0x000000066e800000, 0x000000066f000000, 0x000000066f000000|100%| O|  |TAMS 0x000000066e800000| PB 0x000000066e800000| Untracked |  0
| 734|0x000000066f000000, 0x000000066f800000, 0x000000066f800000|100%| O|  |TAMS 0x000000066f000000| PB 0x000000066f000000| Untracked |  0
| 735|0x000000066f800000, 0x0000000670000000, 0x0000000670000000|100%| O|  |TAMS 0x000000066f800000| PB 0x000000066f800000| Untracked |  0
| 736|0x0000000670000000, 0x0000000670800000, 0x0000000670800000|100%| O|  |TAMS 0x0000000670000000| PB 0x0000000670000000| Untracked |  0
| 737|0x0000000670800000, 0x0000000671000000, 0x0000000671000000|100%| O|  |TAMS 0x0000000670800000| PB 0x0000000670800000| Untracked |  0
| 738|0x0000000671000000, 0x0000000671800000, 0x0000000671800000|100%| O|  |TAMS 0x0000000671000000| PB 0x0000000671000000| Untracked |  0
| 739|0x0000000671800000, 0x0000000672000000, 0x0000000672000000|100%| O|  |TAMS 0x0000000671800000| PB 0x0000000671800000| Untracked |  0
| 740|0x0000000672000000, 0x0000000672800000, 0x0000000672800000|100%| O|  |TAMS 0x0000000672000000| PB 0x0000000672000000| Untracked |  0
| 741|0x0000000672800000, 0x0000000673000000, 0x0000000673000000|100%| O|  |TAMS 0x0000000672800000| PB 0x0000000672800000| Untracked |  0
| 742|0x0000000673000000, 0x0000000673800000, 0x0000000673800000|100%| O|  |TAMS 0x0000000673000000| PB 0x0000000673000000| Untracked |  0
| 743|0x0000000673800000, 0x0000000674000000, 0x0000000674000000|100%| O|  |TAMS 0x0000000673800000| PB 0x0000000673800000| Untracked |  0
| 744|0x0000000674000000, 0x0000000674800000, 0x0000000674800000|100%| O|  |TAMS 0x0000000674000000| PB 0x0000000674000000| Untracked |  0
| 745|0x0000000674800000, 0x0000000675000000, 0x0000000675000000|100%| O|  |TAMS 0x0000000674800000| PB 0x0000000674800000| Untracked |  0
| 746|0x0000000675000000, 0x0000000675800000, 0x0000000675800000|100%| O|  |TAMS 0x0000000675000000| PB 0x0000000675000000| Untracked |  0
| 747|0x0000000675800000, 0x0000000676000000, 0x0000000676000000|100%| O|  |TAMS 0x0000000675800000| PB 0x0000000675800000| Untracked |  0
| 748|0x0000000676000000, 0x0000000676800000, 0x0000000676800000|100%| O|  |TAMS 0x0000000676000000| PB 0x0000000676000000| Untracked |  0
| 749|0x0000000676800000, 0x0000000677000000, 0x0000000677000000|100%| O|  |TAMS 0x0000000676800000| PB 0x0000000676800000| Untracked |  0
| 750|0x0000000677000000, 0x0000000677800000, 0x0000000677800000|100%| O|  |TAMS 0x0000000677000000| PB 0x0000000677000000| Untracked |  0
| 751|0x0000000677800000, 0x0000000678000000, 0x0000000678000000|100%| O|  |TAMS 0x0000000677800000| PB 0x0000000677800000| Untracked |  0
| 752|0x0000000678000000, 0x0000000678800000, 0x0000000678800000|100%| O|  |TAMS 0x0000000678000000| PB 0x0000000678000000| Untracked |  0
| 753|0x0000000678800000, 0x0000000679000000, 0x0000000679000000|100%| O|  |TAMS 0x0000000678800000| PB 0x0000000678800000| Untracked |  0
| 754|0x0000000679000000, 0x0000000679800000, 0x0000000679800000|100%| O|  |TAMS 0x0000000679000000| PB 0x0000000679000000| Untracked |  0
| 755|0x0000000679800000, 0x000000067a000000, 0x000000067a000000|100%| O|  |TAMS 0x0000000679800000| PB 0x0000000679800000| Untracked |  0
| 756|0x000000067a000000, 0x000000067a800000, 0x000000067a800000|100%| O|  |TAMS 0x000000067a000000| PB 0x000000067a000000| Untracked |  0
| 757|0x000000067a800000, 0x000000067b000000, 0x000000067b000000|100%| O|  |TAMS 0x000000067a800000| PB 0x000000067a800000| Untracked |  0
| 758|0x000000067b000000, 0x000000067b800000, 0x000000067b800000|100%| O|  |TAMS 0x000000067b000000| PB 0x000000067b000000| Untracked |  0
| 759|0x000000067b800000, 0x000000067c000000, 0x000000067c000000|100%| O|  |TAMS 0x000000067b800000| PB 0x000000067b800000| Untracked |  0
| 760|0x000000067c000000, 0x000000067c800000, 0x000000067c800000|100%| O|  |TAMS 0x000000067c000000| PB 0x000000067c000000| Untracked |  0
| 761|0x000000067c800000, 0x000000067d000000, 0x000000067d000000|100%| O|  |TAMS 0x000000067c800000| PB 0x000000067c800000| Untracked |  0
| 762|0x000000067d000000, 0x000000067d800000, 0x000000067d800000|100%| O|  |TAMS 0x000000067d000000| PB 0x000000067d000000| Untracked |  0
| 763|0x000000067d800000, 0x000000067e000000, 0x000000067e000000|100%| O|  |TAMS 0x000000067d800000| PB 0x000000067d800000| Untracked |  0
| 764|0x000000067e000000, 0x000000067e800000, 0x000000067e800000|100%| O|  |TAMS 0x000000067e000000| PB 0x000000067e000000| Untracked |  0
| 765|0x000000067e800000, 0x000000067f000000, 0x000000067f000000|100%| O|  |TAMS 0x000000067e800000| PB 0x000000067e800000| Untracked |  0
| 766|0x000000067f000000, 0x000000067f800000, 0x000000067f800000|100%| O|  |TAMS 0x000000067f000000| PB 0x000000067f000000| Untracked |  0
| 767|0x000000067f800000, 0x0000000680000000, 0x0000000680000000|100%| O|  |TAMS 0x000000067f800000| PB 0x000000067f800000| Untracked |  0
| 768|0x0000000680000000, 0x0000000680800000, 0x0000000680800000|100%| O|  |TAMS 0x0000000680000000| PB 0x0000000680000000| Untracked |  0
| 769|0x0000000680800000, 0x0000000681000000, 0x0000000681000000|100%| O|  |TAMS 0x0000000680800000| PB 0x0000000680800000| Untracked |  0
| 770|0x0000000681000000, 0x0000000681800000, 0x0000000681800000|100%| O|  |TAMS 0x0000000681000000| PB 0x0000000681000000| Untracked |  0
| 771|0x0000000681800000, 0x0000000682000000, 0x0000000682000000|100%| O|  |TAMS 0x0000000681800000| PB 0x0000000681800000| Untracked |  0
| 772|0x0000000682000000, 0x0000000682800000, 0x0000000682800000|100%| O|  |TAMS 0x0000000682000000| PB 0x0000000682000000| Untracked |  0
| 773|0x0000000682800000, 0x0000000683000000, 0x0000000683000000|100%| O|  |TAMS 0x0000000682800000| PB 0x0000000682800000| Untracked |  0
| 774|0x0000000683000000, 0x0000000683800000, 0x0000000683800000|100%| O|  |TAMS 0x0000000683000000| PB 0x0000000683000000| Untracked |  0
| 775|0x0000000683800000, 0x0000000684000000, 0x0000000684000000|100%| O|  |TAMS 0x0000000683800000| PB 0x0000000683800000| Untracked |  0
| 776|0x0000000684000000, 0x0000000684800000, 0x0000000684800000|100%| O|  |TAMS 0x0000000684000000| PB 0x0000000684000000| Untracked |  0
| 777|0x0000000684800000, 0x0000000684800000, 0x0000000685000000|  0%| F|  |TAMS 0x0000000684800000| PB 0x0000000684800000| Untracked |  0
| 778|0x0000000685000000, 0x0000000685800000, 0x0000000685800000|100%| O|  |TAMS 0x0000000685000000| PB 0x0000000685000000| Untracked |  0
| 779|0x0000000685800000, 0x0000000686000000, 0x0000000686000000|100%| O|  |TAMS 0x0000000685800000| PB 0x0000000685800000| Untracked |  0
| 780|0x0000000686000000, 0x0000000686800000, 0x0000000686800000|100%| O|  |TAMS 0x0000000686000000| PB 0x0000000686000000| Untracked |  0
| 781|0x0000000686800000, 0x0000000687000000, 0x0000000687000000|100%| O|  |TAMS 0x0000000686800000| PB 0x0000000686800000| Untracked |  0
| 782|0x0000000687000000, 0x0000000687800000, 0x0000000687800000|100%| O|  |TAMS 0x0000000687000000| PB 0x0000000687000000| Untracked |  0
| 783|0x0000000687800000, 0x0000000688000000, 0x0000000688000000|100%| O|  |TAMS 0x0000000687800000| PB 0x0000000687800000| Untracked |  0
| 784|0x0000000688000000, 0x0000000688800000, 0x0000000688800000|100%| O|  |TAMS 0x0000000688000000| PB 0x0000000688000000| Untracked |  0
| 785|0x0000000688800000, 0x0000000689000000, 0x0000000689000000|100%| O|  |TAMS 0x0000000688800000| PB 0x0000000688800000| Untracked |  0
| 786|0x0000000689000000, 0x0000000689800000, 0x0000000689800000|100%| O|  |TAMS 0x0000000689000000| PB 0x0000000689000000| Untracked |  0
| 787|0x0000000689800000, 0x000000068a000000, 0x000000068a000000|100%| O|  |TAMS 0x0000000689800000| PB 0x0000000689800000| Untracked |  0
| 788|0x000000068a000000, 0x000000068a800000, 0x000000068a800000|100%| O|  |TAMS 0x000000068a000000| PB 0x000000068a000000| Untracked |  0
| 789|0x000000068a800000, 0x000000068b000000, 0x000000068b000000|100%| O|  |TAMS 0x000000068a800000| PB 0x000000068a800000| Untracked |  0
| 790|0x000000068b000000, 0x000000068b800000, 0x000000068b800000|100%| O|  |TAMS 0x000000068b000000| PB 0x000000068b000000| Untracked |  0
| 791|0x000000068b800000, 0x000000068c000000, 0x000000068c000000|100%| O|  |TAMS 0x000000068b800000| PB 0x000000068b800000| Untracked |  0
| 792|0x000000068c000000, 0x000000068c800000, 0x000000068c800000|100%| O|  |TAMS 0x000000068c000000| PB 0x000000068c000000| Untracked |  0
| 793|0x000000068c800000, 0x000000068d000000, 0x000000068d000000|100%| O|  |TAMS 0x000000068c800000| PB 0x000000068c800000| Untracked |  0
| 794|0x000000068d000000, 0x000000068d800000, 0x000000068d800000|100%| O|  |TAMS 0x000000068d000000| PB 0x000000068d000000| Untracked |  0
| 795|0x000000068d800000, 0x000000068e000000, 0x000000068e000000|100%| O|  |TAMS 0x000000068d800000| PB 0x000000068d800000| Untracked |  0
| 796|0x000000068e000000, 0x000000068e800000, 0x000000068e800000|100%| O|  |TAMS 0x000000068e000000| PB 0x000000068e000000| Untracked |  0
| 797|0x000000068e800000, 0x000000068f000000, 0x000000068f000000|100%| O|  |TAMS 0x000000068e800000| PB 0x000000068e800000| Untracked |  0
| 798|0x000000068f000000, 0x000000068f800000, 0x000000068f800000|100%| O|  |TAMS 0x000000068f000000| PB 0x000000068f000000| Untracked |  0
| 799|0x000000068f800000, 0x0000000690000000, 0x0000000690000000|100%| O|  |TAMS 0x000000068f800000| PB 0x000000068f800000| Untracked |  0
| 800|0x0000000690000000, 0x0000000690800000, 0x0000000690800000|100%| O|  |TAMS 0x0000000690000000| PB 0x0000000690000000| Untracked |  0
| 801|0x0000000690800000, 0x0000000691000000, 0x0000000691000000|100%| O|  |TAMS 0x0000000690800000| PB 0x0000000690800000| Untracked |  0
| 802|0x0000000691000000, 0x0000000691800000, 0x0000000691800000|100%| O|  |TAMS 0x0000000691000000| PB 0x0000000691000000| Untracked |  0
| 803|0x0000000691800000, 0x0000000692000000, 0x0000000692000000|100%| O|  |TAMS 0x0000000691800000| PB 0x0000000691800000| Untracked |  0
| 804|0x0000000692000000, 0x0000000692800000, 0x0000000692800000|100%| O|  |TAMS 0x0000000692000000| PB 0x0000000692000000| Untracked |  0
| 805|0x0000000692800000, 0x0000000693000000, 0x0000000693000000|100%| O|  |TAMS 0x0000000692800000| PB 0x0000000692800000| Untracked |  0
| 806|0x0000000693000000, 0x0000000693800000, 0x0000000693800000|100%| O|  |TAMS 0x0000000693000000| PB 0x0000000693000000| Untracked |  0
| 807|0x0000000693800000, 0x0000000694000000, 0x0000000694000000|100%| O|  |TAMS 0x0000000693800000| PB 0x0000000693800000| Untracked |  0
| 808|0x0000000694000000, 0x0000000694800000, 0x0000000694800000|100%| O|  |TAMS 0x0000000694000000| PB 0x0000000694000000| Untracked |  0
| 809|0x0000000694800000, 0x0000000695000000, 0x0000000695000000|100%| O|  |TAMS 0x0000000694800000| PB 0x0000000694800000| Untracked |  0
| 810|0x0000000695000000, 0x0000000695800000, 0x0000000695800000|100%| O|  |TAMS 0x0000000695000000| PB 0x0000000695000000| Untracked |  0
| 811|0x0000000695800000, 0x0000000696000000, 0x0000000696000000|100%| O|  |TAMS 0x0000000695800000| PB 0x0000000695800000| Untracked |  0
| 812|0x0000000696000000, 0x0000000696800000, 0x0000000696800000|100%| O|  |TAMS 0x0000000696000000| PB 0x0000000696000000| Untracked |  0
| 813|0x0000000696800000, 0x0000000697000000, 0x0000000697000000|100%|HS|  |TAMS 0x0000000696800000| PB 0x0000000696800000| Complete |  0
| 814|0x0000000697000000, 0x0000000697800000, 0x0000000697800000|100%|HC|  |TAMS 0x0000000697000000| PB 0x0000000697000000| Complete |  0
| 815|0x0000000697800000, 0x0000000698000000, 0x0000000698000000|100%| O|  |TAMS 0x0000000697800000| PB 0x0000000697800000| Untracked |  0
| 816|0x0000000698000000, 0x0000000698800000, 0x0000000698800000|100%| O|  |TAMS 0x0000000698000000| PB 0x0000000698000000| Untracked |  0
| 817|0x0000000698800000, 0x0000000699000000, 0x0000000699000000|100%| O|  |TAMS 0x0000000698800000| PB 0x0000000698800000| Untracked |  0
| 818|0x0000000699000000, 0x00000006995bcd08, 0x0000000699800000| 71%| O|  |TAMS 0x0000000699000000| PB 0x0000000699000000| Untracked |  0
| 819|0x0000000699800000, 0x000000069a000000, 0x000000069a000000|100%| O|  |TAMS 0x0000000699800000| PB 0x0000000699800000| Untracked |  0
| 820|0x000000069a000000, 0x000000069a800000, 0x000000069a800000|100%| O|  |TAMS 0x000000069a000000| PB 0x000000069a000000| Untracked |  0
| 821|0x000000069a800000, 0x000000069b000000, 0x000000069b000000|100%| O|  |TAMS 0x000000069a800000| PB 0x000000069a800000| Untracked |  0
| 822|0x000000069b000000, 0x000000069b800000, 0x000000069b800000|100%| O|  |TAMS 0x000000069b000000| PB 0x000000069b000000| Untracked |  0
| 823|0x000000069b800000, 0x000000069c000000, 0x000000069c000000|100%| O|  |TAMS 0x000000069b800000| PB 0x000000069b800000| Untracked |  0
| 824|0x000000069c000000, 0x000000069c800000, 0x000000069c800000|100%| O|  |TAMS 0x000000069c000000| PB 0x000000069c000000| Untracked |  0
| 825|0x000000069c800000, 0x000000069d000000, 0x000000069d000000|100%| O|  |TAMS 0x000000069c800000| PB 0x000000069c800000| Untracked |  0
| 826|0x000000069d000000, 0x000000069d000000, 0x000000069d800000|  0%| F|  |TAMS 0x000000069d000000| PB 0x000000069d000000| Untracked |  0
| 827|0x000000069d800000, 0x000000069e000000, 0x000000069e000000|100%|HS|  |TAMS 0x000000069d800000| PB 0x000000069d800000| Complete |  0
| 828|0x000000069e000000, 0x000000069e000000, 0x000000069e800000|  0%| F|  |TAMS 0x000000069e000000| PB 0x000000069e000000| Untracked |  0
| 829|0x000000069e800000, 0x000000069e800000, 0x000000069f000000|  0%| F|  |TAMS 0x000000069e800000| PB 0x000000069e800000| Untracked |  0
| 830|0x000000069f000000, 0x000000069f800000, 0x000000069f800000|100%| O|  |TAMS 0x000000069f000000| PB 0x000000069f000000| Untracked |  0
| 831|0x000000069f800000, 0x00000006a0000000, 0x00000006a0000000|100%| O|  |TAMS 0x000000069f800000| PB 0x000000069f800000| Untracked |  0
| 832|0x00000006a0000000, 0x00000006a0800000, 0x00000006a0800000|100%| O|  |TAMS 0x00000006a0000000| PB 0x00000006a0000000| Untracked |  0
| 833|0x00000006a0800000, 0x00000006a1000000, 0x00000006a1000000|100%| O|  |TAMS 0x00000006a0800000| PB 0x00000006a0800000| Untracked |  0
| 834|0x00000006a1000000, 0x00000006a1000000, 0x00000006a1800000|  0%| F|  |TAMS 0x00000006a1000000| PB 0x00000006a1000000| Untracked |  0
| 835|0x00000006a1800000, 0x00000006a1800000, 0x00000006a2000000|  0%| F|  |TAMS 0x00000006a1800000| PB 0x00000006a1800000| Untracked |  0
| 836|0x00000006a2000000, 0x00000006a2800000, 0x00000006a2800000|100%|HS|  |TAMS 0x00000006a2000000| PB 0x00000006a2000000| Complete |  0
| 837|0x00000006a2800000, 0x00000006a3000000, 0x00000006a3000000|100%|HC|  |TAMS 0x00000006a2800000| PB 0x00000006a2800000| Complete |  0
| 838|0x00000006a3000000, 0x00000006a3000000, 0x00000006a3800000|  0%| F|  |TAMS 0x00000006a3000000| PB 0x00000006a3000000| Untracked |  0
| 839|0x00000006a3800000, 0x00000006a3800000, 0x00000006a4000000|  0%| F|  |TAMS 0x00000006a3800000| PB 0x00000006a3800000| Untracked |  0
| 840|0x00000006a4000000, 0x00000006a4000000, 0x00000006a4800000|  0%| F|  |TAMS 0x00000006a4000000| PB 0x00000006a4000000| Untracked |  0
| 841|0x00000006a4800000, 0x00000006a5000000, 0x00000006a5000000|100%|HS|  |TAMS 0x00000006a4800000| PB 0x00000006a4800000| Complete |  0
| 842|0x00000006a5000000, 0x00000006a5800000, 0x00000006a5800000|100%|HS|  |TAMS 0x00000006a5000000| PB 0x00000006a5000000| Complete |  0
| 843|0x00000006a5800000, 0x00000006a5800000, 0x00000006a6000000|  0%| F|  |TAMS 0x00000006a5800000| PB 0x00000006a5800000| Untracked |  0
| 844|0x00000006a6000000, 0x00000006a6000000, 0x00000006a6800000|  0%| F|  |TAMS 0x00000006a6000000| PB 0x00000006a6000000| Untracked |  0
| 845|0x00000006a6800000, 0x00000006a6800000, 0x00000006a7000000|  0%| F|  |TAMS 0x00000006a6800000| PB 0x00000006a6800000| Untracked |  0
| 846|0x00000006a7000000, 0x00000006a7000000, 0x00000006a7800000|  0%| F|  |TAMS 0x00000006a7000000| PB 0x00000006a7000000| Untracked |  0
| 847|0x00000006a7800000, 0x00000006a8000000, 0x00000006a8000000|100%|HS|  |TAMS 0x00000006a7800000| PB 0x00000006a7800000| Complete |  0
| 848|0x00000006a8000000, 0x00000006a8800000, 0x00000006a8800000|100%|HS|  |TAMS 0x00000006a8000000| PB 0x00000006a8000000| Complete |  0
| 849|0x00000006a8800000, 0x00000006a9000000, 0x00000006a9000000|100%| O|  |TAMS 0x00000006a8800000| PB 0x00000006a8800000| Untracked |  0
| 850|0x00000006a9000000, 0x00000006a9000000, 0x00000006a9800000|  0%| F|  |TAMS 0x00000006a9000000| PB 0x00000006a9000000| Untracked |  0
| 851|0x00000006a9800000, 0x00000006aa000000, 0x00000006aa000000|100%| O|  |TAMS 0x00000006a9800000| PB 0x00000006a9800000| Untracked |  0
| 852|0x00000006aa000000, 0x00000006aa800000, 0x00000006aa800000|100%| O|  |TAMS 0x00000006aa000000| PB 0x00000006aa000000| Untracked |  0
| 853|0x00000006aa800000, 0x00000006ab000000, 0x00000006ab000000|100%| O|  |TAMS 0x00000006aa800000| PB 0x00000006aa800000| Untracked |  0
| 854|0x00000006ab000000, 0x00000006ab000000, 0x00000006ab800000|  0%| F|  |TAMS 0x00000006ab000000| PB 0x00000006ab000000| Untracked |  0
| 855|0x00000006ab800000, 0x00000006ac000000, 0x00000006ac000000|100%| O|  |TAMS 0x00000006ab800000| PB 0x00000006ab800000| Untracked |  0
| 856|0x00000006ac000000, 0x00000006ac800000, 0x00000006ac800000|100%| O|  |TAMS 0x00000006ac000000| PB 0x00000006ac000000| Untracked |  0
| 857|0x00000006ac800000, 0x00000006ac800000, 0x00000006ad000000|  0%| F|  |TAMS 0x00000006ac800000| PB 0x00000006ac800000| Untracked |  0
| 858|0x00000006ad000000, 0x00000006ad000000, 0x00000006ad800000|  0%| F|  |TAMS 0x00000006ad000000| PB 0x00000006ad000000| Untracked |  0
| 859|0x00000006ad800000, 0x00000006ad800000, 0x00000006ae000000|  0%| F|  |TAMS 0x00000006ad800000| PB 0x00000006ad800000| Untracked |  0
| 860|0x00000006ae000000, 0x00000006ae000000, 0x00000006ae800000|  0%| F|  |TAMS 0x00000006ae000000| PB 0x00000006ae000000| Untracked |  0
| 861|0x00000006ae800000, 0x00000006ae800000, 0x00000006af000000|  0%| F|  |TAMS 0x00000006ae800000| PB 0x00000006ae800000| Untracked |  0
| 862|0x00000006af000000, 0x00000006af000000, 0x00000006af800000|  0%| F|  |TAMS 0x00000006af000000| PB 0x00000006af000000| Untracked |  0
| 863|0x00000006af800000, 0x00000006af800000, 0x00000006b0000000|  0%| F|  |TAMS 0x00000006af800000| PB 0x00000006af800000| Untracked |  0
| 864|0x00000006b0000000, 0x00000006b0000000, 0x00000006b0800000|  0%| F|  |TAMS 0x00000006b0000000| PB 0x00000006b0000000| Untracked |  0
| 865|0x00000006b0800000, 0x00000006b0800000, 0x00000006b1000000|  0%| F|  |TAMS 0x00000006b0800000| PB 0x00000006b0800000| Untracked |  0
| 866|0x00000006b1000000, 0x00000006b1000000, 0x00000006b1800000|  0%| F|  |TAMS 0x00000006b1000000| PB 0x00000006b1000000| Untracked |  0
| 867|0x00000006b1800000, 0x00000006b1800000, 0x00000006b2000000|  0%| F|  |TAMS 0x00000006b1800000| PB 0x00000006b1800000| Untracked |  0
| 868|0x00000006b2000000, 0x00000006b2000000, 0x00000006b2800000|  0%| F|  |TAMS 0x00000006b2000000| PB 0x00000006b2000000| Untracked |  0
| 869|0x00000006b2800000, 0x00000006b2800000, 0x00000006b3000000|  0%| F|  |TAMS 0x00000006b2800000| PB 0x00000006b2800000| Untracked |  0
| 870|0x00000006b3000000, 0x00000006b3000000, 0x00000006b3800000|  0%| F|  |TAMS 0x00000006b3000000| PB 0x00000006b3000000| Untracked |  0
| 871|0x00000006b3800000, 0x00000006b3800000, 0x00000006b4000000|  0%| F|  |TAMS 0x00000006b3800000| PB 0x00000006b3800000| Untracked |  0
| 872|0x00000006b4000000, 0x00000006b4000000, 0x00000006b4800000|  0%| F|  |TAMS 0x00000006b4000000| PB 0x00000006b4000000| Untracked |  0
| 873|0x00000006b4800000, 0x00000006b4800000, 0x00000006b5000000|  0%| F|  |TAMS 0x00000006b4800000| PB 0x00000006b4800000| Untracked |  0
| 874|0x00000006b5000000, 0x00000006b5000000, 0x00000006b5800000|  0%| F|  |TAMS 0x00000006b5000000| PB 0x00000006b5000000| Untracked |  0
| 875|0x00000006b5800000, 0x00000006b5800000, 0x00000006b6000000|  0%| F|  |TAMS 0x00000006b5800000| PB 0x00000006b5800000| Untracked |  0
| 876|0x00000006b6000000, 0x00000006b6000000, 0x00000006b6800000|  0%| F|  |TAMS 0x00000006b6000000| PB 0x00000006b6000000| Untracked |  0
| 877|0x00000006b6800000, 0x00000006b6800000, 0x00000006b7000000|  0%| F|  |TAMS 0x00000006b6800000| PB 0x00000006b6800000| Untracked |  0
| 878|0x00000006b7000000, 0x00000006b7000000, 0x00000006b7800000|  0%| F|  |TAMS 0x00000006b7000000| PB 0x00000006b7000000| Untracked |  0
| 879|0x00000006b7800000, 0x00000006b7800000, 0x00000006b8000000|  0%| F|  |TAMS 0x00000006b7800000| PB 0x00000006b7800000| Untracked |  0
| 880|0x00000006b8000000, 0x00000006b8000000, 0x00000006b8800000|  0%| F|  |TAMS 0x00000006b8000000| PB 0x00000006b8000000| Untracked |  0
| 881|0x00000006b8800000, 0x00000006b8800000, 0x00000006b9000000|  0%| F|  |TAMS 0x00000006b8800000| PB 0x00000006b8800000| Untracked |  0
| 882|0x00000006b9000000, 0x00000006b9000000, 0x00000006b9800000|  0%| F|  |TAMS 0x00000006b9000000| PB 0x00000006b9000000| Untracked |  0
| 883|0x00000006b9800000, 0x00000006b9800000, 0x00000006ba000000|  0%| F|  |TAMS 0x00000006b9800000| PB 0x00000006b9800000| Untracked |  0
| 884|0x00000006ba000000, 0x00000006ba000000, 0x00000006ba800000|  0%| F|  |TAMS 0x00000006ba000000| PB 0x00000006ba000000| Untracked |  0
| 885|0x00000006ba800000, 0x00000006ba800000, 0x00000006bb000000|  0%| F|  |TAMS 0x00000006ba800000| PB 0x00000006ba800000| Untracked |  0
| 886|0x00000006bb000000, 0x00000006bb000000, 0x00000006bb800000|  0%| F|  |TAMS 0x00000006bb000000| PB 0x00000006bb000000| Untracked |  0
| 887|0x00000006bb800000, 0x00000006bb800000, 0x00000006bc000000|  0%| F|  |TAMS 0x00000006bb800000| PB 0x00000006bb800000| Untracked |  0
| 888|0x00000006bc000000, 0x00000006bc000000, 0x00000006bc800000|  0%| F|  |TAMS 0x00000006bc000000| PB 0x00000006bc000000| Untracked |  0
| 889|0x00000006bc800000, 0x00000006bc800000, 0x00000006bd000000|  0%| F|  |TAMS 0x00000006bc800000| PB 0x00000006bc800000| Untracked |  0
| 890|0x00000006bd000000, 0x00000006bd000000, 0x00000006bd800000|  0%| F|  |TAMS 0x00000006bd000000| PB 0x00000006bd000000| Untracked |  0
| 891|0x00000006bd800000, 0x00000006bd800000, 0x00000006be000000|  0%| F|  |TAMS 0x00000006bd800000| PB 0x00000006bd800000| Untracked |  0
| 892|0x00000006be000000, 0x00000006be000000, 0x00000006be800000|  0%| F|  |TAMS 0x00000006be000000| PB 0x00000006be000000| Untracked |  0
| 893|0x00000006be800000, 0x00000006be800000, 0x00000006bf000000|  0%| F|  |TAMS 0x00000006be800000| PB 0x00000006be800000| Untracked |  0
| 894|0x00000006bf000000, 0x00000006bf000000, 0x00000006bf800000|  0%| F|  |TAMS 0x00000006bf000000| PB 0x00000006bf000000| Untracked |  0
| 895|0x00000006bf800000, 0x00000006bf800000, 0x00000006c0000000|  0%| F|  |TAMS 0x00000006bf800000| PB 0x00000006bf800000| Untracked |  0
| 896|0x00000006c0000000, 0x00000006c0000000, 0x00000006c0800000|  0%| F|  |TAMS 0x00000006c0000000| PB 0x00000006c0000000| Untracked |  0
| 897|0x00000006c0800000, 0x00000006c0800000, 0x00000006c1000000|  0%| F|  |TAMS 0x00000006c0800000| PB 0x00000006c0800000| Untracked |  0
| 898|0x00000006c1000000, 0x00000006c1000000, 0x00000006c1800000|  0%| F|  |TAMS 0x00000006c1000000| PB 0x00000006c1000000| Untracked |  0
| 899|0x00000006c1800000, 0x00000006c1800000, 0x00000006c2000000|  0%| F|  |TAMS 0x00000006c1800000| PB 0x00000006c1800000| Untracked |  0
| 900|0x00000006c2000000, 0x00000006c2000000, 0x00000006c2800000|  0%| F|  |TAMS 0x00000006c2000000| PB 0x00000006c2000000| Untracked |  0
| 901|0x00000006c2800000, 0x00000006c2800000, 0x00000006c3000000|  0%| F|  |TAMS 0x00000006c2800000| PB 0x00000006c2800000| Untracked |  0
| 902|0x00000006c3000000, 0x00000006c3000000, 0x00000006c3800000|  0%| F|  |TAMS 0x00000006c3000000| PB 0x00000006c3000000| Untracked |  0
| 903|0x00000006c3800000, 0x00000006c3800000, 0x00000006c4000000|  0%| F|  |TAMS 0x00000006c3800000| PB 0x00000006c3800000| Untracked |  0
| 904|0x00000006c4000000, 0x00000006c4000000, 0x00000006c4800000|  0%| F|  |TAMS 0x00000006c4000000| PB 0x00000006c4000000| Untracked |  0
| 905|0x00000006c4800000, 0x00000006c4800000, 0x00000006c5000000|  0%| F|  |TAMS 0x00000006c4800000| PB 0x00000006c4800000| Untracked |  0
| 906|0x00000006c5000000, 0x00000006c5000000, 0x00000006c5800000|  0%| F|  |TAMS 0x00000006c5000000| PB 0x00000006c5000000| Untracked |  0
| 907|0x00000006c5800000, 0x00000006c5800000, 0x00000006c6000000|  0%| F|  |TAMS 0x00000006c5800000| PB 0x00000006c5800000| Untracked |  0
| 908|0x00000006c6000000, 0x00000006c6000000, 0x00000006c6800000|  0%| F|  |TAMS 0x00000006c6000000| PB 0x00000006c6000000| Untracked |  0
| 909|0x00000006c6800000, 0x00000006c6800000, 0x00000006c7000000|  0%| F|  |TAMS 0x00000006c6800000| PB 0x00000006c6800000| Untracked |  0
| 910|0x00000006c7000000, 0x00000006c7000000, 0x00000006c7800000|  0%| F|  |TAMS 0x00000006c7000000| PB 0x00000006c7000000| Untracked |  0
| 911|0x00000006c7800000, 0x00000006c7800000, 0x00000006c8000000|  0%| F|  |TAMS 0x00000006c7800000| PB 0x00000006c7800000| Untracked |  0
| 912|0x00000006c8000000, 0x00000006c8000000, 0x00000006c8800000|  0%| F|  |TAMS 0x00000006c8000000| PB 0x00000006c8000000| Untracked |  0
| 913|0x00000006c8800000, 0x00000006c8a83a08, 0x00000006c9000000| 31%| S|CS|TAMS 0x00000006c8800000| PB 0x00000006c8800000| Complete |  0
| 914|0x00000006c9000000, 0x00000006c9800000, 0x00000006c9800000|100%| S|CS|TAMS 0x00000006c9000000| PB 0x00000006c9000000| Complete |  0
| 915|0x00000006c9800000, 0x00000006ca000000, 0x00000006ca000000|100%| S|CS|TAMS 0x00000006c9800000| PB 0x00000006c9800000| Complete |  0
| 916|0x00000006ca000000, 0x00000006ca000000, 0x00000006ca800000|  0%| F|  |TAMS 0x00000006ca000000| PB 0x00000006ca000000| Untracked |  0
| 917|0x00000006ca800000, 0x00000006ca800000, 0x00000006cb000000|  0%| F|  |TAMS 0x00000006ca800000| PB 0x00000006ca800000| Untracked |  0
| 918|0x00000006cb000000, 0x00000006cb000000, 0x00000006cb800000|  0%| F|  |TAMS 0x00000006cb000000| PB 0x00000006cb000000| Untracked |  0
| 919|0x00000006cb800000, 0x00000006cb800000, 0x00000006cc000000|  0%| F|  |TAMS 0x00000006cb800000| PB 0x00000006cb800000| Untracked |  0
| 920|0x00000006cc000000, 0x00000006cc000000, 0x00000006cc800000|  0%| F|  |TAMS 0x00000006cc000000| PB 0x00000006cc000000| Untracked |  0
| 921|0x00000006cc800000, 0x00000006cc800000, 0x00000006cd000000|  0%| F|  |TAMS 0x00000006cc800000| PB 0x00000006cc800000| Untracked |  0
| 922|0x00000006cd000000, 0x00000006cd000000, 0x00000006cd800000|  0%| F|  |TAMS 0x00000006cd000000| PB 0x00000006cd000000| Untracked |  0
| 923|0x00000006cd800000, 0x00000006cd800000, 0x00000006ce000000|  0%| F|  |TAMS 0x00000006cd800000| PB 0x00000006cd800000| Untracked |  0
| 924|0x00000006ce000000, 0x00000006ce000000, 0x00000006ce800000|  0%| F|  |TAMS 0x00000006ce000000| PB 0x00000006ce000000| Untracked |  0
| 925|0x00000006ce800000, 0x00000006ce800000, 0x00000006cf000000|  0%| F|  |TAMS 0x00000006ce800000| PB 0x00000006ce800000| Untracked |  0
| 926|0x00000006cf000000, 0x00000006cf000000, 0x00000006cf800000|  0%| F|  |TAMS 0x00000006cf000000| PB 0x00000006cf000000| Untracked |  0
| 927|0x00000006cf800000, 0x00000006cf800000, 0x00000006d0000000|  0%| F|  |TAMS 0x00000006cf800000| PB 0x00000006cf800000| Untracked |  0
| 928|0x00000006d0000000, 0x00000006d0000000, 0x00000006d0800000|  0%| F|  |TAMS 0x00000006d0000000| PB 0x00000006d0000000| Untracked |  0
| 929|0x00000006d0800000, 0x00000006d0800000, 0x00000006d1000000|  0%| F|  |TAMS 0x00000006d0800000| PB 0x00000006d0800000| Untracked |  0
| 930|0x00000006d1000000, 0x00000006d1000000, 0x00000006d1800000|  0%| F|  |TAMS 0x00000006d1000000| PB 0x00000006d1000000| Untracked |  0
| 931|0x00000006d1800000, 0x00000006d1800000, 0x00000006d2000000|  0%| F|  |TAMS 0x00000006d1800000| PB 0x00000006d1800000| Untracked |  0
| 932|0x00000006d2000000, 0x00000006d2000000, 0x00000006d2800000|  0%| F|  |TAMS 0x00000006d2000000| PB 0x00000006d2000000| Untracked |  0
| 933|0x00000006d2800000, 0x00000006d2800000, 0x00000006d3000000|  0%| F|  |TAMS 0x00000006d2800000| PB 0x00000006d2800000| Untracked |  0
| 934|0x00000006d3000000, 0x00000006d3000000, 0x00000006d3800000|  0%| F|  |TAMS 0x00000006d3000000| PB 0x00000006d3000000| Untracked |  0
| 935|0x00000006d3800000, 0x00000006d3800000, 0x00000006d4000000|  0%| F|  |TAMS 0x00000006d3800000| PB 0x00000006d3800000| Untracked |  0
| 936|0x00000006d4000000, 0x00000006d4000000, 0x00000006d4800000|  0%| F|  |TAMS 0x00000006d4000000| PB 0x00000006d4000000| Untracked |  0
| 937|0x00000006d4800000, 0x00000006d4800000, 0x00000006d5000000|  0%| F|  |TAMS 0x00000006d4800000| PB 0x00000006d4800000| Untracked |  0
| 938|0x00000006d5000000, 0x00000006d5000000, 0x00000006d5800000|  0%| F|  |TAMS 0x00000006d5000000| PB 0x00000006d5000000| Untracked |  0
| 939|0x00000006d5800000, 0x00000006d5800000, 0x00000006d6000000|  0%| F|  |TAMS 0x00000006d5800000| PB 0x00000006d5800000| Untracked |  0
| 940|0x00000006d6000000, 0x00000006d6000000, 0x00000006d6800000|  0%| F|  |TAMS 0x00000006d6000000| PB 0x00000006d6000000| Untracked |  0
| 941|0x00000006d6800000, 0x00000006d6800000, 0x00000006d7000000|  0%| F|  |TAMS 0x00000006d6800000| PB 0x00000006d6800000| Untracked |  0
| 942|0x00000006d7000000, 0x00000006d7000000, 0x00000006d7800000|  0%| F|  |TAMS 0x00000006d7000000| PB 0x00000006d7000000| Untracked |  0
| 943|0x00000006d7800000, 0x00000006d7800000, 0x00000006d8000000|  0%| F|  |TAMS 0x00000006d7800000| PB 0x00000006d7800000| Untracked |  0
| 944|0x00000006d8000000, 0x00000006d8000000, 0x00000006d8800000|  0%| F|  |TAMS 0x00000006d8000000| PB 0x00000006d8000000| Untracked |  0
| 945|0x00000006d8800000, 0x00000006d8800000, 0x00000006d9000000|  0%| F|  |TAMS 0x00000006d8800000| PB 0x00000006d8800000| Untracked |  0
| 946|0x00000006d9000000, 0x00000006d9000000, 0x00000006d9800000|  0%| F|  |TAMS 0x00000006d9000000| PB 0x00000006d9000000| Untracked |  0
| 947|0x00000006d9800000, 0x00000006d9800000, 0x00000006da000000|  0%| F|  |TAMS 0x00000006d9800000| PB 0x00000006d9800000| Untracked |  0
| 948|0x00000006da000000, 0x00000006da000000, 0x00000006da800000|  0%| F|  |TAMS 0x00000006da000000| PB 0x00000006da000000| Untracked |  0
| 949|0x00000006da800000, 0x00000006da800000, 0x00000006db000000|  0%| F|  |TAMS 0x00000006da800000| PB 0x00000006da800000| Untracked |  0
| 950|0x00000006db000000, 0x00000006db000000, 0x00000006db800000|  0%| F|  |TAMS 0x00000006db000000| PB 0x00000006db000000| Untracked |  0
| 951|0x00000006db800000, 0x00000006db800000, 0x00000006dc000000|  0%| F|  |TAMS 0x00000006db800000| PB 0x00000006db800000| Untracked |  0
| 952|0x00000006dc000000, 0x00000006dc000000, 0x00000006dc800000|  0%| F|  |TAMS 0x00000006dc000000| PB 0x00000006dc000000| Untracked |  0
| 953|0x00000006dc800000, 0x00000006dc800000, 0x00000006dd000000|  0%| F|  |TAMS 0x00000006dc800000| PB 0x00000006dc800000| Untracked |  0
| 954|0x00000006dd000000, 0x00000006dd000000, 0x00000006dd800000|  0%| F|  |TAMS 0x00000006dd000000| PB 0x00000006dd000000| Untracked |  0
| 955|0x00000006dd800000, 0x00000006dd800000, 0x00000006de000000|  0%| F|  |TAMS 0x00000006dd800000| PB 0x00000006dd800000| Untracked |  0
| 956|0x00000006de000000, 0x00000006de000000, 0x00000006de800000|  0%| F|  |TAMS 0x00000006de000000| PB 0x00000006de000000| Untracked |  0
| 957|0x00000006de800000, 0x00000006de800000, 0x00000006df000000|  0%| F|  |TAMS 0x00000006de800000| PB 0x00000006de800000| Untracked |  0
| 958|0x00000006df000000, 0x00000006df000000, 0x00000006df800000|  0%| F|  |TAMS 0x00000006df000000| PB 0x00000006df000000| Untracked |  0
| 959|0x00000006df800000, 0x00000006df800000, 0x00000006e0000000|  0%| F|  |TAMS 0x00000006df800000| PB 0x00000006df800000| Untracked |  0
| 960|0x00000006e0000000, 0x00000006e0000000, 0x00000006e0800000|  0%| F|  |TAMS 0x00000006e0000000| PB 0x00000006e0000000| Untracked |  0
| 961|0x00000006e0800000, 0x00000006e0800000, 0x00000006e1000000|  0%| F|  |TAMS 0x00000006e0800000| PB 0x00000006e0800000| Untracked |  0
| 962|0x00000006e1000000, 0x00000006e1000000, 0x00000006e1800000|  0%| F|  |TAMS 0x00000006e1000000| PB 0x00000006e1000000| Untracked |  0
| 963|0x00000006e1800000, 0x00000006e1800000, 0x00000006e2000000|  0%| F|  |TAMS 0x00000006e1800000| PB 0x00000006e1800000| Untracked |  0
| 964|0x00000006e2000000, 0x00000006e2000000, 0x00000006e2800000|  0%| F|  |TAMS 0x00000006e2000000| PB 0x00000006e2000000| Untracked |  0
| 965|0x00000006e2800000, 0x00000006e2800000, 0x00000006e3000000|  0%| F|  |TAMS 0x00000006e2800000| PB 0x00000006e2800000| Untracked |  0
| 966|0x00000006e3000000, 0x00000006e3000000, 0x00000006e3800000|  0%| F|  |TAMS 0x00000006e3000000| PB 0x00000006e3000000| Untracked |  0
| 967|0x00000006e3800000, 0x00000006e3800000, 0x00000006e4000000|  0%| F|  |TAMS 0x00000006e3800000| PB 0x00000006e3800000| Untracked |  0
| 968|0x00000006e4000000, 0x00000006e4000000, 0x00000006e4800000|  0%| F|  |TAMS 0x00000006e4000000| PB 0x00000006e4000000| Untracked |  0
| 969|0x00000006e4800000, 0x00000006e4800000, 0x00000006e5000000|  0%| F|  |TAMS 0x00000006e4800000| PB 0x00000006e4800000| Untracked |  0
| 970|0x00000006e5000000, 0x00000006e5000000, 0x00000006e5800000|  0%| F|  |TAMS 0x00000006e5000000| PB 0x00000006e5000000| Untracked |  0
| 971|0x00000006e5800000, 0x00000006e5800000, 0x00000006e6000000|  0%| F|  |TAMS 0x00000006e5800000| PB 0x00000006e5800000| Untracked |  0
| 972|0x00000006e6000000, 0x00000006e6000000, 0x00000006e6800000|  0%| F|  |TAMS 0x00000006e6000000| PB 0x00000006e6000000| Untracked |  0
| 973|0x00000006e6800000, 0x00000006e6800000, 0x00000006e7000000|  0%| F|  |TAMS 0x00000006e6800000| PB 0x00000006e6800000| Untracked |  0
| 974|0x00000006e7000000, 0x00000006e7000000, 0x00000006e7800000|  0%| F|  |TAMS 0x00000006e7000000| PB 0x00000006e7000000| Untracked |  0
| 975|0x00000006e7800000, 0x00000006e7800000, 0x00000006e8000000|  0%| F|  |TAMS 0x00000006e7800000| PB 0x00000006e7800000| Untracked |  0
| 976|0x00000006e8000000, 0x00000006e8000000, 0x00000006e8800000|  0%| F|  |TAMS 0x00000006e8000000| PB 0x00000006e8000000| Untracked |  0
| 977|0x00000006e8800000, 0x00000006e8800000, 0x00000006e9000000|  0%| F|  |TAMS 0x00000006e8800000| PB 0x00000006e8800000| Untracked |  0
| 978|0x00000006e9000000, 0x00000006e9000000, 0x00000006e9800000|  0%| F|  |TAMS 0x00000006e9000000| PB 0x00000006e9000000| Untracked |  0
| 979|0x00000006e9800000, 0x00000006e9800000, 0x00000006ea000000|  0%| F|  |TAMS 0x00000006e9800000| PB 0x00000006e9800000| Untracked |  0
| 980|0x00000006ea000000, 0x00000006ea000000, 0x00000006ea800000|  0%| F|  |TAMS 0x00000006ea000000| PB 0x00000006ea000000| Untracked |  0
| 981|0x00000006ea800000, 0x00000006ea800000, 0x00000006eb000000|  0%| F|  |TAMS 0x00000006ea800000| PB 0x00000006ea800000| Untracked |  0
| 982|0x00000006eb000000, 0x00000006eb000000, 0x00000006eb800000|  0%| F|  |TAMS 0x00000006eb000000| PB 0x00000006eb000000| Untracked |  0
| 983|0x00000006eb800000, 0x00000006eb800000, 0x00000006ec000000|  0%| F|  |TAMS 0x00000006eb800000| PB 0x00000006eb800000| Untracked |  0
| 984|0x00000006ec000000, 0x00000006ec000000, 0x00000006ec800000|  0%| F|  |TAMS 0x00000006ec000000| PB 0x00000006ec000000| Untracked |  0
| 985|0x00000006ec800000, 0x00000006ec800000, 0x00000006ed000000|  0%| F|  |TAMS 0x00000006ec800000| PB 0x00000006ec800000| Untracked |  0
| 986|0x00000006ed000000, 0x00000006ed000000, 0x00000006ed800000|  0%| F|  |TAMS 0x00000006ed000000| PB 0x00000006ed000000| Untracked |  0
| 987|0x00000006ed800000, 0x00000006ed800000, 0x00000006ee000000|  0%| F|  |TAMS 0x00000006ed800000| PB 0x00000006ed800000| Untracked |  0
| 988|0x00000006ee000000, 0x00000006ee000000, 0x00000006ee800000|  0%| F|  |TAMS 0x00000006ee000000| PB 0x00000006ee000000| Untracked |  0
| 989|0x00000006ee800000, 0x00000006ee800000, 0x00000006ef000000|  0%| F|  |TAMS 0x00000006ee800000| PB 0x00000006ee800000| Untracked |  0
| 990|0x00000006ef000000, 0x00000006ef000000, 0x00000006ef800000|  0%| F|  |TAMS 0x00000006ef000000| PB 0x00000006ef000000| Untracked |  0
| 991|0x00000006ef800000, 0x00000006ef800000, 0x00000006f0000000|  0%| F|  |TAMS 0x00000006ef800000| PB 0x00000006ef800000| Untracked |  0
| 992|0x00000006f0000000, 0x00000006f0000000, 0x00000006f0800000|  0%| F|  |TAMS 0x00000006f0000000| PB 0x00000006f0000000| Untracked |  0
| 993|0x00000006f0800000, 0x00000006f0800000, 0x00000006f1000000|  0%| F|  |TAMS 0x00000006f0800000| PB 0x00000006f0800000| Untracked |  0
| 994|0x00000006f1000000, 0x00000006f1000000, 0x00000006f1800000|  0%| F|  |TAMS 0x00000006f1000000| PB 0x00000006f1000000| Untracked |  0
| 995|0x00000006f1800000, 0x00000006f1800000, 0x00000006f2000000|  0%| F|  |TAMS 0x00000006f1800000| PB 0x00000006f1800000| Untracked |  0
| 996|0x00000006f2000000, 0x00000006f2000000, 0x00000006f2800000|  0%| F|  |TAMS 0x00000006f2000000| PB 0x00000006f2000000| Untracked |  0
| 997|0x00000006f2800000, 0x00000006f2800000, 0x00000006f3000000|  0%| F|  |TAMS 0x00000006f2800000| PB 0x00000006f2800000| Untracked |  0
| 998|0x00000006f3000000, 0x00000006f3000000, 0x00000006f3800000|  0%| F|  |TAMS 0x00000006f3000000| PB 0x00000006f3000000| Untracked |  0
| 999|0x00000006f3800000, 0x00000006f3800000, 0x00000006f4000000|  0%| F|  |TAMS 0x00000006f3800000| PB 0x00000006f3800000| Untracked |  0
|1000|0x00000006f4000000, 0x00000006f4000000, 0x00000006f4800000|  0%| F|  |TAMS 0x00000006f4000000| PB 0x00000006f4000000| Untracked |  0
|1001|0x00000006f4800000, 0x00000006f4800000, 0x00000006f5000000|  0%| F|  |TAMS 0x00000006f4800000| PB 0x00000006f4800000| Untracked |  0
|1002|0x00000006f5000000, 0x00000006f5000000, 0x00000006f5800000|  0%| F|  |TAMS 0x00000006f5000000| PB 0x00000006f5000000| Untracked |  0
|1003|0x00000006f5800000, 0x00000006f5800000, 0x00000006f6000000|  0%| F|  |TAMS 0x00000006f5800000| PB 0x00000006f5800000| Untracked |  0
|1004|0x00000006f6000000, 0x00000006f6000000, 0x00000006f6800000|  0%| F|  |TAMS 0x00000006f6000000| PB 0x00000006f6000000| Untracked |  0
|1005|0x00000006f6800000, 0x00000006f6800000, 0x00000006f7000000|  0%| F|  |TAMS 0x00000006f6800000| PB 0x00000006f6800000| Untracked |  0
|1006|0x00000006f7000000, 0x00000006f7000000, 0x00000006f7800000|  0%| F|  |TAMS 0x00000006f7000000| PB 0x00000006f7000000| Untracked |  0
|1007|0x00000006f7800000, 0x00000006f7800000, 0x00000006f8000000|  0%| F|  |TAMS 0x00000006f7800000| PB 0x00000006f7800000| Untracked |  0
|1008|0x00000006f8000000, 0x00000006f8000000, 0x00000006f8800000|  0%| F|  |TAMS 0x00000006f8000000| PB 0x00000006f8000000| Untracked |  0
|1009|0x00000006f8800000, 0x00000006f8800000, 0x00000006f9000000|  0%| F|  |TAMS 0x00000006f8800000| PB 0x00000006f8800000| Untracked |  0
|1010|0x00000006f9000000, 0x00000006f9000000, 0x00000006f9800000|  0%| F|  |TAMS 0x00000006f9000000| PB 0x00000006f9000000| Untracked |  0
|1011|0x00000006f9800000, 0x00000006f9800000, 0x00000006fa000000|  0%| F|  |TAMS 0x00000006f9800000| PB 0x00000006f9800000| Untracked |  0
|1012|0x00000006fa000000, 0x00000006fa000000, 0x00000006fa800000|  0%| F|  |TAMS 0x00000006fa000000| PB 0x00000006fa000000| Untracked |  0
|1013|0x00000006fa800000, 0x00000006fa800000, 0x00000006fb000000|  0%| F|  |TAMS 0x00000006fa800000| PB 0x00000006fa800000| Untracked |  0
|1014|0x00000006fb000000, 0x00000006fb000000, 0x00000006fb800000|  0%| F|  |TAMS 0x00000006fb000000| PB 0x00000006fb000000| Untracked |  0
|1015|0x00000006fb800000, 0x00000006fb800000, 0x00000006fc000000|  0%| F|  |TAMS 0x00000006fb800000| PB 0x00000006fb800000| Untracked |  0
|1016|0x00000006fc000000, 0x00000006fc000000, 0x00000006fc800000|  0%| F|  |TAMS 0x00000006fc000000| PB 0x00000006fc000000| Untracked |  0
|1017|0x00000006fc800000, 0x00000006fc800000, 0x00000006fd000000|  0%| F|  |TAMS 0x00000006fc800000| PB 0x00000006fc800000| Untracked |  0
|1018|0x00000006fd000000, 0x00000006fd000000, 0x00000006fd800000|  0%| F|  |TAMS 0x00000006fd000000| PB 0x00000006fd000000| Untracked |  0
|1019|0x00000006fd800000, 0x00000006fd800000, 0x00000006fe000000|  0%| F|  |TAMS 0x00000006fd800000| PB 0x00000006fd800000| Untracked |  0
|1020|0x00000006fe000000, 0x00000006fe000000, 0x00000006fe800000|  0%| F|  |TAMS 0x00000006fe000000| PB 0x00000006fe000000| Untracked |  0
|1021|0x00000006fe800000, 0x00000006fe800000, 0x00000006ff000000|  0%| F|  |TAMS 0x00000006fe800000| PB 0x00000006fe800000| Untracked |  0
|1022|0x00000006ff000000, 0x00000006ff000000, 0x00000006ff800000|  0%| F|  |TAMS 0x00000006ff000000| PB 0x00000006ff000000| Untracked |  0
|1023|0x00000006ff800000, 0x00000006ff800000, 0x0000000700000000|  0%| F|  |TAMS 0x00000006ff800000| PB 0x00000006ff800000| Untracked |  0
|1024|0x0000000700000000, 0x0000000700000000, 0x0000000700800000|  0%| F|  |TAMS 0x0000000700000000| PB 0x0000000700000000| Untracked |  0
|1025|0x0000000700800000, 0x0000000700800000, 0x0000000701000000|  0%| F|  |TAMS 0x0000000700800000| PB 0x0000000700800000| Untracked |  0
|1026|0x0000000701000000, 0x0000000701000000, 0x0000000701800000|  0%| F|  |TAMS 0x0000000701000000| PB 0x0000000701000000| Untracked |  0
|1027|0x0000000701800000, 0x0000000701800000, 0x0000000702000000|  0%| F|  |TAMS 0x0000000701800000| PB 0x0000000701800000| Untracked |  0
|1028|0x0000000702000000, 0x0000000702000000, 0x0000000702800000|  0%| F|  |TAMS 0x0000000702000000| PB 0x0000000702000000| Untracked |  0
|1029|0x0000000702800000, 0x0000000702800000, 0x0000000703000000|  0%| F|  |TAMS 0x0000000702800000| PB 0x0000000702800000| Untracked |  0
|1030|0x0000000703000000, 0x0000000703000000, 0x0000000703800000|  0%| F|  |TAMS 0x0000000703000000| PB 0x0000000703000000| Untracked |  0
|1031|0x0000000703800000, 0x0000000703800000, 0x0000000704000000|  0%| F|  |TAMS 0x0000000703800000| PB 0x0000000703800000| Untracked |  0
|1032|0x0000000704000000, 0x0000000704000000, 0x0000000704800000|  0%| F|  |TAMS 0x0000000704000000| PB 0x0000000704000000| Untracked |  0
|1033|0x0000000704800000, 0x0000000704800000, 0x0000000705000000|  0%| F|  |TAMS 0x0000000704800000| PB 0x0000000704800000| Untracked |  0
|1034|0x0000000705000000, 0x0000000705000000, 0x0000000705800000|  0%| F|  |TAMS 0x0000000705000000| PB 0x0000000705000000| Untracked |  0
|1035|0x0000000705800000, 0x0000000705800000, 0x0000000706000000|  0%| F|  |TAMS 0x0000000705800000| PB 0x0000000705800000| Untracked |  0
|1036|0x0000000706000000, 0x0000000706000000, 0x0000000706800000|  0%| F|  |TAMS 0x0000000706000000| PB 0x0000000706000000| Untracked |  0
|1037|0x0000000706800000, 0x0000000706800000, 0x0000000707000000|  0%| F|  |TAMS 0x0000000706800000| PB 0x0000000706800000| Untracked |  0
|1038|0x0000000707000000, 0x0000000707000000, 0x0000000707800000|  0%| F|  |TAMS 0x0000000707000000| PB 0x0000000707000000| Untracked |  0
|1039|0x0000000707800000, 0x0000000707800000, 0x0000000708000000|  0%| F|  |TAMS 0x0000000707800000| PB 0x0000000707800000| Untracked |  0
|1040|0x0000000708000000, 0x0000000708000000, 0x0000000708800000|  0%| F|  |TAMS 0x0000000708000000| PB 0x0000000708000000| Untracked |  0
|1041|0x0000000708800000, 0x0000000708800000, 0x0000000709000000|  0%| F|  |TAMS 0x0000000708800000| PB 0x0000000708800000| Untracked |  0
|1042|0x0000000709000000, 0x0000000709000000, 0x0000000709800000|  0%| F|  |TAMS 0x0000000709000000| PB 0x0000000709000000| Untracked |  0
|1043|0x0000000709800000, 0x0000000709800000, 0x000000070a000000|  0%| F|  |TAMS 0x0000000709800000| PB 0x0000000709800000| Untracked |  0
|1044|0x000000070a000000, 0x000000070a000000, 0x000000070a800000|  0%| F|  |TAMS 0x000000070a000000| PB 0x000000070a000000| Untracked |  0
|1045|0x000000070a800000, 0x000000070a800000, 0x000000070b000000|  0%| F|  |TAMS 0x000000070a800000| PB 0x000000070a800000| Untracked |  0
|1046|0x000000070b000000, 0x000000070b000000, 0x000000070b800000|  0%| F|  |TAMS 0x000000070b000000| PB 0x000000070b000000| Untracked |  0
|1047|0x000000070b800000, 0x000000070b800000, 0x000000070c000000|  0%| F|  |TAMS 0x000000070b800000| PB 0x000000070b800000| Untracked |  0
|1048|0x000000070c000000, 0x000000070c000000, 0x000000070c800000|  0%| F|  |TAMS 0x000000070c000000| PB 0x000000070c000000| Untracked |  0
|1049|0x000000070c800000, 0x000000070c800000, 0x000000070d000000|  0%| F|  |TAMS 0x000000070c800000| PB 0x000000070c800000| Untracked |  0
|1050|0x000000070d000000, 0x000000070d6ea880, 0x000000070d800000| 86%| E|  |TAMS 0x000000070d000000| PB 0x000000070d000000| Complete |  0
|1051|0x000000070d800000, 0x000000070e000000, 0x000000070e000000|100%| E|CS|TAMS 0x000000070d800000| PB 0x000000070d800000| Complete |  0
|1052|0x000000070e000000, 0x000000070e800000, 0x000000070e800000|100%| E|CS|TAMS 0x000000070e000000| PB 0x000000070e000000| Complete |  0
|1053|0x000000070e800000, 0x000000070f000000, 0x000000070f000000|100%| E|CS|TAMS 0x000000070e800000| PB 0x000000070e800000| Complete |  0
|1054|0x000000070f000000, 0x000000070f800000, 0x000000070f800000|100%| E|CS|TAMS 0x000000070f000000| PB 0x000000070f000000| Complete |  0
|1055|0x000000070f800000, 0x0000000710000000, 0x0000000710000000|100%| E|CS|TAMS 0x000000070f800000| PB 0x000000070f800000| Complete |  0
|1056|0x0000000710000000, 0x0000000710800000, 0x0000000710800000|100%| E|CS|TAMS 0x0000000710000000| PB 0x0000000710000000| Complete |  0
|1057|0x0000000710800000, 0x0000000711000000, 0x0000000711000000|100%| E|CS|TAMS 0x0000000710800000| PB 0x0000000710800000| Complete |  0
|1058|0x0000000711000000, 0x0000000711800000, 0x0000000711800000|100%| E|CS|TAMS 0x0000000711000000| PB 0x0000000711000000| Complete |  0
|1059|0x0000000711800000, 0x0000000712000000, 0x0000000712000000|100%| E|CS|TAMS 0x0000000711800000| PB 0x0000000711800000| Complete |  0
|1060|0x0000000712000000, 0x0000000712800000, 0x0000000712800000|100%| E|CS|TAMS 0x0000000712000000| PB 0x0000000712000000| Complete |  0
|1061|0x0000000712800000, 0x0000000713000000, 0x0000000713000000|100%| E|CS|TAMS 0x0000000712800000| PB 0x0000000712800000| Complete |  0
|1062|0x0000000713000000, 0x0000000713800000, 0x0000000713800000|100%| E|CS|TAMS 0x0000000713000000| PB 0x0000000713000000| Complete |  0
|1063|0x0000000713800000, 0x0000000714000000, 0x0000000714000000|100%| E|CS|TAMS 0x0000000713800000| PB 0x0000000713800000| Complete |  0
|1064|0x0000000714000000, 0x0000000714800000, 0x0000000714800000|100%| E|CS|TAMS 0x0000000714000000| PB 0x0000000714000000| Complete |  0
|1065|0x0000000714800000, 0x0000000715000000, 0x0000000715000000|100%| E|CS|TAMS 0x0000000714800000| PB 0x0000000714800000| Complete |  0
|1066|0x0000000715000000, 0x0000000715800000, 0x0000000715800000|100%| E|CS|TAMS 0x0000000715000000| PB 0x0000000715000000| Complete |  0
|1067|0x0000000715800000, 0x0000000716000000, 0x0000000716000000|100%| E|CS|TAMS 0x0000000715800000| PB 0x0000000715800000| Complete |  0
|1068|0x0000000716000000, 0x0000000716800000, 0x0000000716800000|100%| E|CS|TAMS 0x0000000716000000| PB 0x0000000716000000| Complete |  0
|1069|0x0000000716800000, 0x0000000717000000, 0x0000000717000000|100%| E|CS|TAMS 0x0000000716800000| PB 0x0000000716800000| Complete |  0
|1070|0x0000000717000000, 0x0000000717800000, 0x0000000717800000|100%| E|CS|TAMS 0x0000000717000000| PB 0x0000000717000000| Complete |  0
|1071|0x0000000717800000, 0x0000000718000000, 0x0000000718000000|100%| E|CS|TAMS 0x0000000717800000| PB 0x0000000717800000| Complete |  0
|1072|0x0000000718000000, 0x0000000718800000, 0x0000000718800000|100%| E|CS|TAMS 0x0000000718000000| PB 0x0000000718000000| Complete |  0
|1073|0x0000000718800000, 0x0000000719000000, 0x0000000719000000|100%| E|CS|TAMS 0x0000000718800000| PB 0x0000000718800000| Complete |  0
|1074|0x0000000719000000, 0x0000000719800000, 0x0000000719800000|100%| E|CS|TAMS 0x0000000719000000| PB 0x0000000719000000| Complete |  0
|1075|0x0000000719800000, 0x000000071a000000, 0x000000071a000000|100%| E|CS|TAMS 0x0000000719800000| PB 0x0000000719800000| Complete |  0
|1076|0x000000071a000000, 0x000000071a800000, 0x000000071a800000|100%| E|CS|TAMS 0x000000071a000000| PB 0x000000071a000000| Complete |  0
|1077|0x000000071a800000, 0x000000071b000000, 0x000000071b000000|100%| E|CS|TAMS 0x000000071a800000| PB 0x000000071a800000| Complete |  0
|1078|0x000000071b000000, 0x000000071b800000, 0x000000071b800000|100%| E|CS|TAMS 0x000000071b000000| PB 0x000000071b000000| Complete |  0
|1079|0x000000071b800000, 0x000000071c000000, 0x000000071c000000|100%| E|CS|TAMS 0x000000071b800000| PB 0x000000071b800000| Complete |  0
|1080|0x000000071c000000, 0x000000071c800000, 0x000000071c800000|100%| E|CS|TAMS 0x000000071c000000| PB 0x000000071c000000| Complete |  0
|1081|0x000000071c800000, 0x000000071d000000, 0x000000071d000000|100%| E|CS|TAMS 0x000000071c800000| PB 0x000000071c800000| Complete |  0
|1082|0x000000071d000000, 0x000000071d800000, 0x000000071d800000|100%| E|CS|TAMS 0x000000071d000000| PB 0x000000071d000000| Complete |  0
|1083|0x000000071d800000, 0x000000071e000000, 0x000000071e000000|100%| E|CS|TAMS 0x000000071d800000| PB 0x000000071d800000| Complete |  0
|1084|0x000000071e000000, 0x000000071e800000, 0x000000071e800000|100%| E|CS|TAMS 0x000000071e000000| PB 0x000000071e000000| Complete |  0
|1085|0x000000071e800000, 0x000000071f000000, 0x000000071f000000|100%| E|CS|TAMS 0x000000071e800000| PB 0x000000071e800000| Complete |  0
|1086|0x000000071f000000, 0x000000071f800000, 0x000000071f800000|100%| E|CS|TAMS 0x000000071f000000| PB 0x000000071f000000| Complete |  0
|1087|0x000000071f800000, 0x0000000720000000, 0x0000000720000000|100%| E|CS|TAMS 0x000000071f800000| PB 0x000000071f800000| Complete |  0
|1088|0x0000000720000000, 0x0000000720800000, 0x0000000720800000|100%| E|CS|TAMS 0x0000000720000000| PB 0x0000000720000000| Complete |  0
|1089|0x0000000720800000, 0x0000000721000000, 0x0000000721000000|100%| E|CS|TAMS 0x0000000720800000| PB 0x0000000720800000| Complete |  0
|1090|0x0000000721000000, 0x0000000721800000, 0x0000000721800000|100%| E|CS|TAMS 0x0000000721000000| PB 0x0000000721000000| Complete |  0
|1091|0x0000000721800000, 0x0000000722000000, 0x0000000722000000|100%| E|CS|TAMS 0x0000000721800000| PB 0x0000000721800000| Complete |  0
|1092|0x0000000722000000, 0x0000000722800000, 0x0000000722800000|100%| E|CS|TAMS 0x0000000722000000| PB 0x0000000722000000| Complete |  0
|1093|0x0000000722800000, 0x0000000723000000, 0x0000000723000000|100%| E|CS|TAMS 0x0000000722800000| PB 0x0000000722800000| Complete |  0
|1094|0x0000000723000000, 0x0000000723800000, 0x0000000723800000|100%| E|CS|TAMS 0x0000000723000000| PB 0x0000000723000000| Complete |  0
|1095|0x0000000723800000, 0x0000000724000000, 0x0000000724000000|100%| E|CS|TAMS 0x0000000723800000| PB 0x0000000723800000| Complete |  0
|1096|0x0000000724000000, 0x0000000724800000, 0x0000000724800000|100%| E|CS|TAMS 0x0000000724000000| PB 0x0000000724000000| Complete |  0
|1097|0x0000000724800000, 0x0000000725000000, 0x0000000725000000|100%| E|CS|TAMS 0x0000000724800000| PB 0x0000000724800000| Complete |  0
|1098|0x0000000725000000, 0x0000000725800000, 0x0000000725800000|100%| E|CS|TAMS 0x0000000725000000| PB 0x0000000725000000| Complete |  0
|1099|0x0000000725800000, 0x0000000726000000, 0x0000000726000000|100%| E|CS|TAMS 0x0000000725800000| PB 0x0000000725800000| Complete |  0
|1100|0x0000000726000000, 0x0000000726800000, 0x0000000726800000|100%| E|CS|TAMS 0x0000000726000000| PB 0x0000000726000000| Complete |  0
|1101|0x0000000726800000, 0x0000000727000000, 0x0000000727000000|100%| E|CS|TAMS 0x0000000726800000| PB 0x0000000726800000| Complete |  0
|1102|0x0000000727000000, 0x0000000727800000, 0x0000000727800000|100%| E|CS|TAMS 0x0000000727000000| PB 0x0000000727000000| Complete |  0
|1103|0x0000000727800000, 0x0000000728000000, 0x0000000728000000|100%| E|CS|TAMS 0x0000000727800000| PB 0x0000000727800000| Complete |  0
|1104|0x0000000728000000, 0x0000000728800000, 0x0000000728800000|100%| E|CS|TAMS 0x0000000728000000| PB 0x0000000728000000| Complete |  0
|1105|0x0000000728800000, 0x0000000729000000, 0x0000000729000000|100%| E|CS|TAMS 0x0000000728800000| PB 0x0000000728800000| Complete |  0
|1106|0x0000000729000000, 0x0000000729800000, 0x0000000729800000|100%| E|CS|TAMS 0x0000000729000000| PB 0x0000000729000000| Complete |  0
|1107|0x0000000729800000, 0x000000072a000000, 0x000000072a000000|100%| E|CS|TAMS 0x0000000729800000| PB 0x0000000729800000| Complete |  0
|1108|0x000000072a000000, 0x000000072a800000, 0x000000072a800000|100%| E|CS|TAMS 0x000000072a000000| PB 0x000000072a000000| Complete |  0
|1109|0x000000072a800000, 0x000000072b000000, 0x000000072b000000|100%| E|CS|TAMS 0x000000072a800000| PB 0x000000072a800000| Complete |  0
|1110|0x000000072b000000, 0x000000072b800000, 0x000000072b800000|100%| E|CS|TAMS 0x000000072b000000| PB 0x000000072b000000| Complete |  0
|1111|0x000000072b800000, 0x000000072c000000, 0x000000072c000000|100%| E|CS|TAMS 0x000000072b800000| PB 0x000000072b800000| Complete |  0
|1112|0x000000072c000000, 0x000000072c800000, 0x000000072c800000|100%| E|CS|TAMS 0x000000072c000000| PB 0x000000072c000000| Complete |  0
|1113|0x000000072c800000, 0x000000072d000000, 0x000000072d000000|100%| E|CS|TAMS 0x000000072c800000| PB 0x000000072c800000| Complete |  0
|1114|0x000000072d000000, 0x000000072d800000, 0x000000072d800000|100%| E|CS|TAMS 0x000000072d000000| PB 0x000000072d000000| Complete |  0
|1115|0x000000072d800000, 0x000000072e000000, 0x000000072e000000|100%| E|CS|TAMS 0x000000072d800000| PB 0x000000072d800000| Complete |  0
|1116|0x000000072e000000, 0x000000072e800000, 0x000000072e800000|100%| E|CS|TAMS 0x000000072e000000| PB 0x000000072e000000| Complete |  0
|1117|0x000000072e800000, 0x000000072f000000, 0x000000072f000000|100%| E|CS|TAMS 0x000000072e800000| PB 0x000000072e800000| Complete |  0
|1118|0x000000072f000000, 0x000000072f800000, 0x000000072f800000|100%| E|CS|TAMS 0x000000072f000000| PB 0x000000072f000000| Complete |  0
|1119|0x000000072f800000, 0x0000000730000000, 0x0000000730000000|100%| E|CS|TAMS 0x000000072f800000| PB 0x000000072f800000| Complete |  0
|1120|0x0000000730000000, 0x0000000730800000, 0x0000000730800000|100%| E|CS|TAMS 0x0000000730000000| PB 0x0000000730000000| Complete |  0
|1121|0x0000000730800000, 0x0000000731000000, 0x0000000731000000|100%| E|CS|TAMS 0x0000000730800000| PB 0x0000000730800000| Complete |  0
|1122|0x0000000731000000, 0x0000000731800000, 0x0000000731800000|100%| E|CS|TAMS 0x0000000731000000| PB 0x0000000731000000| Complete |  0
|1123|0x0000000731800000, 0x0000000732000000, 0x0000000732000000|100%| E|CS|TAMS 0x0000000731800000| PB 0x0000000731800000| Complete |  0
|1124|0x0000000732000000, 0x0000000732800000, 0x0000000732800000|100%| E|CS|TAMS 0x0000000732000000| PB 0x0000000732000000| Complete |  0
|1125|0x0000000732800000, 0x0000000733000000, 0x0000000733000000|100%| E|CS|TAMS 0x0000000732800000| PB 0x0000000732800000| Complete |  0
|1126|0x0000000733000000, 0x0000000733800000, 0x0000000733800000|100%| E|CS|TAMS 0x0000000733000000| PB 0x0000000733000000| Complete |  0
|1127|0x0000000733800000, 0x0000000734000000, 0x0000000734000000|100%| E|CS|TAMS 0x0000000733800000| PB 0x0000000733800000| Complete |  0
|1128|0x0000000734000000, 0x0000000734800000, 0x0000000734800000|100%| E|CS|TAMS 0x0000000734000000| PB 0x0000000734000000| Complete |  0
|1129|0x0000000734800000, 0x0000000735000000, 0x0000000735000000|100%| E|CS|TAMS 0x0000000734800000| PB 0x0000000734800000| Complete |  0
|1130|0x0000000735000000, 0x0000000735800000, 0x0000000735800000|100%| E|CS|TAMS 0x0000000735000000| PB 0x0000000735000000| Complete |  0
|1131|0x0000000735800000, 0x0000000736000000, 0x0000000736000000|100%| E|CS|TAMS 0x0000000735800000| PB 0x0000000735800000| Complete |  0
|1132|0x0000000736000000, 0x0000000736800000, 0x0000000736800000|100%| E|CS|TAMS 0x0000000736000000| PB 0x0000000736000000| Complete |  0
|1133|0x0000000736800000, 0x0000000737000000, 0x0000000737000000|100%| E|CS|TAMS 0x0000000736800000| PB 0x0000000736800000| Complete |  0
|1134|0x0000000737000000, 0x0000000737800000, 0x0000000737800000|100%| E|CS|TAMS 0x0000000737000000| PB 0x0000000737000000| Complete |  0
|1135|0x0000000737800000, 0x0000000738000000, 0x0000000738000000|100%| E|CS|TAMS 0x0000000737800000| PB 0x0000000737800000| Complete |  0
|1136|0x0000000738000000, 0x0000000738800000, 0x0000000738800000|100%| E|CS|TAMS 0x0000000738000000| PB 0x0000000738000000| Complete |  0
|1137|0x0000000738800000, 0x0000000739000000, 0x0000000739000000|100%| E|CS|TAMS 0x0000000738800000| PB 0x0000000738800000| Complete |  0
|1138|0x0000000739000000, 0x0000000739800000, 0x0000000739800000|100%| E|CS|TAMS 0x0000000739000000| PB 0x0000000739000000| Complete |  0
|1139|0x0000000739800000, 0x000000073a000000, 0x000000073a000000|100%| E|CS|TAMS 0x0000000739800000| PB 0x0000000739800000| Complete |  0
|1140|0x000000073a000000, 0x000000073a800000, 0x000000073a800000|100%| E|CS|TAMS 0x000000073a000000| PB 0x000000073a000000| Complete |  0
|1141|0x000000073a800000, 0x000000073b000000, 0x000000073b000000|100%| E|CS|TAMS 0x000000073a800000| PB 0x000000073a800000| Complete |  0
|1142|0x000000073b000000, 0x000000073b800000, 0x000000073b800000|100%| E|CS|TAMS 0x000000073b000000| PB 0x000000073b000000| Complete |  0
|1143|0x000000073b800000, 0x000000073c000000, 0x000000073c000000|100%| E|CS|TAMS 0x000000073b800000| PB 0x000000073b800000| Complete |  0
|1144|0x000000073c000000, 0x000000073c800000, 0x000000073c800000|100%| E|CS|TAMS 0x000000073c000000| PB 0x000000073c000000| Complete |  0
|1145|0x000000073c800000, 0x000000073d000000, 0x000000073d000000|100%| E|CS|TAMS 0x000000073c800000| PB 0x000000073c800000| Complete |  0
|1146|0x000000073d000000, 0x000000073d800000, 0x000000073d800000|100%| E|CS|TAMS 0x000000073d000000| PB 0x000000073d000000| Complete |  0
|1147|0x000000073d800000, 0x000000073e000000, 0x000000073e000000|100%| E|CS|TAMS 0x000000073d800000| PB 0x000000073d800000| Complete |  0
|1148|0x000000073e000000, 0x000000073e800000, 0x000000073e800000|100%| E|CS|TAMS 0x000000073e000000| PB 0x000000073e000000| Complete |  0
|1149|0x000000073e800000, 0x000000073f000000, 0x000000073f000000|100%| E|CS|TAMS 0x000000073e800000| PB 0x000000073e800000| Complete |  0
|1150|0x000000073f000000, 0x000000073f800000, 0x000000073f800000|100%| E|CS|TAMS 0x000000073f000000| PB 0x000000073f000000| Complete |  0
|1151|0x000000073f800000, 0x0000000740000000, 0x0000000740000000|100%| E|CS|TAMS 0x000000073f800000| PB 0x000000073f800000| Complete |  0
|1152|0x0000000740000000, 0x0000000740800000, 0x0000000740800000|100%| E|CS|TAMS 0x0000000740000000| PB 0x0000000740000000| Complete |  0
|1153|0x0000000740800000, 0x0000000741000000, 0x0000000741000000|100%| E|CS|TAMS 0x0000000740800000| PB 0x0000000740800000| Complete |  0
|1154|0x0000000741000000, 0x0000000741800000, 0x0000000741800000|100%| E|CS|TAMS 0x0000000741000000| PB 0x0000000741000000| Complete |  0
|1155|0x0000000741800000, 0x0000000742000000, 0x0000000742000000|100%| E|CS|TAMS 0x0000000741800000| PB 0x0000000741800000| Complete |  0
|1156|0x0000000742000000, 0x0000000742800000, 0x0000000742800000|100%| E|CS|TAMS 0x0000000742000000| PB 0x0000000742000000| Complete |  0
|1157|0x0000000742800000, 0x0000000743000000, 0x0000000743000000|100%| E|CS|TAMS 0x0000000742800000| PB 0x0000000742800000| Complete |  0
|1158|0x0000000743000000, 0x0000000743800000, 0x0000000743800000|100%| E|CS|TAMS 0x0000000743000000| PB 0x0000000743000000| Complete |  0
|1159|0x0000000743800000, 0x0000000744000000, 0x0000000744000000|100%| E|CS|TAMS 0x0000000743800000| PB 0x0000000743800000| Complete |  0
|1160|0x0000000744000000, 0x0000000744800000, 0x0000000744800000|100%| E|CS|TAMS 0x0000000744000000| PB 0x0000000744000000| Complete |  0
|1161|0x0000000744800000, 0x0000000745000000, 0x0000000745000000|100%| E|CS|TAMS 0x0000000744800000| PB 0x0000000744800000| Complete |  0
|1162|0x0000000745000000, 0x0000000745800000, 0x0000000745800000|100%| E|CS|TAMS 0x0000000745000000| PB 0x0000000745000000| Complete |  0
|1163|0x0000000745800000, 0x0000000746000000, 0x0000000746000000|100%| E|CS|TAMS 0x0000000745800000| PB 0x0000000745800000| Complete |  0
|1164|0x0000000746000000, 0x0000000746800000, 0x0000000746800000|100%| E|CS|TAMS 0x0000000746000000| PB 0x0000000746000000| Complete |  0
|1165|0x0000000746800000, 0x0000000747000000, 0x0000000747000000|100%| E|CS|TAMS 0x0000000746800000| PB 0x0000000746800000| Complete |  0
|1166|0x0000000747000000, 0x0000000747800000, 0x0000000747800000|100%| E|CS|TAMS 0x0000000747000000| PB 0x0000000747000000| Complete |  0
|1167|0x0000000747800000, 0x0000000748000000, 0x0000000748000000|100%| E|CS|TAMS 0x0000000747800000| PB 0x0000000747800000| Complete |  0
|1168|0x0000000748000000, 0x0000000748800000, 0x0000000748800000|100%| E|CS|TAMS 0x0000000748000000| PB 0x0000000748000000| Complete |  0
|1169|0x0000000748800000, 0x0000000749000000, 0x0000000749000000|100%| E|CS|TAMS 0x0000000748800000| PB 0x0000000748800000| Complete |  0
|1170|0x0000000749000000, 0x0000000749800000, 0x0000000749800000|100%| E|CS|TAMS 0x0000000749000000| PB 0x0000000749000000| Complete |  0
|1171|0x0000000749800000, 0x000000074a000000, 0x000000074a000000|100%| E|CS|TAMS 0x0000000749800000| PB 0x0000000749800000| Complete |  0
|1172|0x000000074a000000, 0x000000074a800000, 0x000000074a800000|100%| E|CS|TAMS 0x000000074a000000| PB 0x000000074a000000| Complete |  0
|1173|0x000000074a800000, 0x000000074b000000, 0x000000074b000000|100%| E|CS|TAMS 0x000000074a800000| PB 0x000000074a800000| Complete |  0
|1174|0x000000074b000000, 0x000000074b800000, 0x000000074b800000|100%| E|CS|TAMS 0x000000074b000000| PB 0x000000074b000000| Complete |  0
|1175|0x000000074b800000, 0x000000074c000000, 0x000000074c000000|100%| E|CS|TAMS 0x000000074b800000| PB 0x000000074b800000| Complete |  0
|1176|0x000000074c000000, 0x000000074c800000, 0x000000074c800000|100%| E|CS|TAMS 0x000000074c000000| PB 0x000000074c000000| Complete |  0
|1177|0x000000074c800000, 0x000000074d000000, 0x000000074d000000|100%| E|CS|TAMS 0x000000074c800000| PB 0x000000074c800000| Complete |  0
|1178|0x000000074d000000, 0x000000074d800000, 0x000000074d800000|100%| E|CS|TAMS 0x000000074d000000| PB 0x000000074d000000| Complete |  0
|1179|0x000000074d800000, 0x000000074e000000, 0x000000074e000000|100%| E|CS|TAMS 0x000000074d800000| PB 0x000000074d800000| Complete |  0
|1180|0x000000074e000000, 0x000000074e800000, 0x000000074e800000|100%| E|CS|TAMS 0x000000074e000000| PB 0x000000074e000000| Complete |  0
|1181|0x000000074e800000, 0x000000074f000000, 0x000000074f000000|100%| E|CS|TAMS 0x000000074e800000| PB 0x000000074e800000| Complete |  0
|1182|0x000000074f000000, 0x000000074f800000, 0x000000074f800000|100%| E|CS|TAMS 0x000000074f000000| PB 0x000000074f000000| Complete |  0
|1183|0x000000074f800000, 0x0000000750000000, 0x0000000750000000|100%| E|CS|TAMS 0x000000074f800000| PB 0x000000074f800000| Complete |  0
|1184|0x0000000750000000, 0x0000000750800000, 0x0000000750800000|100%| E|CS|TAMS 0x0000000750000000| PB 0x0000000750000000| Complete |  0
|1185|0x0000000750800000, 0x0000000751000000, 0x0000000751000000|100%| E|CS|TAMS 0x0000000750800000| PB 0x0000000750800000| Complete |  0
|1186|0x0000000751000000, 0x0000000751800000, 0x0000000751800000|100%| E|CS|TAMS 0x0000000751000000| PB 0x0000000751000000| Complete |  0
|1192|0x0000000754000000, 0x0000000754800000, 0x0000000754800000|100%| E|CS|TAMS 0x0000000754000000| PB 0x0000000754000000| Complete |  0
|1193|0x0000000754800000, 0x0000000755000000, 0x0000000755000000|100%| E|CS|TAMS 0x0000000754800000| PB 0x0000000754800000| Complete |  0
|1194|0x0000000755000000, 0x0000000755800000, 0x0000000755800000|100%| E|CS|TAMS 0x0000000755000000| PB 0x0000000755000000| Complete |  0
|1195|0x0000000755800000, 0x0000000756000000, 0x0000000756000000|100%| E|CS|TAMS 0x0000000755800000| PB 0x0000000755800000| Complete |  0
|1196|0x0000000756000000, 0x0000000756800000, 0x0000000756800000|100%| E|CS|TAMS 0x0000000756000000| PB 0x0000000756000000| Complete |  0
|1197|0x0000000756800000, 0x0000000757000000, 0x0000000757000000|100%| E|CS|TAMS 0x0000000756800000| PB 0x0000000756800000| Complete |  0
|1198|0x0000000757000000, 0x0000000757800000, 0x0000000757800000|100%| E|CS|TAMS 0x0000000757000000| PB 0x0000000757000000| Complete |  0
|1199|0x0000000757800000, 0x0000000758000000, 0x0000000758000000|100%| E|CS|TAMS 0x0000000757800000| PB 0x0000000757800000| Complete |  0
|1200|0x0000000758000000, 0x0000000758800000, 0x0000000758800000|100%| E|CS|TAMS 0x0000000758000000| PB 0x0000000758000000| Complete |  0
|1201|0x0000000758800000, 0x0000000759000000, 0x0000000759000000|100%| E|CS|TAMS 0x0000000758800000| PB 0x0000000758800000| Complete |  0
|1202|0x0000000759000000, 0x0000000759800000, 0x0000000759800000|100%| E|CS|TAMS 0x0000000759000000| PB 0x0000000759000000| Complete |  0
|1203|0x0000000759800000, 0x000000075a000000, 0x000000075a000000|100%| E|CS|TAMS 0x0000000759800000| PB 0x0000000759800000| Complete |  0
|1204|0x000000075a000000, 0x000000075a800000, 0x000000075a800000|100%| E|CS|TAMS 0x000000075a000000| PB 0x000000075a000000| Complete |  0
|1205|0x000000075a800000, 0x000000075b000000, 0x000000075b000000|100%| E|CS|TAMS 0x000000075a800000| PB 0x000000075a800000| Complete |  0
|1206|0x000000075b000000, 0x000000075b800000, 0x000000075b800000|100%| E|CS|TAMS 0x000000075b000000| PB 0x000000075b000000| Complete |  0
|1207|0x000000075b800000, 0x000000075c000000, 0x000000075c000000|100%| E|CS|TAMS 0x000000075b800000| PB 0x000000075b800000| Complete |  0
|1208|0x000000075c000000, 0x000000075c800000, 0x000000075c800000|100%| E|CS|TAMS 0x000000075c000000| PB 0x000000075c000000| Complete |  0
|1209|0x000000075c800000, 0x000000075d000000, 0x000000075d000000|100%| E|CS|TAMS 0x000000075c800000| PB 0x000000075c800000| Complete |  0
|1210|0x000000075d000000, 0x000000075d800000, 0x000000075d800000|100%| E|CS|TAMS 0x000000075d000000| PB 0x000000075d000000| Complete |  0
|1211|0x000000075d800000, 0x000000075e000000, 0x000000075e000000|100%| E|CS|TAMS 0x000000075d800000| PB 0x000000075d800000| Complete |  0
|1212|0x000000075e000000, 0x000000075e800000, 0x000000075e800000|100%| E|CS|TAMS 0x000000075e000000| PB 0x000000075e000000| Complete |  0
|1213|0x000000075e800000, 0x000000075f000000, 0x000000075f000000|100%| E|CS|TAMS 0x000000075e800000| PB 0x000000075e800000| Complete |  0
|1214|0x000000075f000000, 0x000000075f800000, 0x000000075f800000|100%| E|CS|TAMS 0x000000075f000000| PB 0x000000075f000000| Complete |  0
|1215|0x000000075f800000, 0x0000000760000000, 0x0000000760000000|100%| E|CS|TAMS 0x000000075f800000| PB 0x000000075f800000| Complete |  0
|1216|0x0000000760000000, 0x0000000760800000, 0x0000000760800000|100%| E|CS|TAMS 0x0000000760000000| PB 0x0000000760000000| Complete |  0
|1217|0x0000000760800000, 0x0000000761000000, 0x0000000761000000|100%| E|CS|TAMS 0x0000000760800000| PB 0x0000000760800000| Complete |  0
|1218|0x0000000761000000, 0x0000000761800000, 0x0000000761800000|100%| E|CS|TAMS 0x0000000761000000| PB 0x0000000761000000| Complete |  0
|1219|0x0000000761800000, 0x0000000762000000, 0x0000000762000000|100%| E|CS|TAMS 0x0000000761800000| PB 0x0000000761800000| Complete |  0
|1220|0x0000000762000000, 0x0000000762800000, 0x0000000762800000|100%| E|CS|TAMS 0x0000000762000000| PB 0x0000000762000000| Complete |  0
|1221|0x0000000762800000, 0x0000000763000000, 0x0000000763000000|100%| E|CS|TAMS 0x0000000762800000| PB 0x0000000762800000| Complete |  0
|1222|0x0000000763000000, 0x0000000763800000, 0x0000000763800000|100%| E|CS|TAMS 0x0000000763000000| PB 0x0000000763000000| Complete |  0
|1223|0x0000000763800000, 0x0000000764000000, 0x0000000764000000|100%| E|CS|TAMS 0x0000000763800000| PB 0x0000000763800000| Complete |  0
|1224|0x0000000764000000, 0x0000000764800000, 0x0000000764800000|100%| E|CS|TAMS 0x0000000764000000| PB 0x0000000764000000| Complete |  0
|1225|0x0000000764800000, 0x0000000765000000, 0x0000000765000000|100%| E|CS|TAMS 0x0000000764800000| PB 0x0000000764800000| Complete |  0
|1226|0x0000000765000000, 0x0000000765800000, 0x0000000765800000|100%| E|CS|TAMS 0x0000000765000000| PB 0x0000000765000000| Complete |  0
|1227|0x0000000765800000, 0x0000000766000000, 0x0000000766000000|100%| E|CS|TAMS 0x0000000765800000| PB 0x0000000765800000| Complete |  0
|1228|0x0000000766000000, 0x0000000766800000, 0x0000000766800000|100%| E|CS|TAMS 0x0000000766000000| PB 0x0000000766000000| Complete |  0
|1229|0x0000000766800000, 0x0000000767000000, 0x0000000767000000|100%| E|CS|TAMS 0x0000000766800000| PB 0x0000000766800000| Complete |  0
|1230|0x0000000767000000, 0x0000000767800000, 0x0000000767800000|100%| E|CS|TAMS 0x0000000767000000| PB 0x0000000767000000| Complete |  0
|1231|0x0000000767800000, 0x0000000768000000, 0x0000000768000000|100%| E|CS|TAMS 0x0000000767800000| PB 0x0000000767800000| Complete |  0
|1232|0x0000000768000000, 0x0000000768800000, 0x0000000768800000|100%| E|CS|TAMS 0x0000000768000000| PB 0x0000000768000000| Complete |  0
|1233|0x0000000768800000, 0x0000000769000000, 0x0000000769000000|100%| E|CS|TAMS 0x0000000768800000| PB 0x0000000768800000| Complete |  0
|1234|0x0000000769000000, 0x0000000769800000, 0x0000000769800000|100%| E|CS|TAMS 0x0000000769000000| PB 0x0000000769000000| Complete |  0
|1235|0x0000000769800000, 0x000000076a000000, 0x000000076a000000|100%| E|CS|TAMS 0x0000000769800000| PB 0x0000000769800000| Complete |  0
|1236|0x000000076a000000, 0x000000076a800000, 0x000000076a800000|100%| E|CS|TAMS 0x000000076a000000| PB 0x000000076a000000| Complete |  0
|1237|0x000000076a800000, 0x000000076b000000, 0x000000076b000000|100%| E|CS|TAMS 0x000000076a800000| PB 0x000000076a800000| Complete |  0
|1238|0x000000076b000000, 0x000000076b800000, 0x000000076b800000|100%| E|CS|TAMS 0x000000076b000000| PB 0x000000076b000000| Complete |  0
|1239|0x000000076b800000, 0x000000076c000000, 0x000000076c000000|100%| E|CS|TAMS 0x000000076b800000| PB 0x000000076b800000| Complete |  0
|1240|0x000000076c000000, 0x000000076c800000, 0x000000076c800000|100%| E|CS|TAMS 0x000000076c000000| PB 0x000000076c000000| Complete |  0
|1241|0x000000076c800000, 0x000000076d000000, 0x000000076d000000|100%| E|CS|TAMS 0x000000076c800000| PB 0x000000076c800000| Complete |  0
|1242|0x000000076d000000, 0x000000076d800000, 0x000000076d800000|100%| E|CS|TAMS 0x000000076d000000| PB 0x000000076d000000| Complete |  0
|1243|0x000000076d800000, 0x000000076e000000, 0x000000076e000000|100%| E|CS|TAMS 0x000000076d800000| PB 0x000000076d800000| Complete |  0
|1244|0x000000076e000000, 0x000000076e800000, 0x000000076e800000|100%| E|CS|TAMS 0x000000076e000000| PB 0x000000076e000000| Complete |  0
|1245|0x000000076e800000, 0x000000076f000000, 0x000000076f000000|100%| E|CS|TAMS 0x000000076e800000| PB 0x000000076e800000| Complete |  0
|1246|0x000000076f000000, 0x000000076f800000, 0x000000076f800000|100%| E|CS|TAMS 0x000000076f000000| PB 0x000000076f000000| Complete |  0
|1247|0x000000076f800000, 0x0000000770000000, 0x0000000770000000|100%| E|CS|TAMS 0x000000076f800000| PB 0x000000076f800000| Complete |  0
|1248|0x0000000770000000, 0x0000000770800000, 0x0000000770800000|100%| E|CS|TAMS 0x0000000770000000| PB 0x0000000770000000| Complete |  0
|1249|0x0000000770800000, 0x0000000771000000, 0x0000000771000000|100%| E|CS|TAMS 0x0000000770800000| PB 0x0000000770800000| Complete |  0
|1250|0x0000000771000000, 0x0000000771800000, 0x0000000771800000|100%| E|CS|TAMS 0x0000000771000000| PB 0x0000000771000000| Complete |  0
|1251|0x0000000771800000, 0x0000000772000000, 0x0000000772000000|100%| E|CS|TAMS 0x0000000771800000| PB 0x0000000771800000| Complete |  0
|1252|0x0000000772000000, 0x0000000772800000, 0x0000000772800000|100%| E|CS|TAMS 0x0000000772000000| PB 0x0000000772000000| Complete |  0
|1253|0x0000000772800000, 0x0000000773000000, 0x0000000773000000|100%| E|CS|TAMS 0x0000000772800000| PB 0x0000000772800000| Complete |  0
|1254|0x0000000773000000, 0x0000000773800000, 0x0000000773800000|100%| E|CS|TAMS 0x0000000773000000| PB 0x0000000773000000| Complete |  0
|1255|0x0000000773800000, 0x0000000774000000, 0x0000000774000000|100%| E|CS|TAMS 0x0000000773800000| PB 0x0000000773800000| Complete |  0
|1256|0x0000000774000000, 0x0000000774800000, 0x0000000774800000|100%| E|CS|TAMS 0x0000000774000000| PB 0x0000000774000000| Complete |  0
|1257|0x0000000774800000, 0x0000000775000000, 0x0000000775000000|100%| E|CS|TAMS 0x0000000774800000| PB 0x0000000774800000| Complete |  0
|1258|0x0000000775000000, 0x0000000775800000, 0x0000000775800000|100%| E|CS|TAMS 0x0000000775000000| PB 0x0000000775000000| Complete |  0
|1259|0x0000000775800000, 0x0000000776000000, 0x0000000776000000|100%| E|CS|TAMS 0x0000000775800000| PB 0x0000000775800000| Complete |  0
|1260|0x0000000776000000, 0x0000000776800000, 0x0000000776800000|100%| E|CS|TAMS 0x0000000776000000| PB 0x0000000776000000| Complete |  0
|1261|0x0000000776800000, 0x0000000777000000, 0x0000000777000000|100%| E|CS|TAMS 0x0000000776800000| PB 0x0000000776800000| Complete |  0
|1262|0x0000000777000000, 0x0000000777800000, 0x0000000777800000|100%| E|CS|TAMS 0x0000000777000000| PB 0x0000000777000000| Complete |  0
|1263|0x0000000777800000, 0x0000000778000000, 0x0000000778000000|100%| E|CS|TAMS 0x0000000777800000| PB 0x0000000777800000| Complete |  0
|1264|0x0000000778000000, 0x0000000778800000, 0x0000000778800000|100%| E|CS|TAMS 0x0000000778000000| PB 0x0000000778000000| Complete |  0
|1265|0x0000000778800000, 0x0000000779000000, 0x0000000779000000|100%| E|CS|TAMS 0x0000000778800000| PB 0x0000000778800000| Complete |  0
|1266|0x0000000779000000, 0x0000000779800000, 0x0000000779800000|100%| E|CS|TAMS 0x0000000779000000| PB 0x0000000779000000| Complete |  0
|1267|0x0000000779800000, 0x000000077a000000, 0x000000077a000000|100%| E|CS|TAMS 0x0000000779800000| PB 0x0000000779800000| Complete |  0
|1268|0x000000077a000000, 0x000000077a800000, 0x000000077a800000|100%| E|CS|TAMS 0x000000077a000000| PB 0x000000077a000000| Complete |  0
|1269|0x000000077a800000, 0x000000077b000000, 0x000000077b000000|100%| E|CS|TAMS 0x000000077a800000| PB 0x000000077a800000| Complete |  0
|1270|0x000000077b000000, 0x000000077b800000, 0x000000077b800000|100%| E|CS|TAMS 0x000000077b000000| PB 0x000000077b000000| Complete |  0
|1271|0x000000077b800000, 0x000000077c000000, 0x000000077c000000|100%| E|CS|TAMS 0x000000077b800000| PB 0x000000077b800000| Complete |  0
|1272|0x000000077c000000, 0x000000077c800000, 0x000000077c800000|100%| E|CS|TAMS 0x000000077c000000| PB 0x000000077c000000| Complete |  0
|1273|0x000000077c800000, 0x000000077d000000, 0x000000077d000000|100%| E|CS|TAMS 0x000000077c800000| PB 0x000000077c800000| Complete |  0
|1274|0x000000077d000000, 0x000000077d800000, 0x000000077d800000|100%| E|CS|TAMS 0x000000077d000000| PB 0x000000077d000000| Complete |  0
|1275|0x000000077d800000, 0x000000077e000000, 0x000000077e000000|100%| E|CS|TAMS 0x000000077d800000| PB 0x000000077d800000| Complete |  0
|1276|0x000000077e000000, 0x000000077e800000, 0x000000077e800000|100%| E|CS|TAMS 0x000000077e000000| PB 0x000000077e000000| Complete |  0
|1277|0x000000077e800000, 0x000000077f000000, 0x000000077f000000|100%| E|CS|TAMS 0x000000077e800000| PB 0x000000077e800000| Complete |  0
|1282|0x0000000781000000, 0x0000000781800000, 0x0000000781800000|100%| E|CS|TAMS 0x0000000781000000| PB 0x0000000781000000| Complete |  0
|1283|0x0000000781800000, 0x0000000782000000, 0x0000000782000000|100%| E|CS|TAMS 0x0000000781800000| PB 0x0000000781800000| Complete |  0
|1284|0x0000000782000000, 0x0000000782800000, 0x0000000782800000|100%| E|CS|TAMS 0x0000000782000000| PB 0x0000000782000000| Complete |  0
|1285|0x0000000782800000, 0x0000000783000000, 0x0000000783000000|100%| E|CS|TAMS 0x0000000782800000| PB 0x0000000782800000| Complete |  0
|1286|0x0000000783000000, 0x0000000783800000, 0x0000000783800000|100%| E|CS|TAMS 0x0000000783000000| PB 0x0000000783000000| Complete |  0
|1287|0x0000000783800000, 0x0000000784000000, 0x0000000784000000|100%| E|CS|TAMS 0x0000000783800000| PB 0x0000000783800000| Complete |  0
|1288|0x0000000784000000, 0x0000000784800000, 0x0000000784800000|100%| E|CS|TAMS 0x0000000784000000| PB 0x0000000784000000| Complete |  0
|1289|0x0000000784800000, 0x0000000785000000, 0x0000000785000000|100%| E|CS|TAMS 0x0000000784800000| PB 0x0000000784800000| Complete |  0
|1290|0x0000000785000000, 0x0000000785800000, 0x0000000785800000|100%| E|CS|TAMS 0x0000000785000000| PB 0x0000000785000000| Complete |  0
|1291|0x0000000785800000, 0x0000000786000000, 0x0000000786000000|100%| E|CS|TAMS 0x0000000785800000| PB 0x0000000785800000| Complete |  0
|1292|0x0000000786000000, 0x0000000786800000, 0x0000000786800000|100%| E|CS|TAMS 0x0000000786000000| PB 0x0000000786000000| Complete |  0
|1293|0x0000000786800000, 0x0000000787000000, 0x0000000787000000|100%| E|CS|TAMS 0x0000000786800000| PB 0x0000000786800000| Complete |  0
|1294|0x0000000787000000, 0x0000000787800000, 0x0000000787800000|100%| E|CS|TAMS 0x0000000787000000| PB 0x0000000787000000| Complete |  0
|1295|0x0000000787800000, 0x0000000788000000, 0x0000000788000000|100%| E|CS|TAMS 0x0000000787800000| PB 0x0000000787800000| Complete |  0
|1296|0x0000000788000000, 0x0000000788800000, 0x0000000788800000|100%| E|CS|TAMS 0x0000000788000000| PB 0x0000000788000000| Complete |  0
|1297|0x0000000788800000, 0x0000000789000000, 0x0000000789000000|100%| E|CS|TAMS 0x0000000788800000| PB 0x0000000788800000| Complete |  0
|1301|0x000000078a800000, 0x000000078b000000, 0x000000078b000000|100%| E|CS|TAMS 0x000000078a800000| PB 0x000000078a800000| Complete |  0
|1302|0x000000078b000000, 0x000000078b800000, 0x000000078b800000|100%| E|CS|TAMS 0x000000078b000000| PB 0x000000078b000000| Complete |  0
|1303|0x000000078b800000, 0x000000078c000000, 0x000000078c000000|100%| E|CS|TAMS 0x000000078b800000| PB 0x000000078b800000| Complete |  0
|1304|0x000000078c000000, 0x000000078c800000, 0x000000078c800000|100%| E|CS|TAMS 0x000000078c000000| PB 0x000000078c000000| Complete |  0
|1305|0x000000078c800000, 0x000000078d000000, 0x000000078d000000|100%| E|CS|TAMS 0x000000078c800000| PB 0x000000078c800000| Complete |  0
|1306|0x000000078d000000, 0x000000078d800000, 0x000000078d800000|100%| E|CS|TAMS 0x000000078d000000| PB 0x000000078d000000| Complete |  0
|1307|0x000000078d800000, 0x000000078e000000, 0x000000078e000000|100%| E|CS|TAMS 0x000000078d800000| PB 0x000000078d800000| Complete |  0
|1308|0x000000078e000000, 0x000000078e800000, 0x000000078e800000|100%| E|CS|TAMS 0x000000078e000000| PB 0x000000078e000000| Complete |  0
|1309|0x000000078e800000, 0x000000078f000000, 0x000000078f000000|100%| E|CS|TAMS 0x000000078e800000| PB 0x000000078e800000| Complete |  0
|1310|0x000000078f000000, 0x000000078f800000, 0x000000078f800000|100%| E|CS|TAMS 0x000000078f000000| PB 0x000000078f000000| Complete |  0
|1311|0x000000078f800000, 0x0000000790000000, 0x0000000790000000|100%| E|CS|TAMS 0x000000078f800000| PB 0x000000078f800000| Complete |  0
|1312|0x0000000790000000, 0x0000000790800000, 0x0000000790800000|100%| E|CS|TAMS 0x0000000790000000| PB 0x0000000790000000| Complete |  0
|1313|0x0000000790800000, 0x0000000791000000, 0x0000000791000000|100%| E|CS|TAMS 0x0000000790800000| PB 0x0000000790800000| Complete |  0
|1314|0x0000000791000000, 0x0000000791800000, 0x0000000791800000|100%| E|CS|TAMS 0x0000000791000000| PB 0x0000000791000000| Complete |  0
|1315|0x0000000791800000, 0x0000000792000000, 0x0000000792000000|100%| E|CS|TAMS 0x0000000791800000| PB 0x0000000791800000| Complete |  0
|1316|0x0000000792000000, 0x0000000792800000, 0x0000000792800000|100%| E|CS|TAMS 0x0000000792000000| PB 0x0000000792000000| Complete |  0
|1317|0x0000000792800000, 0x0000000793000000, 0x0000000793000000|100%| E|CS|TAMS 0x0000000792800000| PB 0x0000000792800000| Complete |  0
|1318|0x0000000793000000, 0x0000000793800000, 0x0000000793800000|100%| E|CS|TAMS 0x0000000793000000| PB 0x0000000793000000| Complete |  0
|1319|0x0000000793800000, 0x0000000794000000, 0x0000000794000000|100%| E|CS|TAMS 0x0000000793800000| PB 0x0000000793800000| Complete |  0
|1320|0x0000000794000000, 0x0000000794800000, 0x0000000794800000|100%| E|CS|TAMS 0x0000000794000000| PB 0x0000000794000000| Complete |  0
|1321|0x0000000794800000, 0x0000000795000000, 0x0000000795000000|100%| E|CS|TAMS 0x0000000794800000| PB 0x0000000794800000| Complete |  0
|1322|0x0000000795000000, 0x0000000795800000, 0x0000000795800000|100%| E|CS|TAMS 0x0000000795000000| PB 0x0000000795000000| Complete |  0
|1323|0x0000000795800000, 0x0000000796000000, 0x0000000796000000|100%| E|CS|TAMS 0x0000000795800000| PB 0x0000000795800000| Complete |  0
|1324|0x0000000796000000, 0x0000000796800000, 0x0000000796800000|100%| E|CS|TAMS 0x0000000796000000| PB 0x0000000796000000| Complete |  0
|1325|0x0000000796800000, 0x0000000797000000, 0x0000000797000000|100%| E|CS|TAMS 0x0000000796800000| PB 0x0000000796800000| Complete |  0
|1326|0x0000000797000000, 0x0000000797800000, 0x0000000797800000|100%| E|CS|TAMS 0x0000000797000000| PB 0x0000000797000000| Complete |  0
|1327|0x0000000797800000, 0x0000000798000000, 0x0000000798000000|100%| E|CS|TAMS 0x0000000797800000| PB 0x0000000797800000| Complete |  0
|1328|0x0000000798000000, 0x0000000798800000, 0x0000000798800000|100%| E|CS|TAMS 0x0000000798000000| PB 0x0000000798000000| Complete |  0
|1329|0x0000000798800000, 0x0000000799000000, 0x0000000799000000|100%| E|CS|TAMS 0x0000000798800000| PB 0x0000000798800000| Complete |  0
|1330|0x0000000799000000, 0x0000000799800000, 0x0000000799800000|100%| E|CS|TAMS 0x0000000799000000| PB 0x0000000799000000| Complete |  0
|1331|0x0000000799800000, 0x000000079a000000, 0x000000079a000000|100%| E|CS|TAMS 0x0000000799800000| PB 0x0000000799800000| Complete |  0
|1332|0x000000079a000000, 0x000000079a800000, 0x000000079a800000|100%| E|CS|TAMS 0x000000079a000000| PB 0x000000079a000000| Complete |  0
|1333|0x000000079a800000, 0x000000079b000000, 0x000000079b000000|100%| E|CS|TAMS 0x000000079a800000| PB 0x000000079a800000| Complete |  0
|1334|0x000000079b000000, 0x000000079b800000, 0x000000079b800000|100%| E|CS|TAMS 0x000000079b000000| PB 0x000000079b000000| Complete |  0
|1335|0x000000079b800000, 0x000000079c000000, 0x000000079c000000|100%| E|CS|TAMS 0x000000079b800000| PB 0x000000079b800000| Complete |  0
|1336|0x000000079c000000, 0x000000079c800000, 0x000000079c800000|100%| E|CS|TAMS 0x000000079c000000| PB 0x000000079c000000| Complete |  0
|1337|0x000000079c800000, 0x000000079d000000, 0x000000079d000000|100%| E|CS|TAMS 0x000000079c800000| PB 0x000000079c800000| Complete |  0
|1338|0x000000079d000000, 0x000000079d800000, 0x000000079d800000|100%| E|CS|TAMS 0x000000079d000000| PB 0x000000079d000000| Complete |  0
|1339|0x000000079d800000, 0x000000079e000000, 0x000000079e000000|100%| E|CS|TAMS 0x000000079d800000| PB 0x000000079d800000| Complete |  0
|1340|0x000000079e000000, 0x000000079e800000, 0x000000079e800000|100%| E|CS|TAMS 0x000000079e000000| PB 0x000000079e000000| Complete |  0
|1341|0x000000079e800000, 0x000000079f000000, 0x000000079f000000|100%| E|CS|TAMS 0x000000079e800000| PB 0x000000079e800000| Complete |  0
|1342|0x000000079f000000, 0x000000079f800000, 0x000000079f800000|100%| E|CS|TAMS 0x000000079f000000| PB 0x000000079f000000| Complete |  0
|1343|0x000000079f800000, 0x00000007a0000000, 0x00000007a0000000|100%| E|CS|TAMS 0x000000079f800000| PB 0x000000079f800000| Complete |  0
|1344|0x00000007a0000000, 0x00000007a0800000, 0x00000007a0800000|100%| E|CS|TAMS 0x00000007a0000000| PB 0x00000007a0000000| Complete |  0
|1345|0x00000007a0800000, 0x00000007a1000000, 0x00000007a1000000|100%| E|CS|TAMS 0x00000007a0800000| PB 0x00000007a0800000| Complete |  0
|1346|0x00000007a1000000, 0x00000007a1800000, 0x00000007a1800000|100%| E|CS|TAMS 0x00000007a1000000| PB 0x00000007a1000000| Complete |  0
|1347|0x00000007a1800000, 0x00000007a2000000, 0x00000007a2000000|100%| E|CS|TAMS 0x00000007a1800000| PB 0x00000007a1800000| Complete |  0
|1348|0x00000007a2000000, 0x00000007a2800000, 0x00000007a2800000|100%| E|CS|TAMS 0x00000007a2000000| PB 0x00000007a2000000| Complete |  0
|1349|0x00000007a2800000, 0x00000007a3000000, 0x00000007a3000000|100%| E|CS|TAMS 0x00000007a2800000| PB 0x00000007a2800000| Complete |  0
|1350|0x00000007a3000000, 0x00000007a3800000, 0x00000007a3800000|100%| E|CS|TAMS 0x00000007a3000000| PB 0x00000007a3000000| Complete |  0
|1351|0x00000007a3800000, 0x00000007a4000000, 0x00000007a4000000|100%| E|CS|TAMS 0x00000007a3800000| PB 0x00000007a3800000| Complete |  0
|1352|0x00000007a4000000, 0x00000007a4800000, 0x00000007a4800000|100%| E|CS|TAMS 0x00000007a4000000| PB 0x00000007a4000000| Complete |  0
|1362|0x00000007a9000000, 0x00000007a9800000, 0x00000007a9800000|100%| E|CS|TAMS 0x00000007a9000000| PB 0x00000007a9000000| Complete |  0
|1363|0x00000007a9800000, 0x00000007aa000000, 0x00000007aa000000|100%| E|CS|TAMS 0x00000007a9800000| PB 0x00000007a9800000| Complete |  0
|1364|0x00000007aa000000, 0x00000007aa800000, 0x00000007aa800000|100%| E|CS|TAMS 0x00000007aa000000| PB 0x00000007aa000000| Complete |  0
|1365|0x00000007aa800000, 0x00000007ab000000, 0x00000007ab000000|100%| E|CS|TAMS 0x00000007aa800000| PB 0x00000007aa800000| Complete |  0
|1366|0x00000007ab000000, 0x00000007ab800000, 0x00000007ab800000|100%| E|CS|TAMS 0x00000007ab000000| PB 0x00000007ab000000| Complete |  0
|1367|0x00000007ab800000, 0x00000007ac000000, 0x00000007ac000000|100%| E|CS|TAMS 0x00000007ab800000| PB 0x00000007ab800000| Complete |  0
|1368|0x00000007ac000000, 0x00000007ac800000, 0x00000007ac800000|100%| E|CS|TAMS 0x00000007ac000000| PB 0x00000007ac000000| Complete |  0
|1369|0x00000007ac800000, 0x00000007ad000000, 0x00000007ad000000|100%| E|CS|TAMS 0x00000007ac800000| PB 0x00000007ac800000| Complete |  0
|1370|0x00000007ad000000, 0x00000007ad800000, 0x00000007ad800000|100%| E|CS|TAMS 0x00000007ad000000| PB 0x00000007ad000000| Complete |  0
|1371|0x00000007ad800000, 0x00000007ae000000, 0x00000007ae000000|100%| E|CS|TAMS 0x00000007ad800000| PB 0x00000007ad800000| Complete |  0
|1372|0x00000007ae000000, 0x00000007ae800000, 0x00000007ae800000|100%| E|CS|TAMS 0x00000007ae000000| PB 0x00000007ae000000| Complete |  0
|1373|0x00000007ae800000, 0x00000007af000000, 0x00000007af000000|100%| E|CS|TAMS 0x00000007ae800000| PB 0x00000007ae800000| Complete |  0
|1425|0x00000007c8800000, 0x00000007c9000000, 0x00000007c9000000|100%| E|CS|TAMS 0x00000007c8800000| PB 0x00000007c8800000| Complete |  0
|1426|0x00000007c9000000, 0x00000007c9800000, 0x00000007c9800000|100%| E|CS|TAMS 0x00000007c9000000| PB 0x00000007c9000000| Complete |  0
|1427|0x00000007c9800000, 0x00000007ca000000, 0x00000007ca000000|100%| E|CS|TAMS 0x00000007c9800000| PB 0x00000007c9800000| Complete |  0
|1428|0x00000007ca000000, 0x00000007ca800000, 0x00000007ca800000|100%| O|  |TAMS 0x00000007ca000000| PB 0x00000007ca000000| Untracked |  0
|1429|0x00000007ca800000, 0x00000007cb000000, 0x00000007cb000000|100%| O|  |TAMS 0x00000007ca800000| PB 0x00000007ca800000| Untracked |  0
|1430|0x00000007cb000000, 0x00000007cb800000, 0x00000007cb800000|100%| E|CS|TAMS 0x00000007cb000000| PB 0x00000007cb000000| Complete |  0
|1431|0x00000007cb800000, 0x00000007cc000000, 0x00000007cc000000|100%| E|CS|TAMS 0x00000007cb800000| PB 0x00000007cb800000| Complete |  0
|1432|0x00000007cc000000, 0x00000007cc800000, 0x00000007cc800000|100%| E|CS|TAMS 0x00000007cc000000| PB 0x00000007cc000000| Complete |  0
|1433|0x00000007cc800000, 0x00000007cd000000, 0x00000007cd000000|100%| E|CS|TAMS 0x00000007cc800000| PB 0x00000007cc800000| Complete |  0
|1434|0x00000007cd000000, 0x00000007cd800000, 0x00000007cd800000|100%| E|CS|TAMS 0x00000007cd000000| PB 0x00000007cd000000| Complete |  0
|1435|0x00000007cd800000, 0x00000007ce000000, 0x00000007ce000000|100%| E|CS|TAMS 0x00000007cd800000| PB 0x00000007cd800000| Complete |  0
|1436|0x00000007ce000000, 0x00000007ce800000, 0x00000007ce800000|100%| E|CS|TAMS 0x00000007ce000000| PB 0x00000007ce000000| Complete |  0
|1437|0x00000007ce800000, 0x00000007cf000000, 0x00000007cf000000|100%| E|CS|TAMS 0x00000007ce800000| PB 0x00000007ce800000| Complete |  0
|1443|0x00000007d1800000, 0x00000007d2000000, 0x00000007d2000000|100%| E|CS|TAMS 0x00000007d1800000| PB 0x00000007d1800000| Complete |  0
|1444|0x00000007d2000000, 0x00000007d2800000, 0x00000007d2800000|100%| E|CS|TAMS 0x00000007d2000000| PB 0x00000007d2000000| Complete |  0
|1445|0x00000007d2800000, 0x00000007d3000000, 0x00000007d3000000|100%| E|CS|TAMS 0x00000007d2800000| PB 0x00000007d2800000| Complete |  0
|1446|0x00000007d3000000, 0x00000007d3800000, 0x00000007d3800000|100%| E|CS|TAMS 0x00000007d3000000| PB 0x00000007d3000000| Complete |  0
|1447|0x00000007d3800000, 0x00000007d4000000, 0x00000007d4000000|100%| E|CS|TAMS 0x00000007d3800000| PB 0x00000007d3800000| Complete |  0
|1448|0x00000007d4000000, 0x00000007d4800000, 0x00000007d4800000|100%| E|CS|TAMS 0x00000007d4000000| PB 0x00000007d4000000| Complete |  0
|1449|0x00000007d4800000, 0x00000007d5000000, 0x00000007d5000000|100%| E|CS|TAMS 0x00000007d4800000| PB 0x00000007d4800000| Complete |  0
|1450|0x00000007d5000000, 0x00000007d5800000, 0x00000007d5800000|100%| E|CS|TAMS 0x00000007d5000000| PB 0x00000007d5000000| Complete |  0
|1451|0x00000007d5800000, 0x00000007d6000000, 0x00000007d6000000|100%| E|CS|TAMS 0x00000007d5800000| PB 0x00000007d5800000| Complete |  0
|1452|0x00000007d6000000, 0x00000007d6800000, 0x00000007d6800000|100%| E|CS|TAMS 0x00000007d6000000| PB 0x00000007d6000000| Complete |  0
|1453|0x00000007d6800000, 0x00000007d7000000, 0x00000007d7000000|100%| E|CS|TAMS 0x00000007d6800000| PB 0x00000007d6800000| Complete |  0
|1454|0x00000007d7000000, 0x00000007d7800000, 0x00000007d7800000|100%| E|CS|TAMS 0x00000007d7000000| PB 0x00000007d7000000| Complete |  0
|1455|0x00000007d7800000, 0x00000007d8000000, 0x00000007d8000000|100%| E|CS|TAMS 0x00000007d7800000| PB 0x00000007d7800000| Complete |  0
|1456|0x00000007d8000000, 0x00000007d8800000, 0x00000007d8800000|100%| E|CS|TAMS 0x00000007d8000000| PB 0x00000007d8000000| Complete |  0
|1457|0x00000007d8800000, 0x00000007d9000000, 0x00000007d9000000|100%| E|CS|TAMS 0x00000007d8800000| PB 0x00000007d8800000| Complete |  0
|1458|0x00000007d9000000, 0x00000007d9800000, 0x00000007d9800000|100%| E|CS|TAMS 0x00000007d9000000| PB 0x00000007d9000000| Complete |  0
|1459|0x00000007d9800000, 0x00000007da000000, 0x00000007da000000|100%| E|CS|TAMS 0x00000007d9800000| PB 0x00000007d9800000| Complete |  0
|1460|0x00000007da000000, 0x00000007da800000, 0x00000007da800000|100%| E|CS|TAMS 0x00000007da000000| PB 0x00000007da000000| Complete |  0
|1461|0x00000007da800000, 0x00000007db000000, 0x00000007db000000|100%| E|CS|TAMS 0x00000007da800000| PB 0x00000007da800000| Complete |  0
|1462|0x00000007db000000, 0x00000007db800000, 0x00000007db800000|100%| E|CS|TAMS 0x00000007db000000| PB 0x00000007db000000| Complete |  0
|1463|0x00000007db800000, 0x00000007dc000000, 0x00000007dc000000|100%| E|CS|TAMS 0x00000007db800000| PB 0x00000007db800000| Complete |  0
|1464|0x00000007dc000000, 0x00000007dc800000, 0x00000007dc800000|100%| E|CS|TAMS 0x00000007dc000000| PB 0x00000007dc000000| Complete |  0
|1465|0x00000007dc800000, 0x00000007dd000000, 0x00000007dd000000|100%| E|CS|TAMS 0x00000007dc800000| PB 0x00000007dc800000| Complete |  0
|1466|0x00000007dd000000, 0x00000007dd800000, 0x00000007dd800000|100%| E|CS|TAMS 0x00000007dd000000| PB 0x00000007dd000000| Complete |  0
|1467|0x00000007dd800000, 0x00000007de000000, 0x00000007de000000|100%| E|CS|TAMS 0x00000007dd800000| PB 0x00000007dd800000| Complete |  0
|1468|0x00000007de000000, 0x00000007de800000, 0x00000007de800000|100%| E|CS|TAMS 0x00000007de000000| PB 0x00000007de000000| Complete |  0
|1469|0x00000007de800000, 0x00000007df000000, 0x00000007df000000|100%| E|CS|TAMS 0x00000007de800000| PB 0x00000007de800000| Complete |  0
|1470|0x00000007df000000, 0x00000007df800000, 0x00000007df800000|100%| E|CS|TAMS 0x00000007df000000| PB 0x00000007df000000| Complete |  0
|1471|0x00000007df800000, 0x00000007e0000000, 0x00000007e0000000|100%| E|CS|TAMS 0x00000007df800000| PB 0x00000007df800000| Complete |  0
|1472|0x00000007e0000000, 0x00000007e0800000, 0x00000007e0800000|100%| E|CS|TAMS 0x00000007e0000000| PB 0x00000007e0000000| Complete |  0
|1473|0x00000007e0800000, 0x00000007e1000000, 0x00000007e1000000|100%| E|CS|TAMS 0x00000007e0800000| PB 0x00000007e0800000| Complete |  0
|1474|0x00000007e1000000, 0x00000007e1800000, 0x00000007e1800000|100%| E|CS|TAMS 0x00000007e1000000| PB 0x00000007e1000000| Complete |  0
|1475|0x00000007e1800000, 0x00000007e2000000, 0x00000007e2000000|100%| E|CS|TAMS 0x00000007e1800000| PB 0x00000007e1800000| Complete |  0
|1476|0x00000007e2000000, 0x00000007e2800000, 0x00000007e2800000|100%| E|CS|TAMS 0x00000007e2000000| PB 0x00000007e2000000| Complete |  0
|1477|0x00000007e2800000, 0x00000007e3000000, 0x00000007e3000000|100%| E|CS|TAMS 0x00000007e2800000| PB 0x00000007e2800000| Complete |  0
|1478|0x00000007e3000000, 0x00000007e3800000, 0x00000007e3800000|100%| E|CS|TAMS 0x00000007e3000000| PB 0x00000007e3000000| Complete |  0
|1479|0x00000007e3800000, 0x00000007e4000000, 0x00000007e4000000|100%| E|CS|TAMS 0x00000007e3800000| PB 0x00000007e3800000| Complete |  0
|1480|0x00000007e4000000, 0x00000007e4800000, 0x00000007e4800000|100%| E|CS|TAMS 0x00000007e4000000| PB 0x00000007e4000000| Complete |  0
|1481|0x00000007e4800000, 0x00000007e5000000, 0x00000007e5000000|100%| E|CS|TAMS 0x00000007e4800000| PB 0x00000007e4800000| Complete |  0
|1482|0x00000007e5000000, 0x00000007e5800000, 0x00000007e5800000|100%| E|CS|TAMS 0x00000007e5000000| PB 0x00000007e5000000| Complete |  0
|1483|0x00000007e5800000, 0x00000007e6000000, 0x00000007e6000000|100%| E|CS|TAMS 0x00000007e5800000| PB 0x00000007e5800000| Complete |  0
|1484|0x00000007e6000000, 0x00000007e6800000, 0x00000007e6800000|100%| E|CS|TAMS 0x00000007e6000000| PB 0x00000007e6000000| Complete |  0
|1485|0x00000007e6800000, 0x00000007e7000000, 0x00000007e7000000|100%| E|CS|TAMS 0x00000007e6800000| PB 0x00000007e6800000| Complete |  0
|1486|0x00000007e7000000, 0x00000007e7800000, 0x00000007e7800000|100%| E|CS|TAMS 0x00000007e7000000| PB 0x00000007e7000000| Complete |  0
|1487|0x00000007e7800000, 0x00000007e8000000, 0x00000007e8000000|100%| E|CS|TAMS 0x00000007e7800000| PB 0x00000007e7800000| Complete |  0
|1488|0x00000007e8000000, 0x00000007e8800000, 0x00000007e8800000|100%| E|CS|TAMS 0x00000007e8000000| PB 0x00000007e8000000| Complete |  0
|1489|0x00000007e8800000, 0x00000007e9000000, 0x00000007e9000000|100%| E|CS|TAMS 0x00000007e8800000| PB 0x00000007e8800000| Complete |  0
|1490|0x00000007e9000000, 0x00000007e9800000, 0x00000007e9800000|100%| E|CS|TAMS 0x00000007e9000000| PB 0x00000007e9000000| Complete |  0
|1491|0x00000007e9800000, 0x00000007ea000000, 0x00000007ea000000|100%| E|CS|TAMS 0x00000007e9800000| PB 0x00000007e9800000| Complete |  0
|1492|0x00000007ea000000, 0x00000007ea800000, 0x00000007ea800000|100%| E|CS|TAMS 0x00000007ea000000| PB 0x00000007ea000000| Complete |  0
|1493|0x00000007ea800000, 0x00000007eb000000, 0x00000007eb000000|100%| E|CS|TAMS 0x00000007ea800000| PB 0x00000007ea800000| Complete |  0
|1494|0x00000007eb000000, 0x00000007eb800000, 0x00000007eb800000|100%| E|CS|TAMS 0x00000007eb000000| PB 0x00000007eb000000| Complete |  0
|1495|0x00000007eb800000, 0x00000007ec000000, 0x00000007ec000000|100%| E|CS|TAMS 0x00000007eb800000| PB 0x00000007eb800000| Complete |  0
|1496|0x00000007ec000000, 0x00000007ec800000, 0x00000007ec800000|100%| E|CS|TAMS 0x00000007ec000000| PB 0x00000007ec000000| Complete |  0
|1497|0x00000007ec800000, 0x00000007ed000000, 0x00000007ed000000|100%| E|CS|TAMS 0x00000007ec800000| PB 0x00000007ec800000| Complete |  0
|1498|0x00000007ed000000, 0x00000007ed800000, 0x00000007ed800000|100%| E|CS|TAMS 0x00000007ed000000| PB 0x00000007ed000000| Complete |  0
|1499|0x00000007ed800000, 0x00000007ee000000, 0x00000007ee000000|100%| E|CS|TAMS 0x00000007ed800000| PB 0x00000007ed800000| Complete |  0
|1500|0x00000007ee000000, 0x00000007ee800000, 0x00000007ee800000|100%| E|CS|TAMS 0x00000007ee000000| PB 0x00000007ee000000| Complete |  0
|1501|0x00000007ee800000, 0x00000007ef000000, 0x00000007ef000000|100%| E|CS|TAMS 0x00000007ee800000| PB 0x00000007ee800000| Complete |  0
|1502|0x00000007ef000000, 0x00000007ef800000, 0x00000007ef800000|100%| E|CS|TAMS 0x00000007ef000000| PB 0x00000007ef000000| Complete |  0
|1503|0x00000007ef800000, 0x00000007f0000000, 0x00000007f0000000|100%| E|CS|TAMS 0x00000007ef800000| PB 0x00000007ef800000| Complete |  0
|1504|0x00000007f0000000, 0x00000007f0800000, 0x00000007f0800000|100%| E|CS|TAMS 0x00000007f0000000| PB 0x00000007f0000000| Complete |  0
|1505|0x00000007f0800000, 0x00000007f1000000, 0x00000007f1000000|100%| E|CS|TAMS 0x00000007f0800000| PB 0x00000007f0800000| Complete |  0
|1506|0x00000007f1000000, 0x00000007f1800000, 0x00000007f1800000|100%| E|CS|TAMS 0x00000007f1000000| PB 0x00000007f1000000| Complete |  0
|1507|0x00000007f1800000, 0x00000007f2000000, 0x00000007f2000000|100%| E|CS|TAMS 0x00000007f1800000| PB 0x00000007f1800000| Complete |  0
|1508|0x00000007f2000000, 0x00000007f2800000, 0x00000007f2800000|100%| E|CS|TAMS 0x00000007f2000000| PB 0x00000007f2000000| Complete |  0
|1509|0x00000007f2800000, 0x00000007f3000000, 0x00000007f3000000|100%| E|CS|TAMS 0x00000007f2800000| PB 0x00000007f2800000| Complete |  0
|1510|0x00000007f3000000, 0x00000007f3800000, 0x00000007f3800000|100%| E|CS|TAMS 0x00000007f3000000| PB 0x00000007f3000000| Complete |  0
|1511|0x00000007f3800000, 0x00000007f4000000, 0x00000007f4000000|100%| E|CS|TAMS 0x00000007f3800000| PB 0x00000007f3800000| Complete |  0
|1512|0x00000007f4000000, 0x00000007f4800000, 0x00000007f4800000|100%| E|CS|TAMS 0x00000007f4000000| PB 0x00000007f4000000| Complete |  0
|1513|0x00000007f4800000, 0x00000007f5000000, 0x00000007f5000000|100%| E|CS|TAMS 0x00000007f4800000| PB 0x00000007f4800000| Complete |  0
|1514|0x00000007f5000000, 0x00000007f5800000, 0x00000007f5800000|100%| E|CS|TAMS 0x00000007f5000000| PB 0x00000007f5000000| Complete |  0
|1515|0x00000007f5800000, 0x00000007f6000000, 0x00000007f6000000|100%| E|CS|TAMS 0x00000007f5800000| PB 0x00000007f5800000| Complete |  0
|1516|0x00000007f6000000, 0x00000007f6800000, 0x00000007f6800000|100%| E|CS|TAMS 0x00000007f6000000| PB 0x00000007f6000000| Complete |  0
|1517|0x00000007f6800000, 0x00000007f7000000, 0x00000007f7000000|100%| E|CS|TAMS 0x00000007f6800000| PB 0x00000007f6800000| Complete |  0
|1518|0x00000007f7000000, 0x00000007f7800000, 0x00000007f7800000|100%| E|CS|TAMS 0x00000007f7000000| PB 0x00000007f7000000| Complete |  0
|1519|0x00000007f7800000, 0x00000007f8000000, 0x00000007f8000000|100%| E|CS|TAMS 0x00000007f7800000| PB 0x00000007f7800000| Complete |  0
|1520|0x00000007f8000000, 0x00000007f8800000, 0x00000007f8800000|100%| E|CS|TAMS 0x00000007f8000000| PB 0x00000007f8000000| Complete |  0
|1521|0x00000007f8800000, 0x00000007f9000000, 0x00000007f9000000|100%| E|CS|TAMS 0x00000007f8800000| PB 0x00000007f8800000| Complete |  0
|1522|0x00000007f9000000, 0x00000007f9800000, 0x00000007f9800000|100%| E|CS|TAMS 0x00000007f9000000| PB 0x00000007f9000000| Complete |  0
|1523|0x00000007f9800000, 0x00000007fa000000, 0x00000007fa000000|100%| E|CS|TAMS 0x00000007f9800000| PB 0x00000007f9800000| Complete |  0
|1524|0x00000007fa000000, 0x00000007fa800000, 0x00000007fa800000|100%| E|CS|TAMS 0x00000007fa000000| PB 0x00000007fa000000| Complete |  0
|1525|0x00000007fa800000, 0x00000007fb000000, 0x00000007fb000000|100%| E|CS|TAMS 0x00000007fa800000| PB 0x00000007fa800000| Complete |  0
|1526|0x00000007fb000000, 0x00000007fb800000, 0x00000007fb800000|100%| E|CS|TAMS 0x00000007fb000000| PB 0x00000007fb000000| Complete |  0
|1527|0x00000007fb800000, 0x00000007fc000000, 0x00000007fc000000|100%| E|CS|TAMS 0x00000007fb800000| PB 0x00000007fb800000| Complete |  0
|1528|0x00000007fc000000, 0x00000007fc800000, 0x00000007fc800000|100%| E|CS|TAMS 0x00000007fc000000| PB 0x00000007fc000000| Complete |  0
|1529|0x00000007fc800000, 0x00000007fd000000, 0x00000007fd000000|100%| E|CS|TAMS 0x00000007fc800000| PB 0x00000007fc800000| Complete |  0
|1530|0x00000007fd000000, 0x00000007fd800000, 0x00000007fd800000|100%| E|CS|TAMS 0x00000007fd000000| PB 0x00000007fd000000| Complete |  0
|1531|0x00000007fd800000, 0x00000007fe000000, 0x00000007fe000000|100%| E|CS|TAMS 0x00000007fd800000| PB 0x00000007fd800000| Complete |  0
|1532|0x00000007fe000000, 0x00000007fe800000, 0x00000007fe800000|100%| E|CS|TAMS 0x00000007fe000000| PB 0x00000007fe000000| Complete |  0
|1533|0x00000007fe800000, 0x00000007ff000000, 0x00000007ff000000|100%| E|CS|TAMS 0x00000007fe800000| PB 0x00000007fe800000| Complete |  0
|1534|0x00000007ff000000, 0x00000007ff800000, 0x00000007ff800000|100%| E|CS|TAMS 0x00000007ff000000| PB 0x00000007ff000000| Complete |  0
|1535|0x00000007ff800000, 0x0000000800000000, 0x0000000800000000|100%| E|CS|TAMS 0x00000007ff800000| PB 0x00000007ff800000| Complete |  0

Card table byte_map: [0x0000024c7d380000,0x0000024c7eb80000] _byte_map_base: 0x0000024c7ab80000

Marking Bits: (CMBitMap*) 0x0000024c7eb822f0
 Bits: [0x0000024c0f000000, 0x0000024c1b000000)

Polling page: 0x0000024c751e0000

Metaspace:
Metaspace        used 446303K, committed 450816K, reserved 1441792K
 class space     used 75406K, committed 77376K, reserved 1048576K

Usage:
  Non-class:    362.20 MB used.
      Class:     73.64 MB used.
       Both:    435.84 MB used.

Virtual space:
  Non-class space:      384.00 MB reserved,     364.69 MB ( 95%) committed,  6 nodes.
      Class space:        1.00 GB reserved,      75.56 MB (  7%) committed,  1 nodes.
             Both:        1.38 GB reserved,     440.25 MB ( 31%) committed. 

Chunk freelists:
   Non-Class:  3.30 MB
       Class:  4.28 MB
        Both:  7.58 MB

MaxMetaspaceSize: unlimited
CompressedClassSpaceSize: 1.00 GB
Initial GC threshold: 21.00 MB
Current GC threshold: 733.44 MB
CDS: off
 - commit_granule_bytes: 65536.
 - commit_granule_words: 8192.
 - virtual_space_node_default_size: 8388608.
 - enlarge_chunks_in_place: 1.
UseCompressedClassPointers 1, UseCompactObjectHeaders 0
Narrow klass pointer bits 32, Max shift 3
Narrow klass base: 0x0000000000000000, Narrow klass shift: 0
Encoding Range: [0x0000000000000000 - 0x0000000100000000), (4294967296 bytes)
Klass Range:    [0x000000003b000000 - 0x000000007b000000), (1073741824 bytes)
Klass ID Range:  [989855744 - 2063597561) (1073741817)
No protection zone.


Internal statistics:

num_allocs_failed_limit: 443.
num_arena_births: 7444.
num_arena_deaths: 36.
num_vsnodes_births: 7.
num_vsnodes_deaths: 0.
num_space_committed: 7037.
num_space_uncommitted: 0.
num_chunks_returned_to_freelist: 498.
num_chunks_taken_from_freelist: 26554.
num_chunk_merges: 456.
num_chunk_splits: 18461.
num_chunks_enlarged: 13016.
num_inconsistent_stats: 0.

CodeHeap 'non-profiled nmethods': size=119232Kb used=23621Kb max_used=35025Kb free=95610Kb
 bounds [0x0000024c07b90000, 0x0000024c09dd0000, 0x0000024c0f000000]
CodeHeap 'profiled nmethods': size=119104Kb used=10644Kb max_used=52523Kb free=108459Kb
 bounds [0x0000024c00000000, 0x0000024c033d0000, 0x0000024c07450000]
CodeHeap 'non-nmethods': size=7424Kb used=5233Kb max_used=7107Kb free=2190Kb
 bounds [0x0000024c07450000, 0x0000024c07b60000, 0x0000024c07b90000]
CodeCache: size=245760Kb, used=39498Kb, max_used=94655Kb, free=206259Kb
 total_blobs=18157, nmethods=14702, adapters=3351, full_count=0
Compilation: enabled, stopped_count=0, restarted_count=0

Compilation events (20 events):
Event: 1015.528 Thread 0x0000024c7fbc6700 nmethod 120557 0x0000024c029bab88 code [0x0000024c029bac80, 0x0000024c029bb020]
Event: 1015.528 Thread 0x0000024c7fbc2630 nmethod 120556 0x0000024c08984c08 code [0x0000024c08984d00, 0x0000024c08984df8]
Event: 1015.771 Thread 0x0000024c7fbc6700 120558   !   3       com.google.common.cache.LocalCache$Segment::tryExpireEntries (27 bytes)
Event: 1015.772 Thread 0x0000024c7fbc6700 nmethod 120558 0x0000024c02b10508 code [0x0000024c02b10600, 0x0000024c02b10f18]
Event: 1016.628 Thread 0x0000024c7fbc6700 120560       3       net.minecraft.world.phys.Vec3::m_82496_ (64 bytes)
Event: 1016.628 Thread 0x0000024c7fbc6700 nmethod 120560 0x0000024c00817f08 code [0x0000024c00818020, 0x0000024c008183b8]
Event: 1016.628 Thread 0x0000024c7fbc6700 120562       3       net.minecraft.server.level.ServerLevel::m_8767_ (95 bytes)
Event: 1016.629 Thread 0x0000024c7fbc6700 nmethod 120562 0x0000024c00ebc088 code [0x0000024c00ebc180, 0x0000024c00ebc750]
Event: 1016.629 Thread 0x0000024c7fbc6700 120559       3       net.minecraft.world.entity.animal.Squid::m_29985_ (29 bytes)
Event: 1016.629 Thread 0x0000024c7fbc6700 nmethod 120559 0x0000024c00ebbc08 code [0x0000024c00ebbd20, 0x0000024c00ebbf08]
Event: 1016.629 Thread 0x0000024c7fbc6700 120561       3       net.minecraft.world.entity.GlowSquid::m_142033_ (4 bytes)
Event: 1016.629 Thread 0x0000024c7fbc6700 nmethod 120561 0x0000024c00817c08 code [0x0000024c00817d00, 0x0000024c00817e20]
Event: 1016.629 Thread 0x0000024c7fbc6700 120563       3       net.minecraft.network.protocol.game.ClientboundLevelParticlesPacket::<init> (62 bytes)
Event: 1016.629 Thread 0x0000024c7fbc6700 nmethod 120563 0x0000024c00817888 code [0x0000024c00817980, 0x0000024c00817b78]
Event: 1016.629 Thread 0x0000024c7fbc6700 120564       3       net.minecraft.server.level.ServerLevel::m_8636_ (62 bytes)
Event: 1016.629 Thread 0x0000024c7fbc6700 nmethod 120564 0x0000024c00fb7a88 code [0x0000024c00fb7ba0, 0x0000024c00fb83d0]
Event: 1016.631 Thread 0x0000024c7fbc2630 120565       4       java.util.AbstractSequentialList::<init> (5 bytes)
Event: 1016.631 Thread 0x0000024c7fbc2630 nmethod 120565 0x0000024c08988288 code [0x0000024c08988380, 0x0000024c089883f8]
Event: 1017.028 Thread 0x0000024c7fbc2630 120566       4       com.telepathicgrunt.the_bumblezone.modinit.registry.forge.ForgeRegistryEntry::get (8 bytes)
Event: 1017.029 Thread 0x0000024c7fbc2630 nmethod 120566 0x0000024c089b7e88 code [0x0000024c089b7f80, 0x0000024c089b8038]

GC Heap Usage History (20 events):
Event: 846.901 {heap Before GC invocations=243 (full 1):
 garbage-first heap   total reserved 12582912K, committed 12066816K, used 11468323K [0x0000000500000000, 0x0000000800000000)
  region size 8192K, 556 young (4554752K), 3 survivors (24576K)
}
Event: 846.910 {heap After GC invocations=244 (full 1):
 garbage-first heap   total reserved 12582912K, committed 12066816K, used 6928061K [0x0000000500000000, 0x0000000800000000)
  region size 8192K, 3 young (24576K), 3 survivors (24576K)
}
Event: 864.231 {heap Before GC invocations=244 (full 1):
 garbage-first heap   total reserved 12582912K, committed 12066816K, used 11433661K [0x0000000500000000, 0x0000000800000000)
  region size 8192K, 553 young (4530176K), 3 survivors (24576K)
}
Event: 864.235 {heap After GC invocations=245 (full 1):
 garbage-first heap   total reserved 12582912K, committed 12066816K, used 6930547K [0x0000000500000000, 0x0000000800000000)
  region size 8192K, 3 young (24576K), 3 survivors (24576K)
}
Event: 880.127 {heap Before GC invocations=246 (full 1):
 garbage-first heap   total reserved 12582912K, committed 12066816K, used 11427955K [0x0000000500000000, 0x0000000800000000)
  region size 8192K, 553 young (4530176K), 3 survivors (24576K)
}
Event: 880.133 {heap After GC invocations=247 (full 1):
 garbage-first heap   total reserved 12582912K, committed 12066816K, used 6932228K [0x0000000500000000, 0x0000000800000000)
  region size 8192K, 3 young (24576K), 3 survivors (24576K)
}
Event: 898.895 {heap Before GC invocations=247 (full 1):
 garbage-first heap   total reserved 12582912K, committed 12066816K, used 11429636K [0x0000000500000000, 0x0000000800000000)
  region size 8192K, 553 young (4530176K), 3 survivors (24576K)
}
Event: 898.903 {heap After GC invocations=248 (full 1):
 garbage-first heap   total reserved 12582912K, committed 12066816K, used 6924299K [0x0000000500000000, 0x0000000800000000)
  region size 8192K, 3 young (24576K), 3 survivors (24576K)
}
Event: 924.300 {heap Before GC invocations=248 (full 1):
 garbage-first heap   total reserved 12582912K, committed 12025856K, used 11446283K [0x0000000500000000, 0x0000000800000000)
  region size 8192K, 555 young (4546560K), 3 survivors (24576K)
}
Event: 924.305 {heap After GC invocations=249 (full 1):
 garbage-first heap   total reserved 12582912K, committed 12025856K, used 6926570K [0x0000000500000000, 0x0000000800000000)
  region size 8192K, 3 young (24576K), 3 survivors (24576K)
}
Event: 936.745 {heap Before GC invocations=250 (full 1):
 garbage-first heap   total reserved 12582912K, committed 12025856K, used 11399402K [0x0000000500000000, 0x0000000800000000)
  region size 8192K, 549 young (4497408K), 3 survivors (24576K)
}
Event: 936.750 {heap After GC invocations=251 (full 1):
 garbage-first heap   total reserved 12582912K, committed 12025856K, used 6927946K [0x0000000500000000, 0x0000000800000000)
  region size 8192K, 3 young (24576K), 3 survivors (24576K)
}
Event: 954.878 {heap Before GC invocations=251 (full 1):
 garbage-first heap   total reserved 12582912K, committed 12025856K, used 11400778K [0x0000000500000000, 0x0000000800000000)
  region size 8192K, 549 young (4497408K), 3 survivors (24576K)
}
Event: 954.886 {heap After GC invocations=252 (full 1):
 garbage-first heap   total reserved 12582912K, committed 12025856K, used 6921279K [0x0000000500000000, 0x0000000800000000)
  region size 8192K, 3 young (24576K), 3 survivors (24576K)
}
Event: 974.405 {heap Before GC invocations=252 (full 1):
 garbage-first heap   total reserved 12582912K, committed 11952128K, used 11410495K [0x0000000500000000, 0x0000000800000000)
  region size 8192K, 551 young (4513792K), 3 survivors (24576K)
}
Event: 974.409 {heap After GC invocations=253 (full 1):
 garbage-first heap   total reserved 12582912K, committed 11952128K, used 6924169K [0x0000000500000000, 0x0000000800000000)
  region size 8192K, 3 young (24576K), 3 survivors (24576K)
}
Event: 990.030 {heap Before GC invocations=254 (full 1):
 garbage-first heap   total reserved 12582912K, committed 11952128K, used 11331465K [0x0000000500000000, 0x0000000800000000)
  region size 8192K, 541 young (4431872K), 3 survivors (24576K)
}
Event: 990.035 {heap After GC invocations=255 (full 1):
 garbage-first heap   total reserved 12582912K, committed 11952128K, used 6924374K [0x0000000500000000, 0x0000000800000000)
  region size 8192K, 3 young (24576K), 3 survivors (24576K)
}
Event: 1005.621 {heap Before GC invocations=255 (full 1):
 garbage-first heap   total reserved 12582912K, committed 11952128K, used 11323478K [0x0000000500000000, 0x0000000800000000)
  region size 8192K, 541 young (4431872K), 3 survivors (24576K)
}
Event: 1005.629 {heap After GC invocations=256 (full 1):
 garbage-first heap   total reserved 12582912K, committed 11952128K, used 6918321K [0x0000000500000000, 0x0000000800000000)
  region size 8192K, 3 young (24576K), 3 survivors (24576K)
}

Metaspace Usage History (20 events):
Event: 846.901 {metaspace Before GC invocations=243 (full 1):
 Metaspace       used 445606K, committed 450112K, reserved 1441792K
  class space    used 75349K, committed 77312K, reserved 1048576K
}
Event: 846.910 {metaspace After GC invocations=244 (full 1):
 Metaspace       used 445606K, committed 450112K, reserved 1441792K
  class space    used 75349K, committed 77312K, reserved 1048576K
}
Event: 864.231 {metaspace Before GC invocations=244 (full 1):
 Metaspace       used 445721K, committed 450176K, reserved 1441792K
  class space    used 75368K, committed 77312K, reserved 1048576K
}
Event: 864.235 {metaspace After GC invocations=245 (full 1):
 Metaspace       used 445721K, committed 450176K, reserved 1441792K
  class space    used 75368K, committed 77312K, reserved 1048576K
}
Event: 880.127 {metaspace Before GC invocations=246 (full 1):
 Metaspace       used 445969K, committed 450496K, reserved 1441792K
  class space    used 75398K, committed 77376K, reserved 1048576K
}
Event: 880.133 {metaspace After GC invocations=247 (full 1):
 Metaspace       used 445969K, committed 450496K, reserved 1441792K
  class space    used 75398K, committed 77376K, reserved 1048576K
}
Event: 898.895 {metaspace Before GC invocations=247 (full 1):
 Metaspace       used 446048K, committed 450560K, reserved 1441792K
  class space    used 75401K, committed 77376K, reserved 1048576K
}
Event: 898.903 {metaspace After GC invocations=248 (full 1):
 Metaspace       used 446048K, committed 450560K, reserved 1441792K
  class space    used 75401K, committed 77376K, reserved 1048576K
}
Event: 924.300 {metaspace Before GC invocations=248 (full 1):
 Metaspace       used 446083K, committed 450624K, reserved 1441792K
  class space    used 75401K, committed 77376K, reserved 1048576K
}
Event: 924.305 {metaspace After GC invocations=249 (full 1):
 Metaspace       used 446083K, committed 450624K, reserved 1441792K
  class space    used 75401K, committed 77376K, reserved 1048576K
}
Event: 936.745 {metaspace Before GC invocations=250 (full 1):
 Metaspace       used 446097K, committed 450624K, reserved 1441792K
  class space    used 75402K, committed 77376K, reserved 1048576K
}
Event: 936.750 {metaspace After GC invocations=251 (full 1):
 Metaspace       used 446097K, committed 450624K, reserved 1441792K
  class space    used 75402K, committed 77376K, reserved 1048576K
}
Event: 954.878 {metaspace Before GC invocations=251 (full 1):
 Metaspace       used 446108K, committed 450624K, reserved 1441792K
  class space    used 75402K, committed 77376K, reserved 1048576K
}
Event: 954.886 {metaspace After GC invocations=252 (full 1):
 Metaspace       used 446108K, committed 450624K, reserved 1441792K
  class space    used 75402K, committed 77376K, reserved 1048576K
}
Event: 974.405 {metaspace Before GC invocations=252 (full 1):
 Metaspace       used 446215K, committed 450688K, reserved 1441792K
  class space    used 75406K, committed 77376K, reserved 1048576K
}
Event: 974.409 {metaspace After GC invocations=253 (full 1):
 Metaspace       used 446215K, committed 450688K, reserved 1441792K
  class space    used 75406K, committed 77376K, reserved 1048576K
}
Event: 990.030 {metaspace Before GC invocations=254 (full 1):
 Metaspace       used 446234K, committed 450752K, reserved 1441792K
  class space    used 75406K, committed 77376K, reserved 1048576K
}
Event: 990.035 {metaspace After GC invocations=255 (full 1):
 Metaspace       used 446234K, committed 450752K, reserved 1441792K
  class space    used 75406K, committed 77376K, reserved 1048576K
}
Event: 1005.621 {metaspace Before GC invocations=255 (full 1):
 Metaspace       used 446284K, committed 450752K, reserved 1441792K
  class space    used 75406K, committed 77376K, reserved 1048576K
}
Event: 1005.629 {metaspace After GC invocations=256 (full 1):
 Metaspace       used 446284K, committed 450752K, reserved 1441792K
  class space    used 75406K, committed 77376K, reserved 1048576K
}

Dll operation events (19 events):
Event: 0.010 Loaded shared library C:\Users\Stefan\AppData\Roaming\PrismLauncher\java\java-runtime-epsilon\bin\java.dll
Event: 0.031 Loaded shared library C:\Users\Stefan\AppData\Roaming\PrismLauncher\java\java-runtime-epsilon\bin\zip.dll
Event: 0.124 Loaded shared library C:\Users\Stefan\AppData\Roaming\PrismLauncher\java\java-runtime-epsilon\bin\net.dll
Event: 0.125 Loaded shared library C:\Users\Stefan\AppData\Roaming\PrismLauncher\java\java-runtime-epsilon\bin\nio.dll
Event: 0.202 Loaded shared library C:\Users\Stefan\AppData\Roaming\PrismLauncher\java\java-runtime-epsilon\bin\zip.dll
Event: 1.559 Loaded shared library C:\Users\Stefan\AppData\Roaming\PrismLauncher\java\java-runtime-epsilon\bin\jimage.dll
Event: 3.138 Loaded shared library C:\Users\Stefan\AppData\Roaming\PrismLauncher\java\java-runtime-epsilon\bin\verify.dll
Event: 3.937 Loaded shared library C:\Users\Stefan\AppData\Roaming\PrismLauncher\java\java-runtime-epsilon\bin\management.dll
Event: 3.939 Loaded shared library C:\Users\Stefan\AppData\Roaming\PrismLauncher\java\java-runtime-epsilon\bin\management_ext.dll
Event: 5.850 Loaded shared library C:\Users\Stefan\AppData\Local\Temp\lwjglStefan\3.3.1-build-7\lwjgl.dll
Event: 6.152 Loaded shared library C:\Users\Stefan\AppData\Local\Temp\lwjglStefan\3.3.1-build-7\lwjgl_opengl.dll
Event: 6.225 Loaded shared library C:\Users\Stefan\AppData\Local\Temp\lwjglStefan\3.3.1-build-7\lwjgl_stb.dll
Event: 10.619 Loaded shared library C:\Users\Stefan\AppData\Local\Temp\jna--1808509297\jna873710439813501912.dll
Event: 16.508 Loaded shared library C:\Users\Stefan\AppData\Roaming\PrismLauncher\java\java-runtime-epsilon\bin\sunmscapi.dll
Event: 16.539 Loaded shared library C:\Users\Stefan\AppData\Roaming\PrismLauncher\java\java-runtime-epsilon\bin\extnet.dll
Event: 19.821 Loaded shared library C:\Users\Stefan\AppData\Roaming\PrismLauncher\java\java-runtime-epsilon\bin\awt.dll
Event: 96.758 Loaded shared library C:\Users\Stefan\AppData\Roaming\PrismLauncher\java\java-runtime-epsilon\bin\jsound.dll
Event: 369.730 Loaded shared library C:\Users\Stefan\AppData\Local\Temp\librocksdbjni13590036919001994921.dll
Event: 377.483 Loaded shared library C:\Users\Stefan\AppData\Local\Temp\lwjglStefan\3.3.1-build-7\lwjgl_zstd.dll

Deoptimization events (20 events):
Event: 993.060 Thread 0x0000024c773323d0 Uncommon trap: trap_request=0xffffffde fr.pc=0x0000024c07da6d00 relative=0x0000000000000500
Event: 993.060 Thread 0x0000024c773323d0 Uncommon trap: reason=class_check action=maybe_recompile pc=0x0000024c07da6d00 method=dev.emi.emi.runtime.EmiFavorite.getTooltip()Ljava/util/List; @ 9 c2
Event: 993.060 Thread 0x0000024c773323d0 DEOPT PACKING pc=0x0000024c07da6d00 sp=0x000000c0b27fdaa0
Event: 993.060 Thread 0x0000024c773323d0 DEOPT UNPACKING pc=0x0000024c0757b882 sp=0x000000c0b27fda78 mode 2
Event: 998.277 Thread 0x0000024d6bc23860 DEOPT PACKING pc=0x0000024c0018961a sp=0x000000c0bc4ff220
Event: 998.277 Thread 0x0000024d6bc23860 DEOPT UNPACKING pc=0x0000024c074a12a2 sp=0x000000c0bc4fe7c0 mode 0
Event: 1001.128 Thread 0x0000024c57658ae0 Uncommon trap: trap_request=0xffffff45 fr.pc=0x0000024c08cbdc5c relative=0x000000000000089c
Event: 1001.128 Thread 0x0000024c57658ae0 Uncommon trap: reason=unstable_if action=reinterpret pc=0x0000024c08cbdc5c method=net.minecraft.world.entity.animal.Bee$BeePollinateGoal.m_8037_()V @ 17 c2
Event: 1001.128 Thread 0x0000024c57658ae0 DEOPT PACKING pc=0x0000024c08cbdc5c sp=0x000000c0b77fe970
Event: 1001.128 Thread 0x0000024c57658ae0 DEOPT UNPACKING pc=0x0000024c0757b882 sp=0x000000c0b77fe8a0 mode 2
Event: 1001.728 Thread 0x0000024c57658ae0 Uncommon trap: trap_request=0xffffff45 fr.pc=0x0000024c0837ab9c relative=0x00000000000006fc
Event: 1001.728 Thread 0x0000024c57658ae0 Uncommon trap: reason=unstable_if action=reinterpret pc=0x0000024c0837ab9c method=cy.jdkdigital.productivebees.common.entity.bee.ProductiveBee$PollinateGoal.m_8011_()Z @ 16 c2
Event: 1001.728 Thread 0x0000024c57658ae0 DEOPT PACKING pc=0x0000024c0837ab9c sp=0x000000c0b77fe960
Event: 1001.728 Thread 0x0000024c57658ae0 DEOPT UNPACKING pc=0x0000024c0757b882 sp=0x000000c0b77fe8c8 mode 2
Event: 1003.921 Thread 0x0000024c46cf2710 DEOPT PACKING pc=0x0000024c0048ef0f sp=0x000000c0b94ff620
Event: 1003.921 Thread 0x0000024c46cf2710 DEOPT UNPACKING pc=0x0000024c074a12a2 sp=0x000000c0b94feb98 mode 0
Event: 1014.329 Thread 0x0000024c57658ae0 Uncommon trap: trap_request=0xffffff45 fr.pc=0x0000024c08034f78 relative=0x0000000000000658
Event: 1014.329 Thread 0x0000024c57658ae0 Uncommon trap: reason=unstable_if action=reinterpret pc=0x0000024c08034f78 method=net.minecraft.world.entity.ai.control.SmoothSwimmingLookControl.m_8128_()V @ 136 c2
Event: 1014.329 Thread 0x0000024c57658ae0 DEOPT PACKING pc=0x0000024c08034f78 sp=0x000000c0b77fea40
Event: 1014.329 Thread 0x0000024c57658ae0 DEOPT UNPACKING pc=0x0000024c0757b882 sp=0x000000c0b77fe9a0 mode 2

Classes loaded (20 events):
Event: 444.646 Loading class java/util/function/ObjDoubleConsumer
Event: 444.646 Loading class java/util/function/ObjDoubleConsumer done
Event: 444.647 Loading class java/util/stream/ReduceOps$16
Event: 444.647 Loading class java/util/stream/ReduceOps$16 done
Event: 444.647 Loading class java/util/stream/ReduceOps$13ReducingSink
Event: 444.647 Loading class java/util/stream/ReduceOps$13ReducingSink done
Event: 475.941 Loading class java/util/stream/IntPipeline$4
Event: 475.941 Loading class java/util/stream/IntPipeline$4 done
Event: 475.941 Loading class java/util/stream/IntPipeline$4$1
Event: 475.941 Loading class java/util/stream/IntPipeline$4$1 done
Event: 475.944 Loading class java/util/stream/DoublePipeline$1
Event: 475.944 Loading class java/util/stream/DoublePipeline$1 done
Event: 475.945 Loading class java/util/stream/DoublePipeline$1$1
Event: 475.945 Loading class java/util/stream/Sink$ChainedDouble
Event: 475.945 Loading class java/util/stream/Sink$ChainedDouble done
Event: 475.945 Loading class java/util/stream/DoublePipeline$1$1 done
Event: 506.782 Loading class java/util/DualPivotQuicksort$PartitionOperation
Event: 506.782 Loading class java/util/DualPivotQuicksort$PartitionOperation done
Event: 630.889 Loading class java/util/DualPivotQuicksort$Sorter
Event: 630.889 Loading class java/util/DualPivotQuicksort$Sorter done

Classes unloaded (18 events):
Event: 12.490 Thread 0x0000024c7fb5ccb0 Unloading class 0x000000003b10c400 'java/lang/invoke/LambdaForm$MH+0x000000003b10c400'
Event: 42.873 Thread 0x0000024c7fb5ccb0 Unloading class 0x000000003e9b3800 'java/lang/invoke/LambdaForm$DMH+0x000000003e9b3800'
Event: 42.873 Thread 0x0000024c7fb5ccb0 Unloading class 0x000000003e9b3000 'java/lang/invoke/LambdaForm$DMH+0x000000003e9b3000'
Event: 42.873 Thread 0x0000024c7fb5ccb0 Unloading class 0x000000003e9b2c00 'java/lang/invoke/LambdaForm$DMH+0x000000003e9b2c00'
Event: 42.873 Thread 0x0000024c7fb5ccb0 Unloading class 0x000000003e9b2000 'java/lang/invoke/LambdaForm$DMH+0x000000003e9b2000'
Event: 42.873 Thread 0x0000024c7fb5ccb0 Unloading class 0x000000003e9b2400 'java/lang/invoke/LambdaForm$DMH+0x000000003e9b2400'
Event: 42.873 Thread 0x0000024c7fb5ccb0 Unloading class 0x000000003e9b1c00 'java/lang/invoke/LambdaForm$DMH+0x000000003e9b1c00'
Event: 42.873 Thread 0x0000024c7fb5ccb0 Unloading class 0x000000003e9b0000 'java/lang/invoke/LambdaForm$DMH+0x000000003e9b0000'
Event: 42.873 Thread 0x0000024c7fb5ccb0 Unloading class 0x000000003e9b0400 'java/lang/invoke/LambdaForm$DMH+0x000000003e9b0400'
Event: 42.873 Thread 0x0000024c7fb5ccb0 Unloading class 0x000000003e9b1400 'java/lang/invoke/LambdaForm$DMH+0x000000003e9b1400'
Event: 42.873 Thread 0x0000024c7fb5ccb0 Unloading class 0x000000003e9b0c00 'java/lang/invoke/LambdaForm$DMH+0x000000003e9b0c00'
Event: 42.873 Thread 0x0000024c7fb5ccb0 Unloading class 0x000000003e9b0800 'java/lang/invoke/LambdaForm$DMH+0x000000003e9b0800'
Event: 42.873 Thread 0x0000024c7fb5ccb0 Unloading class 0x000000003e9b1000 'java/lang/invoke/LambdaForm$DMH+0x000000003e9b1000'
Event: 42.873 Thread 0x0000024c7fb5ccb0 Unloading class 0x000000003e9b1800 'java/lang/invoke/LambdaForm$DMH+0x000000003e9b1800'
Event: 42.873 Thread 0x0000024c7fb5ccb0 Unloading class 0x000000003e915000 'java/lang/invoke/LambdaForm$MH+0x000000003e915000'
Event: 42.873 Thread 0x0000024c7fb5ccb0 Unloading class 0x000000003e914c00 'java/lang/invoke/LambdaForm$MH+0x000000003e914c00'
Event: 42.873 Thread 0x0000024c7fb5ccb0 Unloading class 0x000000003e914400 'java/lang/invoke/LambdaForm$DMH+0x000000003e914400'
Event: 42.873 Thread 0x0000024c7fb5ccb0 Unloading class 0x000000003e870c00 'java/lang/invoke/LambdaForm$DMH+0x000000003e870c00'

Classes redefined (0 events):
No events

Internal exceptions (20 events):
Event: 1008.230 Thread 0x0000024d70e5c760 Exception <a 'sun/nio/fs/WindowsException'{0x000000079a004fc8}> (0x000000079a004fc8) 
thrown [s\src\hotspot\share\prims\jni.cpp, line 516]
Event: 1008.480 Thread 0x0000024d70e5c760 Exception <a 'sun/nio/fs/WindowsException'{0x00000007944080d0}> (0x00000007944080d0) 
thrown [s\src\hotspot\share\prims\jni.cpp, line 516]
Event: 1009.189 Thread 0x0000024d70e5c760 Exception <a 'sun/nio/fs/WindowsException'{0x000000077e003320}> (0x000000077e003320) 
thrown [s\src\hotspot\share\prims\jni.cpp, line 516]
Event: 1010.238 Thread 0x0000024d70e5c760 Exception <a 'sun/nio/fs/WindowsException'{0x000000077e0047d8}> (0x000000077e0047d8) 
thrown [s\src\hotspot\share\prims\jni.cpp, line 516]
Event: 1010.329 Thread 0x0000024d70e5c760 Exception <a 'sun/nio/fs/WindowsException'{0x0000000760c056a0}> (0x0000000760c056a0) 
thrown [s\src\hotspot\share\prims\jni.cpp, line 516]
Event: 1010.740 Thread 0x0000024d70e5c760 Exception <a 'sun/nio/fs/WindowsException'{0x0000000760c06e80}> (0x0000000760c06e80) 
thrown [s\src\hotspot\share\prims\jni.cpp, line 516]
Event: 1011.939 Thread 0x0000024d70e5c760 Exception <a 'sun/nio/fs/WindowsException'{0x000000073ac0d710}> (0x000000073ac0d710) 
thrown [s\src\hotspot\share\prims\jni.cpp, line 516]
Event: 1011.979 Thread 0x0000024d70e5c760 Exception <a 'sun/nio/fs/WindowsException'{0x000000073ac1f690}> (0x000000073ac1f690) 
thrown [s\src\hotspot\share\prims\jni.cpp, line 516]
Event: 1012.730 Thread 0x0000024d70e5c760 Exception <a 'sun/nio/fs/WindowsException'{0x000000073ac21078}> (0x000000073ac21078) 
thrown [s\src\hotspot\share\prims\jni.cpp, line 516]
Event: 1014.689 Thread 0x0000024d70e5c760 Exception <a 'sun/nio/fs/WindowsException'{0x000000072d765e10}> (0x000000072d765e10) 
thrown [s\src\hotspot\share\prims\jni.cpp, line 516]
Event: 1017.339 Thread 0x0000024d70e5c760 Exception <a 'sun/nio/fs/WindowsException'{0x000000071fd4ca38}> (0x000000071fd4ca38) 
thrown [s\src\hotspot\share\prims\jni.cpp, line 516]
Event: 1018.179 Thread 0x0000024d70e5c760 Exception <a 'sun/nio/fs/WindowsException'{0x000000071a802dd0}> (0x000000071a802dd0) 
thrown [s\src\hotspot\share\prims\jni.cpp, line 516]
Event: 1019.029 Thread 0x0000024d70e5c760 Exception <a 'sun/nio/fs/WindowsException'{0x000000071a8045f0}> (0x000000071a8045f0) 
thrown [s\src\hotspot\share\prims\jni.cpp, line 516]
Event: 1019.080 Thread 0x0000024d70e5c760 Exception <a 'sun/nio/fs/WindowsException'{0x0000000716005b50}> (0x0000000716005b50) 
thrown [s\src\hotspot\share\prims\jni.cpp, line 516]
Event: 1019.939 Thread 0x0000024d70e5c760 Exception <a 'sun/nio/fs/WindowsException'{0x0000000716007498}> (0x0000000716007498) 
thrown [s\src\hotspot\share\prims\jni.cpp, line 516]
Event: 1019.979 Thread 0x0000024d70e5c760 Exception <a 'sun/nio/fs/WindowsException'{0x0000000711002dd0}> (0x0000000711002dd0) 
thrown [s\src\hotspot\share\prims\jni.cpp, line 516]
Event: 1020.292 Thread 0x0000024d70e5c760 Exception <a 'sun/nio/fs/WindowsException'{0x0000000711004288}> (0x0000000711004288) 
thrown [s\src\hotspot\share\prims\jni.cpp, line 516]
Event: 1020.329 Thread 0x0000024d70e5c760 Exception <a 'sun/nio/fs/WindowsException'{0x000000070fc04ef0}> (0x000000070fc04ef0) 
thrown [s\src\hotspot\share\prims\jni.cpp, line 516]
Event: 1020.379 Thread 0x0000024d70e5c760 Exception <a 'sun/nio/fs/WindowsException'{0x000000070fc066d8}> (0x000000070fc066d8) 
thrown [s\src\hotspot\share\prims\jni.cpp, line 516]
Event: 1020.430 Thread 0x0000024d70e5c760 Exception <a 'sun/nio/fs/WindowsException'{0x000000070f005cf0}> (0x000000070f005cf0) 
thrown [s\src\hotspot\share\prims\jni.cpp, line 516]

VM Operations (20 events):
Event: 1020.540 Executing safepoint VM operation: ThreadDump
Event: 1020.540 Executing safepoint VM operation: ThreadDump done
Event: 1020.551 Executing safepoint VM operation: ThreadDump
Event: 1020.551 Executing safepoint VM operation: ThreadDump done
Event: 1020.561 Executing safepoint VM operation: ThreadDump
Event: 1020.561 Executing safepoint VM operation: ThreadDump done
Event: 1020.570 Executing safepoint VM operation: ThreadDump
Event: 1020.570 Executing safepoint VM operation: ThreadDump done
Event: 1020.581 Executing safepoint VM operation: ThreadDump
Event: 1020.581 Executing safepoint VM operation: ThreadDump done
Event: 1020.591 Executing safepoint VM operation: ThreadDump
Event: 1020.591 Executing safepoint VM operation: ThreadDump done
Event: 1020.601 Executing safepoint VM operation: ThreadDump
Event: 1020.601 Executing safepoint VM operation: ThreadDump done
Event: 1020.611 Executing safepoint VM operation: ThreadDump
Event: 1020.611 Executing safepoint VM operation: ThreadDump done
Event: 1020.620 Executing safepoint VM operation: ThreadDump
Event: 1020.620 Executing safepoint VM operation: ThreadDump done
Event: 1020.631 Executing safepoint VM operation: ThreadDump
Event: 1020.631 Executing safepoint VM operation: ThreadDump done

Memory protections (0 events):
No events

Nmethod flushes (20 events):
Event: 976.527 Thread 0x0000024c7fb5ccb0 flushing  nmethod 0x0000024c00622f88
Event: 976.527 Thread 0x0000024c7fb5ccb0 flushing  nmethod 0x0000024c00626308
Event: 976.527 Thread 0x0000024c7fb5ccb0 flushing  nmethod 0x0000024c007bc088
Event: 976.527 Thread 0x0000024c7fb5ccb0 flushing  nmethod 0x0000024c086c4c08
Event: 976.527 Thread 0x0000024c7fb5ccb0 flushing  nmethod 0x0000024c08dd1c88
Event: 976.527 Thread 0x0000024c7fb5ccb0 flushing  nmethod 0x0000024c095a5508
Event: 976.527 Thread 0x0000024c7fb5ccb0 flushing  nmethod 0x0000024c0020b688
Event: 976.527 Thread 0x0000024c7fb5ccb0 flushing  nmethod 0x0000024c003b5108
Event: 976.527 Thread 0x0000024c7fb5ccb0 flushing  nmethod 0x0000024c00b0b788
Event: 976.527 Thread 0x0000024c7fb5ccb0 flushing  nmethod 0x0000024c011eac88
Event: 976.527 Thread 0x0000024c7fb5ccb0 flushing  nmethod 0x0000024c0145b708
Event: 976.527 Thread 0x0000024c7fb5ccb0 flushing  nmethod 0x0000024c01461e08
Event: 976.527 Thread 0x0000024c7fb5ccb0 flushing  nmethod 0x0000024c01854b08
Event: 976.527 Thread 0x0000024c7fb5ccb0 flushing  nmethod 0x0000024c0210d908
Event: 976.527 Thread 0x0000024c7fb5ccb0 flushing  nmethod 0x0000024c025c2788
Event: 976.527 Thread 0x0000024c7fb5ccb0 flushing  nmethod 0x0000024c02899708
Event: 976.527 Thread 0x0000024c7fb5ccb0 flushing  nmethod 0x0000024c0289bc08
Event: 976.527 Thread 0x0000024c7fb5ccb0 flushing  nmethod 0x0000024c028b7708
Event: 976.527 Thread 0x0000024c7fb5ccb0 flushing  nmethod 0x0000024c030d9888
Event: 976.527 Thread 0x0000024c7fb5ccb0 flushing  nmethod 0x0000024c0317b808

Events (20 events):
Event: 1020.235 Thread 0x0000024c773323d0 Thread added: 0x0000024d6c904eb0
Event: 1020.235 Thread 0x0000024d6c904eb0 Thread exited: 0x0000024d6c904eb0
Event: 1020.302 Thread 0x0000024c773323d0 Thread added: 0x0000024d6c90a4a0
Event: 1020.303 Thread 0x0000024d6c90a4a0 Thread exited: 0x0000024d6c90a4a0
Event: 1020.307 Thread 0x0000024c773323d0 Thread added: 0x0000024d6c907d90
Event: 1020.307 Thread 0x0000024c773323d0 Thread added: 0x0000024d6c908d30
Event: 1020.307 Thread 0x0000024d6c907d90 Thread exited: 0x0000024d6c907d90
Event: 1020.308 Thread 0x0000024d6c908d30 Thread exited: 0x0000024d6c908d30
Event: 1020.368 Thread 0x0000024c773323d0 Thread added: 0x0000024d6c907d90
Event: 1020.369 Thread 0x0000024d6c907d90 Thread exited: 0x0000024d6c907d90
Event: 1020.435 Thread 0x0000024c773323d0 Thread added: 0x0000024d6c904eb0
Event: 1020.436 Thread 0x0000024d6c904eb0 Thread exited: 0x0000024d6c904eb0
Event: 1020.502 Thread 0x0000024c773323d0 Thread added: 0x0000024d6c907d90
Event: 1020.502 Thread 0x0000024c773323d0 Thread added: 0x0000024d6c908d30
Event: 1020.502 Thread 0x0000024d6c907d90 Thread exited: 0x0000024d6c907d90
Event: 1020.502 Thread 0x0000024d6c908d30 Thread exited: 0x0000024d6c908d30
Event: 1020.504 Thread 0x0000024c773323d0 Thread added: 0x0000024d6c909cd0
Event: 1020.504 Thread 0x0000024d6c909cd0 Thread exited: 0x0000024d6c909cd0
Event: 1020.570 Thread 0x0000024c773323d0 Thread added: 0x0000024d6c904eb0
Event: 1020.570 Thread 0x0000024d6c904eb0 Thread exited: 0x0000024d6c904eb0


Dynamic libraries:
0x00007ff7eeda0000 - 0x00007ff7eedae000 	C:\Users\Stefan\AppData\Roaming\PrismLauncher\java\java-runtime-epsilon\bin\javaw.exe
0x00007fff31570000 - 0x00007fff31768000 	C:\WINDOWS\SYSTEM32\ntdll.dll
0x00007fff30b40000 - 0x00007fff30c02000 	C:\WINDOWS\System32\KERNEL32.DLL
0x00007fff2eeb0000 - 0x00007fff2f1a6000 	C:\WINDOWS\System32\KERNELBASE.dll
0x00007fff2f410000 - 0x00007fff2f510000 	C:\WINDOWS\System32\ucrtbase.dll
0x00007ffea3db0000 - 0x00007ffea3dc7000 	C:\Users\Stefan\AppData\Roaming\PrismLauncher\java\java-runtime-epsilon\bin\jli.dll
0x00007ffe88200000 - 0x00007ffe8821e000 	C:\Users\Stefan\AppData\Roaming\PrismLauncher\java\java-runtime-epsilon\bin\VCRUNTIME140.dll
0x00007fff30890000 - 0x00007fff30a31000 	C:\WINDOWS\System32\USER32.dll
0x00007fff2ecf0000 - 0x00007fff2ed12000 	C:\WINDOWS\System32\win32u.dll
0x00007fff1b350000 - 0x00007fff1b5eb000 	C:\WINDOWS\WinSxS\amd64_microsoft.windows.common-controls_6595b64144ccf1df_6.0.19041.6456_none_60b8a6cb71f64256\COMCTL32.dll
0x00007fff2f7c0000 - 0x00007fff2f7eb000 	C:\WINDOWS\System32\GDI32.dll
0x00007fff307e0000 - 0x00007fff3087e000 	C:\WINDOWS\System32\msvcrt.dll
0x00007fff2f2f0000 - 0x00007fff2f409000 	C:\WINDOWS\System32\gdi32full.dll
0x00007fff2ec50000 - 0x00007fff2eced000 	C:\WINDOWS\System32\msvcp_win.dll
0x00007fff2f5f0000 - 0x00007fff2f61f000 	C:\WINDOWS\System32\IMM32.DLL
0x00007ffea4950000 - 0x00007ffea495c000 	C:\Users\Stefan\AppData\Roaming\PrismLauncher\java\java-runtime-epsilon\bin\vcruntime140_1.dll
0x00007ffe76460000 - 0x00007ffe764e9000 	C:\Users\Stefan\AppData\Roaming\PrismLauncher\java\java-runtime-epsilon\bin\msvcp140.dll
0x00007ffe75530000 - 0x00007ffe7645f000 	C:\Users\Stefan\AppData\Roaming\PrismLauncher\java\java-runtime-epsilon\bin\server\jvm.dll
0x00007fff2f700000 - 0x00007fff2f7b1000 	C:\WINDOWS\System32\ADVAPI32.dll
0x00007fff30aa0000 - 0x00007fff30b3f000 	C:\WINDOWS\System32\sechost.dll
0x00007fff311a0000 - 0x00007fff312c0000 	C:\WINDOWS\System32\RPCRT4.dll
0x00007fff2ee80000 - 0x00007fff2eea7000 	C:\WINDOWS\System32\bcrypt.dll
0x00007fff306d0000 - 0x00007fff3073b000 	C:\WINDOWS\System32\WS2_32.dll
0x00007fff2e150000 - 0x00007fff2e19b000 	C:\WINDOWS\SYSTEM32\POWRPROF.dll
0x00007fff1edc0000 - 0x00007fff1ede7000 	C:\WINDOWS\SYSTEM32\WINMM.dll
0x00007fff26540000 - 0x00007fff2654a000 	C:\WINDOWS\SYSTEM32\VERSION.dll
0x00007fff2dfc0000 - 0x00007fff2dfd2000 	C:\WINDOWS\SYSTEM32\UMPDC.dll
0x00007fff2ca50000 - 0x00007fff2ca62000 	C:\WINDOWS\SYSTEM32\kernel.appcore.dll
0x00007ffea4830000 - 0x00007ffea483a000 	C:\Users\Stefan\AppData\Roaming\PrismLauncher\java\java-runtime-epsilon\bin\jimage.dll
0x00007fff27b20000 - 0x00007fff27d21000 	C:\WINDOWS\SYSTEM32\DBGHELP.DLL
0x00007fff14280000 - 0x00007fff142b4000 	C:\WINDOWS\SYSTEM32\dbgcore.DLL
0x00007fff2f260000 - 0x00007fff2f2e2000 	C:\WINDOWS\System32\bcryptPrimitives.dll
0x00007ffe881e0000 - 0x00007ffe881ff000 	C:\Users\Stefan\AppData\Roaming\PrismLauncher\java\java-runtime-epsilon\bin\java.dll
0x00007fff2fc60000 - 0x00007fff2fd8b000 	C:\WINDOWS\System32\ole32.dll
0x00007fff30c70000 - 0x00007fff30fc4000 	C:\WINDOWS\System32\combase.dll
0x00007fff2fd90000 - 0x00007fff30500000 	C:\WINDOWS\System32\SHELL32.dll
0x00007ffe75510000 - 0x00007ffe75527000 	C:\Users\Stefan\AppData\Roaming\PrismLauncher\java\java-runtime-epsilon\bin\zip.dll
0x00007fff2cc50000 - 0x00007fff2d3f5000 	C:\WINDOWS\SYSTEM32\windows.storage.dll
0x00007fff2e550000 - 0x00007fff2e57b000 	C:\WINDOWS\SYSTEM32\Wldp.dll
0x00007fff31340000 - 0x00007fff3140d000 	C:\WINDOWS\System32\OLEAUT32.dll
0x00007fff30fd0000 - 0x00007fff3107d000 	C:\WINDOWS\System32\SHCORE.dll
0x00007fff31090000 - 0x00007fff310eb000 	C:\WINDOWS\System32\shlwapi.dll
0x00007fff2eb30000 - 0x00007fff2eb54000 	C:\WINDOWS\SYSTEM32\profapi.dll
0x00007ffe754f0000 - 0x00007ffe75502000 	C:\Users\Stefan\AppData\Roaming\PrismLauncher\java\java-runtime-epsilon\bin\net.dll
0x00007fff2e330000 - 0x00007fff2e39a000 	C:\WINDOWS\system32\mswsock.dll
0x00007ffe754d0000 - 0x00007ffe754e6000 	C:\Users\Stefan\AppData\Roaming\PrismLauncher\java\java-runtime-epsilon\bin\nio.dll
0x00007fff2e590000 - 0x00007fff2e5a8000 	C:\WINDOWS\SYSTEM32\CRYPTSP.dll
0x00007fff2dc00000 - 0x00007fff2dc38000 	C:\WINDOWS\system32\rsaenh.dll
0x00007fff2eaf0000 - 0x00007fff2eb1e000 	C:\WINDOWS\SYSTEM32\USERENV.dll
0x00007fff2e4c0000 - 0x00007fff2e4cc000 	C:\WINDOWS\SYSTEM32\CRYPTBASE.dll
0x00007fff2dfe0000 - 0x00007fff2e01b000 	C:\WINDOWS\SYSTEM32\IPHLPAPI.DLL
0x00007fff31080000 - 0x00007fff31088000 	C:\WINDOWS\System32\NSI.dll
0x00007ffe94030000 - 0x00007ffe94040000 	C:\Users\Stefan\AppData\Roaming\PrismLauncher\java\java-runtime-epsilon\bin\verify.dll
0x00007ffe881d0000 - 0x00007ffe881da000 	C:\Users\Stefan\AppData\Roaming\PrismLauncher\java\java-runtime-epsilon\bin\management.dll
0x00007ffe754c0000 - 0x00007ffe754cc000 	C:\Users\Stefan\AppData\Roaming\PrismLauncher\java\java-runtime-epsilon\bin\management_ext.dll
0x00007fff307d0000 - 0x00007fff307d8000 	C:\WINDOWS\System32\PSAPI.DLL
0x00007ffee3980000 - 0x00007ffee3997000 	C:\WINDOWS\system32\napinsp.dll
0x00007ffee3960000 - 0x00007ffee397b000 	C:\WINDOWS\system32\pnrpnsp.dll
0x00007fff2b740000 - 0x00007fff2b75d000 	C:\WINDOWS\system32\wshbth.dll
0x00007fff29840000 - 0x00007fff2985d000 	C:\WINDOWS\system32\NLAapi.dll
0x00007fff2e030000 - 0x00007fff2e0fa000 	C:\WINDOWS\SYSTEM32\DNSAPI.dll
0x00007ffee3940000 - 0x00007ffee3952000 	C:\WINDOWS\System32\winrnr.dll
0x00007fff24d40000 - 0x00007fff24dc0000 	C:\WINDOWS\System32\fwpuclnt.dll
0x00007fff24e80000 - 0x00007fff24e8a000 	C:\Windows\System32\rasadhlp.dll
0x00007ffea7ee0000 - 0x00007ffea7f55000 	C:\Users\Stefan\AppData\Local\Temp\lwjglStefan\3.3.1-build-7\lwjgl.dll
0x00007ffeb2760000 - 0x00007ffeb27c1000 	C:\Users\Stefan\AppData\Local\Temp\lwjglStefan\3.3.1-build-7\glfw.dll
0x00007ffebc750000 - 0x00007ffebc795000 	C:\WINDOWS\SYSTEM32\dinput8.dll
0x00007ffebc7a0000 - 0x00007ffebc7b1000 	C:\WINDOWS\SYSTEM32\xinput1_4.dll
0x00007fff2ec00000 - 0x00007fff2ec4e000 	C:\WINDOWS\System32\cfgmgr32.dll
0x00007fff2e990000 - 0x00007fff2e9c3000 	C:\WINDOWS\SYSTEM32\DEVOBJ.dll
0x00007fff2c870000 - 0x00007fff2c89e000 	C:\WINDOWS\SYSTEM32\dwmapi.dll
0x00007fff231a0000 - 0x00007fff232f2000 	C:\WINDOWS\SYSTEM32\inputhost.dll
0x00007fff2a280000 - 0x00007fff2a372000 	C:\WINDOWS\SYSTEM32\CoreMessaging.dll
0x00007fff29f20000 - 0x00007fff2a27b000 	C:\WINDOWS\SYSTEM32\CoreUIComponents.dll
0x00007fff2b760000 - 0x00007fff2b8b7000 	C:\WINDOWS\SYSTEM32\wintypes.dll
0x00007fff2bf60000 - 0x00007fff2c054000 	C:\WINDOWS\SYSTEM32\PROPSYS.dll
0x00007fff2de50000 - 0x00007fff2de83000 	C:\WINDOWS\SYSTEM32\ntmarta.dll
0x00007fff2c470000 - 0x00007fff2c50e000 	C:\WINDOWS\system32\uxtheme.dll
0x00007fff31410000 - 0x00007fff31525000 	C:\WINDOWS\System32\MSCTF.dll
0x00007ffedd0c0000 - 0x00007ffedd1e8000 	C:\WINDOWS\SYSTEM32\opengl32.dll
0x00007ffedd090000 - 0x00007ffedd0bc000 	C:\WINDOWS\SYSTEM32\GLU32.dll
0x00007fff310f0000 - 0x00007fff31199000 	C:\WINDOWS\System32\clbcatq.dll
0x00007ffec14a0000 - 0x00007ffec14d0000 	C:\WINDOWS\System32\DriverStore\FileRepository\u0419752.inf_amd64_024ed4a72563780a\B419298\atig6pxx.dll
0x00007ffebd680000 - 0x00007ffec149f000 	C:\WINDOWS\System32\DriverStore\FileRepository\u0419752.inf_amd64_024ed4a72563780a\B419298\atio6axx.dll
0x00007fff2f7f0000 - 0x00007fff2fc60000 	C:\WINDOWS\System32\SETUPAPI.dll
0x00007fff2f510000 - 0x00007fff2f583000 	C:\WINDOWS\System32\WINTRUST.dll
0x00007fff2ed20000 - 0x00007fff2ee7d000 	C:\WINDOWS\System32\CRYPT32.dll
0x00007fff2e7c0000 - 0x00007fff2e7d2000 	C:\WINDOWS\SYSTEM32\MSASN1.dll
0x00007fff1e9f0000 - 0x00007fff1ea2c000 	C:\WINDOWS\System32\DriverStore\FileRepository\u0419752.inf_amd64_024ed4a72563780a\B419298\amdihk64.dll
0x00007ffe75260000 - 0x00007ffe754b9000 	C:\Users\Stefan\AppData\Local\Temp\lwjglStefan\3.3.1-build-7\jemalloc.dll
0x00007fff23300000 - 0x00007fff233f9000 	C:\WINDOWS\SYSTEM32\textinputframework.dll
0x00007ffeb2700000 - 0x00007ffeb275d000 	C:\Users\Stefan\AppData\Local\Temp\lwjglStefan\3.3.1-build-7\lwjgl_opengl.dll
0x00007ffea7e50000 - 0x00007ffea7ed1000 	C:\Users\Stefan\AppData\Local\Temp\lwjglStefan\3.3.1-build-7\lwjgl_stb.dll
0x00007ffea7e10000 - 0x00007ffea7e50000 	C:\Users\Stefan\AppData\Local\Temp\jna--1808509297\jna873710439813501912.dll
0x00007fff17710000 - 0x00007fff1772f000 	C:\WINDOWS\SYSTEM32\amsi.dll
0x00007fff175c0000 - 0x00007fff17663000 	C:\ProgramData\Microsoft\Windows Defender\Platform\4.18.26060.3008-0\MpOav.dll
0x00007fff24e20000 - 0x00007fff24e71000 	C:\WINDOWS\SYSTEM32\Pdh.dll
0x00007fff14750000 - 0x00007fff1475f000 	C:\WINDOWS\System32\perfos.dll
0x00007fff27aa0000 - 0x00007fff27aae000 	C:\Users\Stefan\AppData\Roaming\PrismLauncher\java\java-runtime-epsilon\bin\sunmscapi.dll
0x00007fff2e6a0000 - 0x00007fff2e6c7000 	C:\WINDOWS\SYSTEM32\ncrypt.dll
0x00007fff2e660000 - 0x00007fff2e69b000 	C:\WINDOWS\SYSTEM32\NTASN1.dll
0x00007fff278d0000 - 0x00007fff278d9000 	C:\Users\Stefan\AppData\Roaming\PrismLauncher\java\java-runtime-epsilon\bin\extnet.dll
0x00007fff24eb0000 - 0x00007fff24f5e000 	C:\WINDOWS\SYSTEM32\mscms.dll
0x00007fff24e90000 - 0x00007fff24ea1000 	C:\WINDOWS\SYSTEM32\ColorAdapterClient.dll
0x00007ffeb9800000 - 0x00007ffeb9845000 	C:\WINDOWS\SYSTEM32\icm32.dll
0x00007ffefc250000 - 0x00007ffefc284000 	C:\Users\Stefan\AppData\Local\Temp\watermedia\videolan\libvlc.dll
0x00007ffeb21f0000 - 0x00007ffeb24a5000 	C:\Users\Stefan\AppData\Local\Temp\watermedia\videolan\libvlccore.dll
0x00007ffebc810000 - 0x00007ffebc8ac000 	C:\WINDOWS\SYSTEM32\DSOUND.dll
0x00007fff07f40000 - 0x00007fff07f66000 	C:\WINDOWS\SYSTEM32\winmmbase.dll
0x00007ffeac5a0000 - 0x00007ffeac6ae000 	C:\Users\Stefan\AppData\Local\Temp\watermedia\videolan\plugins\misc\libxml_plugin.dll
0x00007ffeb1e60000 - 0x00007ffeb21f0000 	C:\Users\Stefan\AppData\Local\Temp\watermedia\videolan\plugins\access\libaccess_srt_plugin.dll
0x00007ffee1ec0000 - 0x00007ffee1ec9000 	C:\WINDOWS\SYSTEM32\WSOCK32.dll
0x00007ffeb1bc0000 - 0x00007ffeb1e56000 	C:\Users\Stefan\AppData\Local\Temp\watermedia\videolan\plugins\access\libdcp_plugin.dll
0x00007ffefd6b0000 - 0x00007ffefd6c8000 	C:\Users\Stefan\AppData\Local\Temp\watermedia\videolan\plugins\access\libfilesystem_plugin.dll
0x00007ffefc210000 - 0x00007ffefc236000 	C:\Users\Stefan\AppData\Local\Temp\watermedia\videolan\plugins\access\libftp_plugin.dll
0x00007ffeb97d0000 - 0x00007ffeb97fd000 	C:\Users\Stefan\AppData\Local\Temp\watermedia\videolan\plugins\access\libhttps_plugin.dll
0x00007ffeb97b0000 - 0x00007ffeb97ca000 	C:\Users\Stefan\AppData\Local\Temp\watermedia\videolan\plugins\access\libhttp_plugin.dll
0x00007ffeb9790000 - 0x00007ffeb97a1000 	C:\Users\Stefan\AppData\Local\Temp\watermedia\videolan\plugins\access\libimem_plugin.dll
0x00007ffeb2810000 - 0x00007ffeb285f000 	C:\Users\Stefan\AppData\Local\Temp\watermedia\videolan\plugins\access\libnfs_plugin.dll
0x00007ffeb1ae0000 - 0x00007ffeb1bbf000 	C:\Users\Stefan\AppData\Local\Temp\watermedia\videolan\plugins\access\libsftp_plugin.dll
0x00007ffeb9770000 - 0x00007ffeb9781000 	C:\Users\Stefan\AppData\Local\Temp\watermedia\videolan\plugins\access\libtcp_plugin.dll
0x00007ffeb27f0000 - 0x00007ffeb2801000 	C:\Users\Stefan\AppData\Local\Temp\watermedia\videolan\plugins\access\libudp_plugin.dll
0x00007ffeb1ac0000 - 0x00007ffeb1ad9000 	C:\Users\Stefan\AppData\Local\Temp\watermedia\videolan\plugins\audio_filter\libaudiobargraph_a_plugin.dll
0x00007ffeb1aa0000 - 0x00007ffeb1ab6000 	C:\Users\Stefan\AppData\Local\Temp\watermedia\videolan\plugins\audio_filter\libaudio_format_plugin.dll
0x00007ffeb1a80000 - 0x00007ffeb1a93000 	C:\Users\Stefan\AppData\Local\Temp\watermedia\videolan\plugins\audio_filter\libchorus_flanger_plugin.dll
0x00007ffeb1a60000 - 0x00007ffeb1a74000 	C:\Users\Stefan\AppData\Local\Temp\watermedia\videolan\plugins\audio_filter\libcompressor_plugin.dll
0x00007ffeb1a40000 - 0x00007ffeb1a51000 	C:\Users\Stefan\AppData\Local\Temp\watermedia\videolan\plugins\audio_filter\libdolby_surround_decoder_plugin.dll
0x00007ffeb1a20000 - 0x00007ffeb1a3b000 	C:\Users\Stefan\AppData\Local\Temp\watermedia\videolan\plugins\audio_filter\libequalizer_plugin.dll

JVMTI agents: none

dbghelp: loaded successfully - version: 4.0.5 - missing functions: none
symbol engine: initialized successfully - sym options: 0x614 - pdb path: .;C:\Users\Stefan\AppData\Roaming\PrismLauncher\java\java-runtime-epsilon\bin;C:\WINDOWS\SYSTEM32;C:\WINDOWS\WinSxS\amd64_microsoft.windows.common-controls_6595b64144ccf1df_6.0.19041.6456_none_60b8a6cb71f64256;C:\Users\Stefan\AppData\Roaming\PrismLauncher\java\java-runtime-epsilon\bin\server;C:\Users\Stefan\AppData\Local\Temp\lwjglStefan\3.3.1-build-7;C:\WINDOWS\System32\DriverStore\FileRepository\u0419752.inf_amd64_024ed4a72563780a\B419298;C:\Users\Stefan\AppData\Local\Temp\jna--1808509297;C:\ProgramData\Microsoft\Windows Defender\Platform\4.18.26060.3008-0;C:\Users\Stefan\AppData\Local\Temp\watermedia\videolan;C:\Users\Stefan\AppData\Local\Temp\watermedia\videolan\plugins\misc;C:\Users\Stefan\AppData\Local\Temp\watermedia\videolan\plugins\access;C:\Users\Stefan\AppData\Local\Temp\watermedia\videolan\plugins\audio_filter;C:\Users\Stefan\AppData\Local\Temp\watermedia\videolan\plugins\audio_mixer;C:\Users\Stefan\AppData\Local\Temp\watermedia\videolan\plugins\audio_output;C:\Users\Stefan\AppData\Local\Temp\watermedia\videolan\plugins\codec;C:\Users\Stefan\AppData\Local\Temp\watermedia\videolan\plugins\d3d11;C:\Users\Stefan\AppData\Local\Temp\watermedia\videolan\plugins\d3d9;C:\Users\Stefan\AppData\Local\Temp\watermedia\videolan\plugins\demux;C:\Users\Stefan\AppData\Local\Temp\watermedia\videolan\plugins\logger;C:\Users\Stefan\AppData\Local\Temp\watermedia\videolan\plugins\lua;C:\Users\Stefan\AppData\Local\Temp\watermedia\videolan\plugins\mux;C:\Users\Stefan\AppData\Local\Temp\watermedia\videolan\plugins\packetizer;C:\Users\Stefan\AppData\Local\Temp\watermedia\videolan\plugins\spu;C:\Users\Stefan\AppData\Local\Temp\watermedia\videolan\plugins\stream_filter;C:\Users\Stefan\AppData\Local\Temp\watermedia\videolan\plugins\video_chroma;C:\Users\Stefan\AppData\Local\Temp\watermedia\videolan\plugins\video_filter;C:\Users\Stefan\AppData\Local\Temp\watermedia\videolan\plugins\video_output;C:\WINDOWS\System32\Speech\Common;C:\Users\Stefan\AppData\Local\Temp

VM Arguments:
jvm_args: -XX:HeapDumpPath=MojangTricksIntelDriversForPerformance_javaw.exe_minecraft.exe.heapdump -Xms2048m -Xmx12288m -Duser.language=en -Djava.library.path=C:/Users/Stefan/AppData/Roaming/PrismLauncher/instances/ZFG Whatever/natives 
java_command: org.prismlauncher.EntryPoint
java_class_path (initial): C:/Users/Stefan/AppData/Local/Programs/PrismLauncher/jars/NewLaunch.jar;C:/Users/Stefan/AppData/Roaming/PrismLauncher/libraries/org/lwjgl/lwjgl-glfw-natives-windows-arm64/3.3.1/lwjgl-glfw-natives-windows-arm64-3.3.1.jar;C:/Users/Stefan/AppData/Roaming/PrismLauncher/libraries/org/lwjgl/lwjgl-glfw-natives-windows-x86/3.3.1/lwjgl-glfw-natives-windows-x86-3.3.1.jar;C:/Users/Stefan/AppData/Roaming/PrismLauncher/libraries/org/lwjgl/lwjgl-glfw-natives-windows/3.3.1/lwjgl-glfw-natives-windows-3.3.1.jar;C:/Users/Stefan/AppData/Roaming/PrismLauncher/libraries/org/lwjgl/lwjgl-glfw/3.3.1/lwjgl-glfw-3.3.1.jar;C:/Users/Stefan/AppData/Roaming/PrismLauncher/libraries/org/lwjgl/lwjgl-jemalloc-natives-windows-arm64/3.3.1/lwjgl-jemalloc-natives-windows-arm64-3.3.1.jar;C:/Users/Stefan/AppData/Roaming/PrismLauncher/libraries/org/lwjgl/lwjgl-jemalloc-natives-windows-x86/3.3.1/lwjgl-jemalloc-natives-windows-x86-3.3.1.jar;C:/Users/Stefan/AppData/Roaming/PrismLauncher/libraries/org/lwjgl/lwjgl-jemalloc-natives-windows/3.3.1/lwjgl-jemalloc-natives-windows-3.3.1.jar;C:/Users/Stefan/AppData/Roaming/PrismLauncher/libraries/org/lwjgl/lwjgl-jemalloc/3.3.1/lwjgl-jemalloc-3.3.1.jar;C:/Users/Stefan/AppData/Roaming/PrismLauncher/libraries/org/lwjgl/lwjgl-natives-windows-arm64/3.3.1/lwjgl-natives-windows-arm64-3.3.1.jar;C:/Users/Stefan/AppData/Roaming/PrismLauncher/libraries/org/lwjgl/lwjgl-natives-windows-x86/3.3.1/lwjgl-natives-windows-x86-3.3.1.jar;C:/Users/Stefan/AppData/Roaming/PrismLauncher/libraries/org/lwjgl/lwjgl-natives-windows/3.3.1/lwjgl-natives-windows-3.3.1.jar;C:/Users/Stefan/AppData/Roaming/PrismLauncher/libraries/org/lwjgl/lwjgl-openal-natives-windows-arm64/3.3.1/lwjgl-openal-natives-windows-arm64-3.3.1.jar;C:/Users/Stefan/AppData/Roaming/PrismLauncher/libraries/org/lwjgl/lwjgl-openal-natives-windows-x86/3.3.1/lwjgl-openal-natives-windows-x86-3.3.1.jar;C:/Users/Stefan/AppData/Roaming/PrismLauncher/libraries/org/lwjgl/lwjgl-openal-natives-windows/3.3.1/lwjgl-openal-natives-windows-3.3.1.jar;C:/Users/Stefan/AppData/Roaming/PrismLauncher/libraries/org/lwjgl/lwjgl-openal/3.3.1/lwjgl-openal-3.3.1.jar;C:/Users/Stefan/AppData/Roaming/PrismLauncher/libraries/org/lwjgl/lwjgl-opengl-natives-windows-arm64/3.3.1/lwjgl-opengl-natives-windows-arm64-3.3.1.jar;C:/Users/Stefan/AppData/Roaming/PrismLauncher/libraries/org/lwjgl/lwjgl-opengl-natives-windows-x86/3.3.1/lwjgl-opengl-natives-windows-x86-3.3.1.jar;C:/Users/Stefan/AppData/Roaming/PrismLauncher/libraries/org/lwjgl/lwjgl-opengl-natives-windows/3.3.1/lwjgl-opengl-natives-windows-3.3.1.jar;C:/Users/Stefan/AppData/Roaming/PrismLauncher/libraries/org/lwjgl/lwjgl-opengl/3.3.1/lwjgl-opengl-3.3.1.jar;C:/Users/Stefan/AppData/Roaming/PrismLauncher/libraries/org/lwjgl/lwjgl-stb-natives-windows-arm64/3.3.1/lwjgl-stb-natives-windows-arm64-3.3.1.jar;C:/Users/Stefan/AppData/Roaming/PrismLauncher/libraries/org/lwjgl/lwjgl-stb-natives-windows-x86/3.3.1/lwjgl-stb-natives-windows-x86-3.3.1.jar;C:/Users/Stefan/AppData/Roaming/PrismLauncher/libraries/org/lwjgl/lwjgl-stb-natives-windows/3.3.1/lwjgl-stb-natives-windows-3.3.1.jar;C:/Users/Stefan/AppData/Roaming/PrismLauncher/libraries/org/lwjgl/lwjgl-stb/3.3.1/lwjgl-stb-3.3.1.jar;C:/Users/Stefan/AppData/Roaming/PrismLauncher/libraries/org/lwjgl/lwjgl-tinyfd-natives-windows-arm64/3.3.1/lwjgl-tinyfd-natives-windows-arm64-3.3.1.jar;C:/Users/Stefan/AppData/Roaming/PrismLauncher/libraries/org/lwjgl/lwjgl-tinyfd-natives-windows-x86/3.3.1/lwjgl-tinyfd-natives-windows-x86-3.3.1.jar;C:/Users/Stefan/AppData/Roaming/PrismLauncher/libraries/org/lwjgl/lwjgl-tinyfd-natives-windows/3.3.1/lwjgl-tinyfd-natives-windows-3.3.1.jar;C:/Users/Stefan/AppData/Roaming/PrismLauncher/libraries/org/lwjgl/lwjgl-tinyfd/3.3.1/lwjgl-tinyfd-3.3.1.jar;C:/Users/Stefan/AppData/Roaming/PrismLauncher/libraries/org/lwjgl/lwjgl/3.3.1/lwjgl-3.3.1.jar;C:/Users/Stefan/AppData/Roaming/PrismLauncher/libraries/com/github/oshi/oshi-core/6.2.2/oshi-core-6.2.2.jar;C:/Users/Stefan/AppData/Roaming/PrismLauncher/libraries/com/google/code/gson/gson/2.10/gson-2.10.jar;C:/Users/Stefan/AppData/Roaming/PrismLauncher/libraries/com/google/guava/failureaccess/1.0.1/failureaccess-1.0.1.jar;C:/Users/Stefan/AppData/Roaming/PrismLauncher/libraries/com/google/guava/guava/31.1-jre/guava-31.1-jre.jar;C:/Users/Stefan/AppData/Roaming/PrismLauncher/libraries/com/ibm/icu/icu4j/71.1/icu4j-71.1.jar;C:/Users/Stefan/AppData/Roaming/PrismLauncher/libraries/com/mojang/authlib/4.0.43/authlib-4.0.43.jar;C:/Users/Stefan/AppData/Roaming/PrismLauncher/libraries/com/mojang/blocklist/1.0.10/blocklist-1.0.10.jar;C:/Users/Stefan/AppData/Roaming/PrismLauncher/libraries/com/mojang/brigadier/1.1.8/brigadier-1.1.8.jar;C:/Users/Stefan/AppData/Roaming/PrismLauncher/libraries/com/mojang/datafixerupper/6.0.8/datafixerupper-6.0.8.jar;C:/Users/Stefan/AppData/Roaming/PrismLauncher/libraries/com/mojang/logging/1.1.1/logging-1.1.1.jar;C:/Users/Stefan/AppData/Roaming/PrismLauncher/libraries/com/mojang/patchy/2.2.10/patchy-2.2.10.jar;C:/Users/Stefan/AppData/Roaming/PrismLauncher/libraries/com/mojang/text2speech/1.17.9/text2speech-1.17.9.jar;C:/Users/Stefan/AppData/Roaming/PrismLauncher/libraries/commons-codec/commons-codec/1.15/commons-codec-1.15.jar;C:/Users/Stefan/AppData/Roaming/PrismLauncher/libraries/commons-io/commons-io/2.11.0/commons-io-2.11.0.jar;C:/Users/Stefan/AppData/Roaming/PrismLauncher/libraries/commons-logging/commons-logging/1.2/commons-logging-1.2.jar;C:/Users/Stefan/AppData/Roaming/PrismLauncher/libraries/io/netty/netty-buffer/4.1.82.Final/netty-buffer-4.1.82.Final.jar;C:/Users/Stefan/AppData/Roaming/PrismLauncher/libraries/io/netty/netty-codec/4.1.82.Final/netty-codec-4.1.82.Final.jar;C:/Users/Stefan/AppData/Roaming/PrismLauncher/libraries/io/netty/netty-common/4.1.82.Final/netty-common-4.1.82.Final.jar;C:/Users/Stefan/AppData/Roaming/PrismLauncher/libraries/io/netty/netty-handler/4.1.82.Final/netty-handler-4.1.82.Final.jar;C:/Users/Stefan/AppData/Roaming/PrismLauncher/libraries/io/netty/netty-resolver/4.1.82.Final/netty-resolver-4.1.82.Final.jar;C:/Users/Stefan/AppData/Roaming/PrismLauncher/libraries/io/netty/netty-transport-classes-epoll/4.1.82.Final/netty-transport-classes-epoll-4.1.82.Final.jar;C:/Users/Stefan/AppData/Roaming/PrismLauncher/libraries/io/netty/netty-transport-native-unix-common/4.1.82.Final/netty-transport-native-unix-common-4.1.82.Final.jar;C:/Users/Stefan/AppData/Roaming/PrismLauncher/libraries/io/netty/netty-transport/4.1.82.Final/netty-transport-4.1.82.Final.jar;C:/Users/Stefan/AppData/Roaming/PrismLauncher/libraries/it/unimi/dsi/fastutil/8.5.9/fastutil-8.5.9.jar;C:/Users/Stefan/AppData/Roaming/PrismLauncher/libraries/net/java/dev/jna/jna-platform/5.12.1/jna-platform-5.12.1.jar;C:/Users/Stefan/AppData/Roaming/PrismLauncher/libraries/net/java/dev/jna/jna/5.12.1/jna-5.12.1.jar;C:/Users/Stefan/AppData/Roaming/PrismLauncher/libraries/net/sf/jopt-simple/jopt-simple/5.0.4/jopt-simple-5.0.4.jar;C:/Users/Stefan/AppData/Roaming/PrismLauncher/libraries/org/apache/commons/commons-compress/1.21/commons-compress-1.21.jar;C:/Users/Stefan/AppData/Roaming/PrismLauncher/libraries/org/apache/commons/commons-lang3/3.12.0/commons-lang3-3.12.0.jar;C:/Users/Stefan/AppData/Roaming/PrismLauncher/libraries/org/apache/httpcomponents/httpclient/4.5.13/httpclient-4.5.13.jar;C:/Users/Stefan/AppData/Roaming/PrismLauncher/libraries/org/apache/httpcomponents/httpcore/4.4.15/httpcore-4.4.15.jar;C:/Users/Stefan/AppData/Roaming/PrismLauncher/libraries/org/apache/logging/log4j/log4j-api/2.19.0/log4j-api-2.19.0.jar;C:/Users/Stefan/AppData/Roaming/PrismLauncher/libraries/org/apache/logging/log4j/log4j-core/2.19.0/log4j-core-2.19.0.jar;C:/Users/Stefan/AppData/Roaming/PrismLauncher/libraries/org/apache/logging/log4j/log4j-slf4j2-impl/2.19.0/log4j-slf4j2-impl-2.19.0.jar;C:/Users/Stefan/AppData/Roaming/PrismLauncher/libraries/org/joml/joml/1.10.5/joml-1.10.5.jar;C:/Users/Stefan/AppData/Roaming/PrismLauncher/libraries/org/slf4j/slf4j-api/2.0.1/slf4j-api-2.0.1.jar;C:/Users/Stefan/AppData/Roaming/PrismLauncher/libraries/io/github/zekerzhayard/ForgeWrapper/prism-2025-12-07/ForgeWrapper-prism-2025-12-07.jar;C:/Users/Stefan/AppData/Roaming/PrismLauncher/libraries/cpw/mods/securejarhandler/2.1.10/securejarhandler-2.1.10.jar;C:/Users/Stefan/AppData/Roaming/PrismLauncher/libraries/org/ow2/asm/asm/9.8/asm-9.8.jar;C:/Users/Stefan/AppData/Roaming/PrismLauncher/libraries/org/ow2/asm/asm-commons/9.8/asm-commons-9.8.jar;C:/Users/Stefan/AppData/Roaming/PrismLauncher/libraries/org/ow2/asm/asm-tree/9.8/asm-tree-9.8.jar;C:/Users/Stefan/AppData/Roaming/PrismLauncher/libraries/org/ow2/asm/asm-util/9.8/asm-util-9.8.jar;C:/Users/Stefan/AppData/Roaming/PrismLauncher/libraries/org/ow2/asm/asm-analysis/9.8/asm-analysis-9.8.jar;C:/Users/Stefan/AppData/Roaming/PrismLauncher/libraries/net/minecraftforge/accesstransformers/8.0.4/accesstransformers-8.0.4.jar;C:/Users/Stefan/AppData/Roaming/PrismLauncher/libraries/org/antlr/antlr4-runtime/4.9.1/antlr4-runtime-4.9.1.jar;C:/Users/Stefan/AppData/Roaming/PrismLauncher/libraries/net/minecraftforge/eventbus/6.0.5/eventbus-6.0.5.jar;C:/Users/Stefan/AppData/Roaming/PrismLauncher/libraries/net/minecraftforge/forgespi/7.0.1/forgespi-7.0.1.jar;C:/Users/Stefan/AppData/Roaming/PrismLauncher/libraries/net/minecraftforge/coremods/5.2.4/coremods-5.2.4.jar;C:/Users/Stefan/AppData/Roaming/PrismLauncher/libraries/cpw/mods/modlauncher/10.0.9/modlauncher-10.0.9.jar;C:/Users/Stefan/AppData/Roaming/PrismLauncher/libraries/net/minecraftforge/unsafe/0.2.0/unsafe-0.2.0.jar;C:/Users/Stefan/AppData/Roaming/PrismLauncher/libraries/net/minecraftforge/mergetool/1.1.5/mergetool-1.1.5-api.jar;C:/Users/Stefan/AppData/Roaming/PrismLauncher/libraries/com/electronwill/night-config/core/3.6.4/core-3.6.4.jar;C:/Users/Stefan/AppData/Roaming/PrismLauncher/libraries/com/electronwill/night-config/toml/3.6.4/toml-3.6.4.jar;C:/Users/Stefan/AppData/Roaming/PrismLauncher/libraries/org/apache/maven/maven-artifact/3.8.5/maven-artifact-3.8.5.jar;C:/Users/Stefan/AppData/Roaming/PrismLauncher/libraries/net/jodah/typetools/0.6.3/typetools-0.6.3.jar;C:/Users/Stefan/AppData/Roaming/PrismLauncher/libraries/net/minecrell/terminalconsoleappender/1.2.0/terminalconsoleappender-1.2.0.jar;C:/Users/Stefan/AppData/Roaming/PrismLauncher/libraries/org/jline/jline-reader/3.12.1/jline-reader-3.12.1.jar;C:/Users/Stefan/AppData/Roaming/PrismLauncher/libraries/org/jline/jline-terminal/3.12.1/jline-terminal-3.12.1.jar;C:/Users/Stefan/AppData/Roaming/PrismLauncher/libraries/org/spongepowered/mixin/0.8.5/mixin-0.8.5.jar;C:/Users/Stefan/AppData/Roaming/PrismLauncher/libraries/org/openjdk/nashorn/nashorn-core/15.4/nashorn-core-15.4.jar;C:/Users/Stefan/AppData/Roaming/PrismLauncher/libraries/net/minecraftforge/JarJarSelector/0.3.19/JarJarSelector-0.3.19.jar;C:/Users/Stefan/AppData/Roaming/PrismLauncher/libraries/net/minecraftforge/JarJarMetadata/0.3.19/JarJarMetadata-0.3.19.jar;C:/Users/Stefan/AppData/Roaming/PrismLauncher/libraries/cpw/mods/bootstraplauncher/1.1.2/bootstraplauncher-1.1.2.jar;C:/Users/Stefan/AppData/Roaming/PrismLauncher/libraries/net/minecraftforge/JarJarFileSystems/0.3.19/JarJarFileSystems-0.3.19.jar;C:/Users/Stefan/AppData/Roaming/PrismLauncher/libraries/net/minecraftforge/fmlloader/1.20.1-47.4.10/fmlloader-1.20.1-47.4.10.jar;C:/Users/Stefan/AppData/Roaming/PrismLauncher/libraries/net/minecraftforge/fmlearlydisplay/1.20.1-47.4.10/fmlearlydisplay-1.20.1-47.4.10.jar;C:/Users/Stefan/AppData/Roaming/PrismLauncher/libraries/com/mojang/minecraft/1.20.1/minecraft-1.20.1-client.jar
Launcher Type: SUN_STANDARD

[Global flags]
     intx CICompilerCount                          = 12                                        {product} {ergonomic}
     uint ConcGCThreads                            = 3                                         {product} {ergonomic}
     uint G1ConcRefinementThreads                  = 13                                        {product} {ergonomic}
   size_t G1HeapRegionSize                         = 8388608                                   {product} {ergonomic}
    ccstr HeapDumpPath                             = MojangTricksIntelDriversForPerformance_javaw.exe_minecraft.exe.heapdump         {manageable} {command line}
   size_t InitialHeapSize                          = 2147483648                                {product} {command line}
   size_t MarkStackSize                            = 4194304                                   {product} {ergonomic}
   size_t MarkStackSizeMax                         = 536870912                                 {product} {ergonomic}
   size_t MaxHeapSize                              = 12884901888                               {product} {command line}
   size_t MaxNewSize                               = 7725907968                                {product} {ergonomic}
   size_t MinHeapDeltaBytes                        = 8388608                                   {product} {ergonomic}
   size_t MinHeapSize                              = 2147483648                                {product} {command line}
    uintx NonNMethodCodeHeapSize                   = 7602176                                {pd product} {ergonomic}
    uintx NonProfiledCodeHeapSize                  = 122093568                              {pd product} {ergonomic}
    uintx ProfiledCodeHeapSize                     = 121962496                              {pd product} {ergonomic}
    uintx ReservedCodeCacheSize                    = 251658240                              {pd product} {ergonomic}
     bool SegmentedCodeCache                       = true                                      {product} {ergonomic}
   size_t SoftMaxHeapSize                          = 12884901888                            {manageable} {ergonomic}
     bool UseCompressedOops                        = true                           {product lp64_product} {ergonomic}
     bool UseG1GC                                  = true                                      {product} {ergonomic}
     bool UseLargePagesIndividualAllocation        = false                                  {pd product} {ergonomic}

Logging:
Log output configuration:
 #0: stdout all=warning uptime,level,tags foldmultilines=false
 #1: stderr all=off uptime,level,tags foldmultilines=false

Release file:
JAVA_VERSION="25.0.1"
MODULES="java.base java.compiler java.datatransfer java.xml java.prefs java.desktop java.instrument java.logging java.management java.security.sasl java.naming java.rmi java.management.rmi java.net.http java.scripting java.security.jgss java.transaction.xa java.sql java.sql.rowset java.xml.crypto java.se java.smartcardio jdk.accessibility jdk.internal.jvmstat jdk.attach jdk.charsets jdk.internal.opt jdk.zipfs jdk.compiler jdk.crypto.cryptoki jdk.crypto.ec jdk.crypto.mscapi jdk.dynalink jdk.internal.ed jdk.editpad jdk.internal.vm.ci jdk.graal.compiler jdk.graal.compiler.management jdk.hotspot.agent jdk.httpserver jdk.incubator.vector jdk.internal.le jdk.internal.md jdk.jartool jdk.javadoc jdk.jcmd jdk.management jdk.management.agent jdk.jconsole jdk.jdeps jdk.jdwp.agent jdk.jdi jdk.jfr jdk.jlink jdk.jpackage jdk.jshell jdk.jsobject jdk.jstatd jdk.localedata jdk.management.jfr jdk.naming.dns jdk.naming.rmi jdk.net jdk.nio.mapmode jdk.sctp jdk.security.auth jdk.security.jgss jdk.unsupported jdk.unsupported.desktop jdk.xml.dom"

Environment Variables:
PATH=C:\Program Files\Common Files\Oracle\Java\javapath;C:\Program Files\Python312\Scripts\;C:\Program Files\Python312\;C:\Program Files\Python313\Scripts\;C:\Program Files\Python313\;D:\ffmpeg\ffmpeg-6.0-full_build\bin;C:\Windows\system32;C:\Windows;C:\Windows\System32\Wbem;C:\Windows\System32\WindowsPowerShell\v1.0\;C:\Program Files (x86)\Windows Kits\10\Windows Performance Toolkit\;C:\Program Files\dotnet\;C:\Program Files\Java\jdk-26.0.1\bin;C:\Program Files\PuTTY\;C:\Program Files\Git\cmd;D:\Python;D:\Python\Scripts\;C:\Program Files\nodejs\;C:\Program File\nodejs;C:\Users\Stefan\.local\bin;C:\Users\Stefan\AppData\Local\Programs\Quarto\bin;C:\Users\Stefan\AppData\Local\Microsoft\WindowsApps;C:\Users\Stefan\AppData\Local\Microsoft\WindowsApps;C:\Users\Stefan\.dotnet\tools;D:\VS code\bin;C:\Users\Stefan\AppData\Local\GitHubDesktop\bin;C:\Users\Stefan\.dotnet\tools;C:\Program Files\Graphviz\bin;C:\Users\Stefan\.deno\bin;C:\Users\Stefan\AppData\Roaming\npm;C:\Program Files\nodejs
USERNAME=Stefan
OS=Windows_NT
PROCESSOR_IDENTIFIER=AMD64 Family 25 Model 97 Stepping 2, AuthenticAMD
TMP=C:\Users\Stefan\AppData\Local\Temp
TEMP=C:\Users\Stefan\AppData\Local\Temp




Compilation memory statistics disabled.

Periodic native trim disabled

---------------  S Y S T E M  ---------------

OS:
 Windows 10 , 64 bit Build 19041 (10.0.19041.5915)
OS uptime: 0 days 0:19 hours
Hyper-V role detected

CPU: total 16 (initial active 16) (16 cores per cpu, 2 threads per core) family 25 model 97 stepping 2 microcode 0x0, cx8, cmov, fxsr, ht, mmx, 3dnowpref, sse, sse2, sse3, ssse3, sse4a, sse4.1, sse4.2, popcnt, lzcnt, tsc, tscinvbit, avx, avx2, aes, erms, clmul, bmi1, bmi2, adx, avx512f, avx512dq, avx512cd, avx512bw, avx512vl, sha, fma, vzeroupper, avx512_vpopcntdq, avx512_vpclmulqdq, avx512_vaes, avx512_vnni, clflush, clflushopt, clwb, avx512_vbmi2, avx512_vbmi, hv, rdtscp, rdpid, fsrm, gfni, avx512_bitalg, f16c, cet_ss, avx512_ifma
Processor Information for the first 16 processors :
  Max Mhz: 3801, Current Mhz: 3801, Mhz Limit: 3801

Memory: 4k page, system-wide physical 31861M (9162M free)
TotalPageFile size 50293M (AvailPageFile size 10416M)
current process WorkingSet (physical memory assigned to process): 13581M, peak: 14020M
current process commit charge ("private bytes"): 24467M, peak: 24736M

vm_info: OpenJDK 64-Bit Server VM (25.0.1+8-LTS) for windows-amd64 JRE (25.0.1+8-LTS), built on 2025-10-13T22:41:56Z with unknown MS VC++:1944

END.
