#
# A fatal error has been detected by the Java Runtime Environment:
#
#  Internal Error (g1HeapRegionManager.cpp:55), pid=17476, tid=616
#  guarantee(Thread::current()->is_VM_thread() || FreeList_lock->owned_by_self()) failed: master free list MT safety protocol at a safepoint
#
# JRE version: OpenJDK Runtime Environment Microsoft-12574223 (25.0.1+8) (build 25.0.1+8-LTS)
# Java VM: OpenJDK 64-Bit Server VM Microsoft-12574223 (25.0.1+8-LTS, mixed mode, tiered, compressed oops, compressed class ptrs, g1 gc, windows-amd64)
# Problematic frame:
# V  [jvm.dll+0x3f0fa7]
#
# No core dump will be written. Minidumps are not enabled by default on client versions of Windows
#
# If you would like to submit a bug report, please visit:
#   https://aka.ms/minecraftjavacrashes
#

---------------  S U M M A R Y ------------

Command Line: -XX:+UnlockExperimentalVMOptions -XX:+UnlockDiagnosticVMOptions -XX:+AlwaysPreTouch -XX:+DisableExplicitGC -XX:+UseNUMA -XX:NmethodSweepActivity=1 -XX:ReservedCodeCacheSize=400M -XX:NonNMethodCodeHeapSize=12M -XX:ProfiledCodeHeapSize=194M -XX:NonProfiledCodeHeapSize=194M -XX:-DontCompileHugeMethods -XX:MaxNodeLimit=240000 -XX:NodeLimitFudgeFactor=8000 -XX:+UseVectorCmov -XX:+PerfDisableSharedMem -XX:+UseFastUnorderedTimeStamps -XX:+UseCriticalJavaThreadPriority -XX:ThreadPriorityPolicy=1 -XX:AllocatePrefetchStyle=3 -XX:+UseG1GC -XX:MaxGCPauseMillis=37 -XX:+PerfDisableSharedMem -XX:G1HeapRegionSize=16M -XX:G1NewSizePercent=23 -XX:G1ReservePercent=20 -XX:SurvivorRatio=32 -XX:G1MixedGCCountTarget=3 -XX:G1HeapWastePercent=20 -XX:InitiatingHeapOccupancyPercent=10 -XX:G1RSetUpdatingPauseTimePercent=0 -XX:MaxTenuringThreshold=1 -XX:G1SATBBufferEnqueueingThresholdPercent=30 -XX:GCTimeRatio=99 -XX:+UseLargePages -XX:LargePageSizeInBytes=2m -XX:HeapDumpPath=MojangTricksIntelDriversForPerformance_javaw.exe_minecraft.exe.heapdump -Xms8192m -Xmx12288m -Duser.language=en -Djava.library.path=C:/Users/Stefan/AppData/Roaming/PrismLauncher/instances/ZFG Whatever/natives org.prismlauncher.EntryPoint

Host: AMD Ryzen 7 7700 8-Core Processor              , 16 cores, 31G,  Windows 10 , 64 bit Build 19041 (10.0.19041.5915)
Time: Mon Aug  3 18:38:57 2026 W. Europe Daylight Time elapsed time: 4381.560731 seconds (0d 1h 13m 1s)

---------------  T H R E A D  ---------------

Current thread (0x0000019dde2619e0):  WatcherThread "VM Periodic Task Thread" [id=616, stack(0x00000064f1800000,0x00000064f1900000) (1024K)]

Stack: [0x00000064f1800000,0x00000064f1900000],  sp=0x00000064f18ff580,  free space=1021k
Native frames: (J=compiled Java code, j=interpreted, Vv=VM code, C=native code)
V  [jvm.dll+0x3f0fa7]  (no source info available)
V  [jvm.dll+0x3f33a7]  (no source info available)
V  [jvm.dll+0x3cb953]  (no source info available)
V  [jvm.dll+0x3cb170]  (no source info available)
V  [jvm.dll+0x3ed437]  (no source info available)
V  [jvm.dll+0x973e9e]  (no source info available)
V  [jvm.dll+0x78b850]  (no source info available)
V  [jvm.dll+0x99eced]  (no source info available)
V  [jvm.dll+0x7b1405]  (no source info available)
C  [ucrtbase.dll+0x21bb2]  (no source info available)
C  [KERNEL32.DLL+0x17374]  (no source info available)
C  [ntdll.dll+0x4cc91]  (no source info available)




Registers:
RAX=0x0000019dae060000, RBX=0x0000019dae8c1be8, RCX=0x00007ffeebc1f498, RDX=0x0000000000000037
RSP=0x00000064f18ff580, RBP=0x0000019ddb397d40, RSI=0x0000019dae8c1b48, RDI=0x0000019dae8c19b0
R8 =0x00007ffeebc1ae30, R9 =0x00007ffeebc1f460, R10=0x0000000000000001, R11=0x00000064f18ff5a8
R12=0x00000000000003d8, R13=0x0000019dde2619e0, R14=0x0000019ddb397d58, R15=0x000000000d000000
RIP=0x00007ffeeb490fa7, EFLAGS=0x0000000000010246

XMM[0]=0x0000000000000000 0x43e0000000000000
XMM[1]=0x0000000000000000 0x40bb897ee631f8a1
XMM[2]=0x0000000000000000 0x0000000000000000
XMM[3]=0x0000000000000000 0x0000000000000000
XMM[4]=0x0000000000000000 0x0000000000000000
XMM[5]=0x0000000000000000 0x0000000000000000
XMM[6]=0x0000000000000000 0x0000000000000000
XMM[7]=0x0000000000000000 0x0000000000000000
XMM[8]=0x0000000000000000 0x0000000000000000
XMM[9]=0x0000000000000000 0x0000000000000000
XMM[10]=0x0000000000000000 0x0000000000000000
XMM[11]=0x0000000000000000 0x0000000000000000
XMM[12]=0x0000000000000000 0x0000000000000000
XMM[13]=0x0000000000000000 0x0000000000000000
XMM[14]=0x0000000000000000 0x0000000000000000
XMM[15]=0x0000000000000000 0x0000000000000000
  MXCSR=0x00001fa0


Register to memory mapping:

RAX=0x0000019dae060000 points into unknown readable memory: 0x0000000000000058 | 58 00 00 00 00 00 00 00
RBX=0x0000019dae8c1be8 points into unknown readable memory: 0x00007ffeebc1fd70 | 70 fd c1 eb fe 7f 00 00
RCX=0x00007ffeebc1f498 jvm.dll
RDX=0x0000000000000037 is an unknown value
RSP=0x00000064f18ff580 points into unknown readable memory: 0x0000019dae8c1be8 | e8 1b 8c ae 9d 01 00 00
RBP=0x0000019ddb397d40 points into unknown readable memory: 0x0000000000000000 | 00 00 00 00 00 00 00 00
RSI=0x0000019dae8c1b48 points into unknown readable memory: 0x0000019dae92d9d0 | d0 d9 92 ae 9d 01 00 00
RDI=0x0000019dae8c19b0 points into unknown readable memory: 0x00007ffeebc18db0 | b0 8d c1 eb fe 7f 00 00
R8 =0x00007ffeebc1ae30 jvm.dll
R9 =0x00007ffeebc1f460 jvm.dll
R10=0x0000000000000001 is an unknown value
R11=0x00000064f18ff5a8 points into unknown readable memory: 0x00007ffeeb4933a7 | a7 33 49 eb fe 7f 00 00
R12=0x00000000000003d8 is an unknown value
R13=0x0000019dde2619e0 points into unknown readable memory: 0x00007ffeebc775c0 | c0 75 c7 eb fe 7f 00 00
R14=0x0000019ddb397d58 points into unknown readable memory: 0x0000019ddb2d3770 | 70 37 2d db 9d 01 00 00
R15=0x000000000d000000 is an unknown value

Top of Stack: (sp=0x00000064f18ff580)
0x00000064f18ff580:   0000019dae8c1be8 0000019ddb2f65d0   .........e/.....
0x00000064f18ff590:   0000019ef22ba010 00007ffeebc1f460   ..+.....`.......
0x00000064f18ff5a0:   0000019dae8c1be8 00007ffeeb4933a7   .........3I.....
0x00000064f18ff5b0:   0000019ddb397d40 00007ffeeb1b48a1   @}9......H......
0x00000064f18ff5c0:   00000064f18ff659 0000019ddb397d40   Y...d...@}9.....
0x00000064f18ff5d0:   0000019ddb2f65d0 00007ffeeb46b953   .e/.....S.F.....
0x00000064f18ff5e0:   000000000d000000 00007ffeeb494763   ........cGI.....
0x00000064f18ff5f0:   00007ffeebedf778 00000064f18ff659   x.......Y...d...
0x00000064f18ff600:   00007ffeebedf778 0000019ddb397d40   x.......@}9.....
0x00000064f18ff610:   0000019dac6b0000 0000000000000000   ..k.............
0x00000064f18ff620:   00000000000003d8 0000019ddb397d58   ........X}9.....
0x00000064f18ff630:   0000019ddb398130 0000004000000037   0.9.....7...@...
0x00000064f18ff640:   0000019ef22ba028 0000000000000000   (.+.............
0x00000064f18ff650:   0000019ddb398130 0000019ddb397d58   0.9.....X}9.....
0x00000064f18ff660:   00000000000003d8 00007ffeeb46b170   ........p.F.....
0x00000064f18ff670:   0000019ddb2f65d0 0000019ddb397d40   .e/.....@}9.....
0x00000064f18ff680:   0000019ddb2e8af0 000000000d000000   ................
0x00000064f18ff690:   0000019dde2619e0 00000000000003d8   ..&.............
0x00000064f18ff6a0:   0000000000000000 0000019ddb2e8af0   ................
0x00000064f18ff6b0:   0000019ddb397d40 00007ffeeb48d437   @}9.....7.H.....
0x00000064f18ff6c0:   0000019ddb2f65d0 0000000000000300   .e/.............
0x00000064f18ff6d0:   00000002d4000000 0000019ddb397d40   ........@}9.....
0x00000064f18ff6e0:   0000019ddb2e5880 0000000000001388   .X..............
0x00000064f18ff6f0:   0000000000000000 0000000000000000   ................
0x00000064f18ff700:   00007ffeebeef9e0 00007ffeeba13e9e   .........>......
0x00000064f18ff710:   00007ffeebede578 00007ffeeb84d100   x...............
0x00000064f18ff720:   0000000000000002 0000000000000000   ................
0x00000064f18ff730:   0000019ddb2e5880 00001d1df53267e0   .X.......g2.....
0x00000064f18ff740:   0000000000001388 00007ffeeb82b850   ........P.......
0x00000064f18ff750:   0000000000000001 00007ffeebede578   ........x.......
0x00000064f18ff760:   0000000000001388 0000000000000002   ................
0x00000064f18ff770:   00000064f1800000 00007ffeeb850da1   ....d...........

Instructions: (pc=0x00007ffeeb490fa7)
  0x00007ffeeb490ea7:   48 8b 10 4c 8b c2 48 89 54 24 40 49 c1 e8 20 e8
  0x00007ffeeb490eb7:   45 09 00 00 83 f8 ff 75 1d 8b 44 24 44 3b 43 70
  0x00007ffeeb490ec7:   72 c7 33 ff 8b c7 48 8b 7c 24 30 48 8b 5c 24 38
  0x00007ffeeb490ed7:   48 83 c4 20 5e c3 8b c8 44 8b c6 48 8b 43 68 48
  0x00007ffeeb490ee7:   8b 3c c8 48 8d 8b a0 00 00 00 48 8b d7 e8 07 25
  0x00007ffeeb490ef7:   00 00 48 8b 5c 24 38 48 8b c7 48 8b 7c 24 30 48
  0x00007ffeeb490f07:   83 c4 20 5e c3 cc cc cc cc 48 83 ec 28 8b 05 76
  0x00007ffeeb490f17:   45 a5 00 83 f8 02 75 52 65 48 8b 04 25 58 00 00
  0x00007ffeeb490f27:   00 8b 0d ce cb a7 00 48 89 5c 24 20 48 8b 1c c8
  0x00007ffeeb490f37:   b8 48 00 00 00 80 3c 18 00 75 05 e8 91 ec 68 00
  0x00007ffeeb490f47:   b9 20 00 00 00 48 8b 0c 19 48 8b 01 ff 50 28 48
  0x00007ffeeb490f57:   8b 5c 24 20 84 c0 75 22 48 8b 0d 42 bc a4 00 e8
  0x00007ffeeb490f67:   f5 83 38 00 84 c0 74 17 eb 10 48 8b 0d d8 ba a4
  0x00007ffeeb490f77:   00 e8 e3 83 38 00 84 c0 74 2f 48 83 c4 28 c3 48
  0x00007ffeeb490f87:   8b 05 93 35 9b 00 4c 8d 0d cc e4 78 00 4c 8d 05
  0x00007ffeeb490f97:   95 9e 78 00 ba 37 00 00 00 48 8d 0d f1 e4 78 00
=>0x00007ffeeb490fa7:   c6 00 58 e8 c1 36 f1 ff cc 48 8b 05 69 35 9b 00
  0x00007ffeeb490fb7:   4c 8d 0d 12 e5 78 00 4c 8d 05 8b 88 78 00 ba 39
  0x00007ffeeb490fc7:   00 00 00 48 8d 0d c7 e4 78 00 c6 00 58 e8 97 36
  0x00007ffeeb490fd7:   f1 ff cc cc cc cc cc cc cc 48 8b 41 08 8b d2 48
  0x00007ffeeb490fe7:   8d 0c 90 ba 01 00 00 00 33 c0 f0 0f b1 11 0f 94
  0x00007ffeeb490ff7:   c0 c3 cc cc cc cc cc cc cc 40 57 41 54 41 55 41
  0x00007ffeeb491007:   57 48 83 ec 58 45 8b e8 49 8b f9 44 8b e2 4c 8b
  0x00007ffeeb491017:   f9 45 85 c0 0f 84 b3 01 00 00 48 89 9c 24 80 00
  0x00007ffeeb491027:   00 00 8b 59 70 48 83 c1 10 e8 bb 83 f9 ff 2b d8
  0x00007ffeeb491037:   44 3b eb 0f 87 be 01 00 00 49 8b 8f 90 00 00 00
  0x00007ffeeb491047:   4c 8b cf 48 89 ac 24 88 00 00 00 45 8b c5 41 8b
  0x00007ffeeb491057:   d4 48 89 b4 24 90 00 00 00 48 8b 01 ff 50 08 49
  0x00007ffeeb491067:   8b 8f 98 00 00 00 4c 8b cf 45 8b c5 41 8b d4 48
  0x00007ffeeb491077:   8b 01 ff 50 08 49 8b 0f 4c 8b cf 45 8b c5 41 8b
  0x00007ffeeb491087:   d4 48 8b 01 ff 50 08 49 8b 4f 08 4c 8b cf 45 8b
  0x00007ffeeb491097:   c5 41 8b d4 48 8b 01 ff 50 08 43 8d 2c 2c 41 8b


Stack slot to memory mapping:

stack at sp + 0 slots: 0x0000019dae8c1be8 points into unknown readable memory: 0x00007ffeebc1fd70 | 70 fd c1 eb fe 7f 00 00
stack at sp + 1 slots: 0x0000019ddb2f65d0 points into unknown readable memory: 0x0000000000000002 | 02 00 00 00 00 00 00 00
stack at sp + 2 slots: 0x0000019ef22ba010 points into unknown readable memory: 0x0000019ef1f0e010 | 10 e0 f0 f1 9e 01 00 00
stack at sp + 3 slots: 0x00007ffeebc1f460 jvm.dll
stack at sp + 4 slots: 0x0000019dae8c1be8 points into unknown readable memory: 0x00007ffeebc1fd70 | 70 fd c1 eb fe 7f 00 00
stack at sp + 5 slots: 0x00007ffeeb4933a7 jvm.dll
stack at sp + 6 slots: 0x0000019ddb397d40 points into unknown readable memory: 0x0000000000000000 | 00 00 00 00 00 00 00 00
stack at sp + 7 slots: 0x00007ffeeb1b48a1 jvm.dll


---------------  P R O C E S S  ---------------

Threads class SMR info:
_java_thread_list=0x0000019da947c300, length=131, elements={
0x0000019dae8ab6d0, 0x0000019ddb3fef20, 0x0000019ddb3ff6e0, 0x0000019ddb401df0,
0x0000019ddb3ffea0, 0x0000019ddb400660, 0x0000019ddb400e20, 0x0000019dde28fff0,
0x0000019dde292810, 0x0000019dde4278a0, 0x0000019dde428470, 0x0000019dea3f9ba0,
0x0000019dea3f7c60, 0x0000019d8b71a6b0, 0x0000019d8b71cdc0, 0x0000019d8b716060,
0x0000019dea3f93d0, 0x0000019d85f53de0, 0x0000019d87f68760, 0x0000019d95432ac0,
0x0000019d954359a0, 0x0000019d954322f0, 0x0000019d9542fbe0, 0x0000019d9542f410,
0x0000019d95431350, 0x0000019d95433290, 0x0000019d95434a00, 0x0000019d9ebb3630,
0x0000019d9ebaff80, 0x0000019d9ebb0750, 0x0000019d9ebb45d0, 0x0000019d9ebb6510,
0x0000019d9ebb7c80, 0x0000019d9ebab930, 0x0000019d9ebc3800, 0x0000019d8a439690,
0x0000019ddb294f10, 0x0000019de582c8d0, 0x0000019d87882330, 0x0000019d87880bc0,
0x0000019d87882b00, 0x0000019d8787ec80, 0x0000019d8787fc20, 0x0000019d87898a90,
0x0000019da24fdd00, 0x0000019da24fd530, 0x0000019d87881390, 0x0000019d9ebc10f0,
0x0000019d9ebbda40, 0x0000019d9ebc7680, 0x0000019d8788ee50, 0x0000019d954222e0,
0x0000019d954249f0, 0x0000019d9ebab160, 0x0000019d9ebaefe0, 0x0000019d9ebc5740,
0x0000019d9ebc8620, 0x0000019d9ebc7e50, 0x0000019d9ebc8df0, 0x0000019d87f648e0,
0x0000019d87f650b0, 0x0000019d87f67f90, 0x0000019d9542b590, 0x0000019de6486890,
0x0000019eeeede9b0, 0x0000019eeeedd240, 0x0000019eeeedc2a0, 0x0000019eeeedf180,
0x0000019eeeedf950, 0x0000019eeeed93c0, 0x0000019eeeed8bf0, 0x0000019eeeee5ee0,
0x0000019eeeee6e80, 0x0000019eeeee7e20, 0x0000019eeeeea530, 0x0000019eeeee8dc0,
0x0000019eeeef1a60, 0x0000019eeeef4170, 0x0000019eeeef31d0, 0x0000019eeeef39a0,
0x0000019eeeef4940, 0x0000019eeeef5110, 0x0000019eeeef58e0, 0x0000019eeeef60b0,
0x0000019d87887150, 0x0000019d878953e0, 0x0000019d87899a30, 0x0000019d87894440,
0x0000019d87894c10, 0x0000019d87895bb0, 0x0000019d8789a200, 0x0000019d87896380,
0x0000019d8a431990, 0x0000019d8a437f20, 0x0000019d8a432930, 0x0000019d8a43ae00,
0x0000019d8b71be20, 0x0000019eeb46da10, 0x0000019eeb479d60, 0x0000019eeb47ad00,
0x0000019eeb47c470, 0x0000019eeb47dbe0, 0x0000019eeb481290, 0x0000019eeb481a60,
0x0000019eeb47eb80, 0x0000019eeb486880, 0x0000019eeb482a00, 0x0000019eeb4831d0,
0x0000019eeb4860b0, 0x0000019eeb487ff0, 0x0000019eeb4952e0, 0x000001a0a4366050,
0x000001a0a436ecf0, 0x000001a11aa7e8a0, 0x000001a04b38aac0, 0x000001a04b38b290,
0x000001a0a1c87570, 0x000001a0a1c85630, 0x0000019da0a781f0, 0x0000019e107196f0,
0x0000019e10719ec0, 0x0000019e1071a690, 0x0000019e107177b0, 0x0000019e10717f80,
0x0000019e10718f20, 0x000001a0a43650b0, 0x0000019e562204d0, 0x000001a11aa81f50,
0x0000019ede2a1480, 0x0000019d8ac117f0, 0x0000019d8ac12790
}

Java Threads: ( => current thread )
  0x0000019dae8ab6d0 JavaThread "Render thread"                     [_thread_in_Java, id=6876, stack(0x00000064f0b00000,0x00000064f0c00000) (1024K)]
  0x0000019ddb3fef20 JavaThread "Reference Handler"          daemon [_thread_blocked, id=12676, stack(0x00000064f1a00000,0x00000064f1b00000) (1024K)]
  0x0000019ddb3ff6e0 JavaThread "Finalizer"                  daemon [_thread_blocked, id=4248, stack(0x00000064f1b00000,0x00000064f1c00000) (1024K)]
  0x0000019ddb401df0 JavaThread "Signal Dispatcher"          daemon [_thread_blocked, id=5208, stack(0x00000064f1c00000,0x00000064f1d00000) (1024K)]
  0x0000019ddb3ffea0 JavaThread "Attach Listener"            daemon [_thread_blocked, id=15812, stack(0x00000064f1d00000,0x00000064f1e00000) (1024K)]
  0x0000019ddb400660 JavaThread "Service Thread"             daemon [_thread_blocked, id=19360, stack(0x00000064f1e00000,0x00000064f1f00000) (1024K)]
  0x0000019ddb400e20 JavaThread "Monitor Deflation Thread"   daemon [_thread_blocked, id=4560, stack(0x00000064f1f00000,0x00000064f2000000) (1024K)]
  0x0000019dde28fff0 JavaThread "C2 CompilerThread0"         daemon [_thread_blocked, id=15012, stack(0x00000064f2000000,0x00000064f2100000) (1024K)]
  0x0000019dde292810 JavaThread "C1 CompilerThread0"         daemon [_thread_blocked, id=15216, stack(0x00000064f2100000,0x00000064f2200000) (1024K)]
  0x0000019dde4278a0 JavaThread "Notification Thread"        daemon [_thread_blocked, id=9760, stack(0x00000064f2400000,0x00000064f2500000) (1024K)]
  0x0000019dde428470 JavaThread "Common-Cleaner"             daemon [_thread_blocked, id=18696, stack(0x00000064f2500000,0x00000064f2600000) (1024K)]
  0x0000019dea3f9ba0 JavaThread "Thread-1"                   daemon [_thread_blocked, id=17564, stack(0x00000064f3e00000,0x00000064f3f00000) (1024K)]
  0x0000019dea3f7c60 JavaThread "JNA Cleaner"                daemon [_thread_blocked, id=19332, stack(0x00000064f3f00000,0x00000064f4000000) (1024K)]
  0x0000019d8b71a6b0 JavaThread "Timer hack thread"          daemon [_thread_blocked, id=16168, stack(0x00000064f3c00000,0x00000064f3d00000) (1024K)]
  0x0000019d8b71cdc0 JavaThread "WaterConfig-Worker"         daemon [_thread_blocked, id=5836, stack(0x00000064f4200000,0x00000064f4300000) (1024K)]
  0x0000019d8b716060 JavaThread "WaterConfig-IO"             daemon [_thread_blocked, id=3380, stack(0x00000064f4300000,0x00000064f4400000) (1024K)]
  0x0000019dea3f93d0 JavaThread "Yggdrasil Key Fetcher"      daemon [_thread_blocked, id=6280, stack(0x00000064f4400000,0x00000064f4500000) (1024K)]
  0x0000019d85f53de0 JavaThread "Cleaner-0"                  daemon [_thread_blocked, id=2284, stack(0x00000064f2700000,0x00000064f2800000) (1024K)]
  0x0000019d87f68760 JavaThread "Cleaner-1"                  daemon [_thread_blocked, id=10032, stack(0x00000064f4a00000,0x00000064f4b00000) (1024K)]
  0x0000019d95432ac0 JavaThread "FileSystemWatchService"     daemon [_thread_in_native, id=15844, stack(0x00000064f6000000,0x00000064f6100000) (1024K)]
  0x0000019d954359a0 JavaThread "Java2D Disposer"            daemon [_thread_blocked, id=10388, stack(0x00000064f6100000,0x00000064f6200000) (1024K)]
  0x0000019d954322f0 JavaThread "FileSystemWatchService"     daemon [_thread_in_native, id=8600, stack(0x00000064f6200000,0x00000064f6300000) (1024K)]
  0x0000019d9542fbe0 JavaThread "JEI Config File Watcher"    daemon [_thread_blocked, id=10960, stack(0x00000064f6300000,0x00000064f6400000) (1024K)]
  0x0000019d9542f410 JavaThread "HttpClient-1-SelectorManager" daemon [_thread_in_native, id=2392, stack(0x00000064f6400000,0x00000064f6500000) (1024K)]
  0x0000019d95431350 JavaThread "FileSystemWatchService"     daemon [_thread_in_native, id=2400, stack(0x00000064f6600000,0x00000064f6700000) (1024K)]
  0x0000019d95433290 JavaThread "WorldHostFileWatcher"       daemon [_thread_blocked, id=8172, stack(0x00000064f6500000,0x00000064f6600000) (1024K)]
  0x0000019d95434a00 JavaThread "FileSystemWatchService"     daemon [_thread_in_native, id=15420, stack(0x00000064f6700000,0x00000064f6800000) (1024K)]
  0x0000019d9ebb3630 JavaThread "WH-ConnectionThread--1"     daemon [_thread_blocked, id=14688, stack(0x00000064f6b00000,0x00000064f6c00000) (1024K)]
  0x0000019d9ebaff80 JavaThread "KubeJS Background Thread"   daemon [_thread_blocked, id=12744, stack(0x00000064f6c00000,0x00000064f6d00000) (1024K)]
  0x0000019d9ebb0750 JavaThread "pool-10-thread-1"                  [_thread_blocked, id=12316, stack(0x00000064f6d00000,0x00000064f6e00000) (1024K)]
  0x0000019d9ebb45d0 JavaThread "WH-SendThread--1"           daemon [_thread_blocked, id=2588, stack(0x00000064f6e00000,0x00000064f6f00000) (1024K)]
  0x0000019d9ebb6510 JavaThread "WH-RecvThread--1"           daemon [_thread_in_native, id=5864, stack(0x00000064f6f00000,0x00000064f7000000) (1024K)]
  0x0000019d9ebb7c80 JavaThread "pool-12-thread-1"                  [_thread_blocked, id=2812, stack(0x00000064f7000000,0x00000064f7100000) (1024K)]
  0x0000019d9ebab930 JavaThread "DFU cleaning thread"        daemon [_thread_blocked, id=14800, stack(0x00000064f2300000,0x00000064f2400000) (1024K)]
  0x0000019d9ebc3800 JavaThread "FileSystemWatchService"     daemon [_thread_in_native, id=10824, stack(0x00000064f5900000,0x00000064f5a00000) (1024K)]
  0x0000019d8a439690 JavaThread "FileSystemWatchService"     daemon [_thread_in_native, id=1556, stack(0x00000064f7800000,0x00000064f7900000) (1024K)]
  0x0000019ddb294f10 JavaThread "FileSystemWatchService"     daemon [_thread_in_native, id=13656, stack(0x00000064f8800000,0x00000064f8900000) (1024K)]
  0x0000019de582c8d0 JavaThread "FileSystemWatchService"     daemon [_thread_in_native, id=4036, stack(0x00000064f8900000,0x00000064f8a00000) (1024K)]
  0x0000019d87882330 JavaThread "FileSystemWatchService"     daemon [_thread_in_native, id=5408, stack(0x00000064f8a00000,0x00000064f8b00000) (1024K)]
  0x0000019d87880bc0 JavaThread "FileSystemWatchService"     daemon [_thread_in_native, id=13944, stack(0x00000064f8b00000,0x00000064f8c00000) (1024K)]
  0x0000019d87882b00 JavaThread "FileSystemWatchService"     daemon [_thread_in_native, id=2648, stack(0x00000064f8c00000,0x00000064f8d00000) (1024K)]
  0x0000019d8787ec80 JavaThread "ConfigSaver"                daemon [_thread_blocked, id=2980, stack(0x00000064f8e00000,0x00000064f8f00000) (1024K)]
  0x0000019d8787fc20 JavaThread "Auto-Sync thread"           daemon [_thread_blocked, id=18268, stack(0x00000064f9300000,0x00000064f9400000) (1024K)]
  0x0000019d87898a90 JavaThread "HttpClient-3-SelectorManager" daemon [_thread_in_native, id=2872, stack(0x00000064f9a00000,0x00000064f9b00000) (1024K)]
  0x0000019da24fdd00 JavaThread "spark-monitoring-thread"    daemon [_thread_blocked, id=604, stack(0x00000064f9b00000,0x00000064f9c00000) (1024K)]
  0x0000019da24fd530 JavaThread "spark-worker-pool-1-thread-1" daemon [_thread_blocked, id=18896, stack(0x00000064f9c00000,0x00000064f9d00000) (1024K)]
  0x0000019d87881390 JavaThread "Cleaner-2"                  daemon [_thread_blocked, id=18908, stack(0x00000064f2600000,0x00000064f2700000) (1024K)]
  0x0000019d9ebc10f0 JavaThread "CullThread"                 daemon [_thread_blocked, id=13832, stack(0x00000064fa400000,0x00000064fa500000) (1024K)]
  0x0000019d9ebbda40 JavaThread "Thread-12"                         [_thread_blocked, id=576, stack(0x00000064fa500000,0x00000064fa600000) (1024K)]
  0x0000019d9ebc7680 JavaThread "Java Sound Sequencer"              [_thread_blocked, id=4412, stack(0x00000064f6900000,0x00000064f6a00000) (1024K)]
  0x0000019d8788ee50 JavaThread "pool-11-thread-1"                  [_thread_blocked, id=1884, stack(0x00000064f0900000,0x00000064f0a00000) (1024K)]
  0x0000019d954222e0 JavaThread "Server thread"                     [_thread_blocked, id=268, stack(0x00000064f5400000,0x00000064f5500000) (1024K)]
  0x0000019d954249f0 JavaThread "FileSystemWatchService"     daemon [_thread_in_native, id=10876, stack(0x00000064f5500000,0x00000064f5600000) (1024K)]
  0x0000019d9ebab160 JavaThread "ComputerCraft-Network-0"    daemon [_thread_blocked, id=18472, stack(0x00000064f5600000,0x00000064f5700000) (1024K)]
  0x0000019d9ebaefe0 JavaThread "ComputerCraft-Network-1"    daemon [_thread_blocked, id=2000, stack(0x00000064f5700000,0x00000064f5800000) (1024K)]
  0x0000019d9ebc5740 JavaThread "spark-worker-pool-2-thread-1" daemon [_thread_blocked, id=18576, stack(0x00000064f5a00000,0x00000064f5b00000) (1024K)]
  0x0000019d9ebc8620 JavaThread "spark-java-sampler-0-0"            [_thread_blocked, id=7088, stack(0x00000064f5d00000,0x00000064f5e00000) (1024K)]
  0x0000019d9ebc7e50 JavaThread "spark-java-sampler-0-1"            [_thread_blocked, id=11104, stack(0x00000064f6a00000,0x00000064f6b00000) (1024K)]
  0x0000019d9ebc8df0 JavaThread "spark-java-sampler-0-2"            [_thread_blocked, id=3512, stack(0x00000064f7100000,0x00000064f7200000) (1024K)]
  0x0000019d87f648e0 JavaThread "spark-java-sampler-0-3"            [_thread_blocked, id=10368, stack(0x00000064f7200000,0x00000064f7300000) (1024K)]
  0x0000019d87f650b0 JavaThread "spark-java-sampler-0-4"            [_thread_blocked, id=11308, stack(0x00000064f7300000,0x00000064f7400000) (1024K)]
  0x0000019d87f67f90 JavaThread "spark-java-sampler-0-5"            [_thread_blocked, id=5788, stack(0x00000064f7400000,0x00000064f7500000) (1024K)]
  0x0000019d9542b590 JavaThread "Immersive Optimization Worker" daemon [_thread_blocked, id=13948, stack(0x00000064f5300000,0x00000064f5400000) (1024K)]
  0x0000019de6486890 JavaThread "ComputerCraft-Network-2"    daemon [_thread_blocked, id=2276, stack(0x00000064f8f00000,0x00000064f9000000) (1024K)]
  0x0000019eeeede9b0 JavaThread "chronicles-file-watcher"    daemon [_thread_blocked, id=17776, stack(0x00000064f9800000,0x00000064f9900000) (1024K)]
  0x0000019eeeedd240 JavaThread "FileSystemWatchService"     daemon [_thread_in_native, id=2616, stack(0x00000064f9d00000,0x00000064f9e00000) (1024K)]
  0x0000019eeeedc2a0 JavaThread "ModernFix integrated server watchdog" daemon [_thread_blocked, id=2552, stack(0x00000064f9900000,0x00000064f9a00000) (1024K)]
  0x0000019eeeedf180 JavaThread "idle-timeout-task"          daemon [_thread_blocked, id=14728, stack(0x00000064f9e00000,0x00000064f9f00000) (1024K)]
  0x0000019eeeedf950 JavaThread "HTTP-Dispatcher"                   [_thread_in_native, id=13344, stack(0x00000064f9f00000,0x00000064fa000000) (1024K)]
  0x0000019eeeed93c0 JavaThread "Thread-28"                         [_thread_blocked, id=8972, stack(0x00000064fa000000,0x00000064fa100000) (1024K)]
  0x0000019eeeed8bf0 JavaThread "ComputerCraft-Network-3"    daemon [_thread_blocked, id=19412, stack(0x00000064f9100000,0x00000064f9200000) (1024K)]
  0x0000019eeeee5ee0 JavaThread "Netty Server IO #0"         daemon [_thread_in_native, id=15672, stack(0x00000064f2b00000,0x00000064f2c00000) (1024K)]
  0x0000019eeeee6e80 JavaThread "Netty Local Client IO #0"   daemon [_thread_blocked, id=3220, stack(0x00000064f2c00000,0x00000064f2d00000) (1024K)]
  0x0000019eeeee7e20 JavaThread "Netty Server IO #1"         daemon [_thread_in_native, id=18828, stack(0x00000064f4500000,0x00000064f4600000) (1024K)]
  0x0000019eeeeea530 JavaThread "Active world cleaner"       daemon [_thread_blocked, id=1904, stack(0x00000064fa100000,0x00000064fa200000) (1024K)]
  0x0000019eeeee8dc0 JavaThread "Dedicated Voxy Worker #4"   daemon [_thread_blocked, id=3860, stack(0x00000064faa00000,0x00000064fab00000) (1024K)]
  0x0000019eeeef1a60 JavaThread "Dedicated Voxy Worker #10"  daemon [_thread_blocked, id=9612, stack(0x00000064fb000000,0x00000064fb100000) (1024K)]
  0x0000019eeeef4170 JavaThread "Dedicated Voxy Worker #11"  daemon [_thread_blocked, id=8324, stack(0x00000064fb100000,0x00000064fb200000) (1024K)]
  0x0000019eeeef31d0 JavaThread "Dedicated Voxy Worker #12"  daemon [_thread_blocked, id=2508, stack(0x00000064fb200000,0x00000064fb300000) (1024K)]
  0x0000019eeeef39a0 JavaThread "Dedicated Voxy Worker #13"  daemon [_thread_blocked, id=3904, stack(0x00000064fb300000,0x00000064fb400000) (1024K)]
  0x0000019eeeef4940 JavaThread "Dedicated Voxy Worker #14"  daemon [_thread_blocked, id=18788, stack(0x00000064fb400000,0x00000064fb500000) (1024K)]
  0x0000019eeeef5110 JavaThread "Dedicated Voxy Worker #15"  daemon [_thread_blocked, id=17836, stack(0x00000064fb500000,0x00000064fb600000) (1024K)]
  0x0000019eeeef58e0 JavaThread "Dedicated Voxy Worker #16"  daemon [_thread_blocked, id=12920, stack(0x00000064fb600000,0x00000064fb700000) (1024K)]
  0x0000019eeeef60b0 JavaThread "Dedicated Voxy Worker #17"  daemon [_thread_blocked, id=19204, stack(0x00000064fb700000,0x00000064fb800000) (1024K)]
  0x0000019d87887150 JavaThread "Dedicated Voxy Worker #18"  daemon [_thread_blocked, id=11700, stack(0x00000064fb800000,0x00000064fb900000) (1024K)]
  0x0000019d878953e0 JavaThread "Dedicated Voxy Worker #19"  daemon [_thread_blocked, id=18016, stack(0x00000064fb900000,0x00000064fba00000) (1024K)]
  0x0000019d87899a30 JavaThread "Dedicated Voxy Worker #20"  daemon [_thread_blocked, id=10548, stack(0x00000064fba00000,0x00000064fbb00000) (1024K)]
  0x0000019d87894440 JavaThread "Dedicated Voxy Worker #21"  daemon [_thread_blocked, id=2820, stack(0x00000064fbb00000,0x00000064fbc00000) (1024K)]
  0x0000019d87894c10 JavaThread "Dedicated Voxy Worker #22"  daemon [_thread_blocked, id=7864, stack(0x00000064fbc00000,0x00000064fbd00000) (1024K)]
  0x0000019d87895bb0 JavaThread "Dedicated Voxy Worker #23"  daemon [_thread_blocked, id=9272, stack(0x00000064fbd00000,0x00000064fbe00000) (1024K)]
  0x0000019d8789a200 JavaThread "Dedicated Voxy Worker #24"  daemon [_thread_blocked, id=17912, stack(0x00000064fbe00000,0x00000064fbf00000) (1024K)]
  0x0000019d87896380 JavaThread "Dedicated Voxy Worker #25"  daemon [_thread_blocked, id=11064, stack(0x00000064fbf00000,0x00000064fc000000) (1024K)]
  0x0000019d8a431990 JavaThread "Dedicated Voxy Worker #26"  daemon [_thread_blocked, id=10392, stack(0x00000064fc000000,0x00000064fc100000) (1024K)]
  0x0000019d8a437f20 JavaThread "Dedicated Voxy Worker #27"  daemon [_thread_blocked, id=12616, stack(0x00000064fc100000,0x00000064fc200000) (1024K)]
  0x0000019d8a432930 JavaThread "Dedicated Voxy Worker #28"  daemon [_thread_blocked, id=7208, stack(0x00000064fc200000,0x00000064fc300000) (1024K)]
  0x0000019d8a43ae00 JavaThread "Dedicated Voxy Worker #29"  daemon [_thread_blocked, id=4432, stack(0x00000064fc300000,0x00000064fc400000) (1024K)]
  0x0000019d8b71be20 JavaThread "Dedicated Voxy Worker #31"  daemon [_thread_blocked, id=15752, stack(0x00000064fc500000,0x00000064fc600000) (1024K)]
  0x0000019eeb46da10 JavaThread "Sound engine"               daemon [_thread_blocked, id=14784, stack(0x00000064fc600000,0x00000064fc700000) (1024K)]
  0x0000019eeb479d60 JavaThread "Chunk Render Task Executor #0"        [_thread_blocked, id=18080, stack(0x00000064fd900000,0x00000064fda00000) (1024K)]
  0x0000019eeb47ad00 JavaThread "Chunk Render Task Executor #1"        [_thread_blocked, id=13196, stack(0x00000064fda00000,0x00000064fdb00000) (1024K)]
  0x0000019eeb47c470 JavaThread "Chunk Render Task Executor #2"        [_thread_blocked, id=18200, stack(0x00000064fdb00000,0x00000064fdc00000) (1024K)]
  0x0000019eeb47dbe0 JavaThread "Chunk Render Task Executor #3"        [_thread_blocked, id=18176, stack(0x00000064fdc00000,0x00000064fdd00000) (1024K)]
  0x0000019eeb481290 JavaThread "Chunk Render Task Executor #4"        [_thread_blocked, id=2060, stack(0x00000064fdd00000,0x00000064fde00000) (1024K)]
  0x0000019eeb481a60 JavaThread "Chunk Render Task Executor #5"        [_thread_blocked, id=6892, stack(0x00000064fde00000,0x00000064fdf00000) (1024K)]
  0x0000019eeb47eb80 JavaThread "Chunk Render Task Executor #6"        [_thread_blocked, id=13204, stack(0x00000064fdf00000,0x00000064fe000000) (1024K)]
  0x0000019eeb486880 JavaThread "Chunk Render Task Executor #7"        [_thread_blocked, id=8028, stack(0x00000064fe000000,0x00000064fe100000) (1024K)]
  0x0000019eeb482a00 JavaThread "Chunk Render Task Executor #8"        [_thread_blocked, id=18676, stack(0x00000064fe100000,0x00000064fe200000) (1024K)]
  0x0000019eeb4831d0 JavaThread "Chunk Render Task Executor #9"        [_thread_blocked, id=9676, stack(0x00000064fe200000,0x00000064fe300000) (1024K)]
  0x0000019eeb4860b0 JavaThread "ReadingThread"              daemon [_thread_in_native, id=6344, stack(0x00000064f8500000,0x00000064f8600000) (1024K)]
  0x0000019eeb487ff0 JavaThread "WritingThread"              daemon [_thread_blocked, id=592, stack(0x00000064fa900000,0x00000064faa00000) (1024K)]
  0x0000019eeb4952e0 JavaThread "HttpClient-5-SelectorManager" daemon [_thread_in_native, id=16092, stack(0x00000064fe300000,0x00000064fe400000) (1024K)]
  0x000001a0a4366050 JavaThread "Model factory processor"           [_thread_blocked, id=17424, stack(0x00000064f2200000,0x00000064f2300000) (1024K)]
  0x000001a0a436ecf0 JavaThread "Async Node Manager"                [_thread_blocked, id=19432, stack(0x00000064f2900000,0x00000064f2a00000) (1024K)]
  0x000001a11aa7e8a0 JavaThread "Worker-Main-139"            daemon [_thread_blocked, id=1464, stack(0x00000064f2a00000,0x00000064f2b00000) (1024K)]
  0x000001a04b38aac0 JavaThread "Worker-Main-140"            daemon [_thread_blocked, id=3492, stack(0x00000064f7b00000,0x00000064f7c00000) (1024K)]
  0x000001a04b38b290 JavaThread "Worker-Main-141"            daemon [_thread_blocked, id=8432, stack(0x00000064f7c00000,0x00000064f7d00000) (1024K)]
  0x000001a0a1c87570 JavaThread "Worker-Main-142"            daemon [_thread_blocked, id=4780, stack(0x00000064f7d00000,0x00000064f7e00000) (1024K)]
  0x000001a0a1c85630 JavaThread "Worker-Main-143"            daemon [_thread_blocked, id=2380, stack(0x00000064f7e00000,0x00000064f7f00000) (1024K)]
  0x0000019da0a781f0 JavaThread "Worker-Main-144"            daemon [_thread_blocked, id=14720, stack(0x00000064f7f00000,0x00000064f8000000) (1024K)]
  0x0000019e107196f0 JavaThread "Worker-Main-145"            daemon [_thread_blocked, id=19408, stack(0x00000064f8000000,0x00000064f8100000) (1024K)]
  0x0000019e10719ec0 JavaThread "Worker-Main-146"            daemon [_thread_blocked, id=2068, stack(0x00000064f8100000,0x00000064f8200000) (1024K)]
  0x0000019e1071a690 JavaThread "Worker-Main-147"            daemon [_thread_blocked, id=13780, stack(0x00000064f8200000,0x00000064f8300000) (1024K)]
  0x0000019e107177b0 JavaThread "Worker-Main-148"            daemon [_thread_blocked, id=10884, stack(0x00000064f8300000,0x00000064f8400000) (1024K)]
  0x0000019e10717f80 JavaThread "Worker-Main-149"            daemon [_thread_blocked, id=15564, stack(0x00000064f8400000,0x00000064f8500000) (1024K)]
  0x0000019e10718f20 JavaThread "IO-Worker-153"                     [_thread_blocked, id=12816, stack(0x00000064f0800000,0x00000064f0900000) (1024K)]
  0x000001a0a43650b0 JavaThread "IO-Worker-155"                     [_thread_blocked, id=18476, stack(0x00000064f4800000,0x00000064f4900000) (1024K)]
  0x0000019e562204d0 JavaThread "IO-Worker-157"                     [_thread_blocked, id=12524, stack(0x00000064f0a00000,0x00000064f0b00000) (1024K)]
  0x000001a11aa81f50 JavaThread "ForkJoinPool.commonPool-worker-49" daemon [_thread_blocked, id=8160, stack(0x00000064f3a00000,0x00000064f3b00000) (1024K)]
  0x0000019ede2a1480 JavaThread "ForkJoinPool.commonPool-worker-50" daemon [_thread_blocked, id=14100, stack(0x00000064f4600000,0x00000064f4700000) (1024K)]
  0x0000019d8ac117f0 JavaThread "HttpClient-3-Worker-28"     daemon [_thread_blocked, id=16396, stack(0x00000064f3d00000,0x00000064f3e00000) (1024K)]
  0x0000019d8ac12790 JavaThread "HttpClient-3-Worker-29"     daemon [_thread_blocked, id=7932, stack(0x00000064f4000000,0x00000064f4100000) (1024K)]
Total: 131

Other Threads:
  0x0000019ddb3d48a0 VMThread "VM Thread"                           [id=18000, stack(0x00000064f1900000,0x00000064f1a00000) (1024K)]
=>0x0000019dde2619e0 WatcherThread "VM Periodic Task Thread"        [id=616, stack(0x00000064f1800000,0x00000064f1900000) (1024K)]
  0x0000019ddb2418a0 WorkerThread "GC Thread#0"                     [id=16088, stack(0x00000064f0c00000,0x00000064f0d00000) (1024K)]
  0x0000019ddb2875c0 WorkerThread "GC Thread#1"                     [id=19388, stack(0x00000064f0f00000,0x00000064f1000000) (1024K)]
  0x0000019ddb288140 WorkerThread "GC Thread#2"                     [id=18332, stack(0x00000064f1000000,0x00000064f1100000) (1024K)]
  0x0000019ddb289cd0 WorkerThread "GC Thread#3"                     [id=2348, stack(0x00000064f1100000,0x00000064f1200000) (1024K)]
  0x0000019ddb28a850 WorkerThread "GC Thread#4"                     [id=14232, stack(0x00000064f1200000,0x00000064f1300000) (1024K)]
  0x0000019ddb28d2e0 WorkerThread "GC Thread#5"                     [id=15720, stack(0x00000064f1300000,0x00000064f1400000) (1024K)]
  0x0000019ddb28dc60 WorkerThread "GC Thread#6"                     [id=628, stack(0x00000064f1400000,0x00000064f1500000) (1024K)]
  0x0000019ddb28e5e0 WorkerThread "GC Thread#7"                     [id=2416, stack(0x00000064f1500000,0x00000064f1600000) (1024K)]
  0x0000019de3b09560 WorkerThread "GC Thread#8"                     [id=6464, stack(0x00000064f2e00000,0x00000064f2f00000) (1024K)]
  0x0000019de3b0a6a0 WorkerThread "GC Thread#9"                     [id=12268, stack(0x00000064f2f00000,0x00000064f3000000) (1024K)]
  0x0000019de3b0aaf0 WorkerThread "GC Thread#10"                    [id=16272, stack(0x00000064f3000000,0x00000064f3100000) (1024K)]
  0x0000019de3b09e00 WorkerThread "GC Thread#11"                    [id=15696, stack(0x00000064f3100000,0x00000064f3200000) (1024K)]
  0x0000019de3b0af40 WorkerThread "GC Thread#12"                    [id=11068, stack(0x00000064f3200000,0x00000064f3300000) (1024K)]
  0x0000019dae94c3e0 ConcurrentGCThread "G1 Main Marker"            [id=19172, stack(0x00000064f0d00000,0x00000064f0e00000) (1024K)]
  0x0000019dae94ce80 WorkerThread "G1 Conc#0"                       [id=11060, stack(0x00000064f0e00000,0x00000064f0f00000) (1024K)]
  0x0000019de7619f40 WorkerThread "G1 Conc#1"                       [id=2260, stack(0x00000064f3300000,0x00000064f3400000) (1024K)]
  0x0000019de761b4d0 WorkerThread "G1 Conc#2"                       [id=14388, stack(0x00000064f3400000,0x00000064f3500000) (1024K)]
  0x0000019ddb2f34b0 ConcurrentGCThread "G1 Refine#0"               [id=17324, stack(0x00000064f1600000,0x00000064f1700000) (1024K)]
  0x000001a0a258ba00 ConcurrentGCThread "G1 Refine#1"               [id=4156, stack(0x00000064fe400000,0x00000064fe500000) (1024K)]
  0x0000019ddb2f3ec0 ConcurrentGCThread "G1 Service"                [id=664, stack(0x00000064f1700000,0x00000064f1800000) (1024K)]
Total: 22

Threads with active compile tasks:
Total: 0

VM state: not at safepoint (normal execution)

VM Mutex/Monitor currently owned by a thread:  ([mutex/lock_event])
[0x00007ffeebede578] PeriodicTask_lock - owner thread: 0x0000019dde2619e0

Heap address: 0x0000000500000000, size: 12288 MB, Compressed Oops mode: Zero based, Oop shift amount: 3

CDS archive(s) not mapped
Compressed class space mapped at: 0x000000001a000000-0x000000005a000000, reserved size: 1073741824
UseCompressedClassPointers 1, UseCompactObjectHeaders 0
Narrow klass pointer bits 32, Max shift 3
Narrow klass base: 0x0000000000000000, Narrow klass shift: 0
Encoding Range: [0x0000000000000000 - 0x0000000100000000), (4294967296 bytes)
Klass Range:    [0x000000001a000000 - 0x000000005a000000), (1073741824 bytes)
Klass ID Range:  [436207616 - 1509949433) (1073741817)
No protection zone.

GC Precious Log:
 CardTable entry size: 512
 Card Set container configuration: InlinePtr #cards 3 size 8 Array Of Cards #cards 128 size 272 Howl #buckets 8 coarsen threshold 29491 Howl Bitmap #cards 4096 size 528 coarsen threshold 3686 Card regions per heap region 1 cards per card region 32768
 CPUs: 16 total, 16 available
 Memory: 31861M
 Large Page Support: Disabled
 NUMA Support: Disabled
 Compressed Oops: Enabled (Zero based)
 Heap Region Size: 16M
 Heap Min Capacity: 8G
 Heap Initial Capacity: 8G
 Heap Max Capacity: 12G
 Pre-touch: Enabled
 Parallel Workers: 13
 Concurrent Workers: 3
 Concurrent Refinement Workers: 13
 Periodic GC: Disabled
 G1 Time-Based Heap Sizing enabled (uncommit-only)
 Evaluation Interval: 60s, Uncommit Delay: 300s, Min Regions To Uncommit: 10

Heap:
 garbage-first heap   total reserved 12582912K, committed 12075008K, used 10218259K [0x0000000500000000, 0x0000000800000000)
  region size 16384K, 185 young (3031040K), 1 survivors (16384K)

Heap Regions: E=young(eden), S=young(survivor), O=old, HS=humongous(starts), HC=humongous(continues), CS=collection set, F=free, TAMS=top-at-mark-start, PB=parsable bottom
|   0|0x0000000500000000, 0x0000000501000000, 0x0000000501000000|100%| O|  |TAMS 0x0000000500000000| PB 0x0000000500000000| Untracked |  0
|   1|0x0000000501000000, 0x0000000502000000, 0x0000000502000000|100%| O|  |TAMS 0x0000000501000000| PB 0x0000000501000000| Untracked |  0
|   2|0x0000000502000000, 0x0000000503000000, 0x0000000503000000|100%| O|  |TAMS 0x0000000502000000| PB 0x0000000502000000| Untracked |  0
|   3|0x0000000503000000, 0x0000000504000000, 0x0000000504000000|100%| O|  |TAMS 0x0000000503000000| PB 0x0000000503000000| Untracked |  0
|   4|0x0000000504000000, 0x0000000505000000, 0x0000000505000000|100%| O|  |TAMS 0x0000000504000000| PB 0x0000000504000000| Untracked |  0
|   5|0x0000000505000000, 0x0000000506000000, 0x0000000506000000|100%| O|  |TAMS 0x0000000505000000| PB 0x0000000505000000| Untracked |  0
|   6|0x0000000506000000, 0x0000000507000000, 0x0000000507000000|100%| O|  |TAMS 0x0000000506000000| PB 0x0000000506000000| Untracked |  0
|   7|0x0000000507000000, 0x0000000508000000, 0x0000000508000000|100%| O|  |TAMS 0x0000000507000000| PB 0x0000000507000000| Untracked |  0
|   8|0x0000000508000000, 0x0000000509000000, 0x0000000509000000|100%| O|  |TAMS 0x0000000508000000| PB 0x0000000508000000| Untracked |  0
|   9|0x0000000509000000, 0x000000050a000000, 0x000000050a000000|100%| O|  |TAMS 0x0000000509000000| PB 0x0000000509000000| Untracked |  0
|  10|0x000000050a000000, 0x000000050b000000, 0x000000050b000000|100%| O|  |TAMS 0x000000050a000000| PB 0x000000050a000000| Untracked |  0
|  11|0x000000050b000000, 0x000000050c000000, 0x000000050c000000|100%| O|  |TAMS 0x000000050b000000| PB 0x000000050b000000| Untracked |  0
|  12|0x000000050c000000, 0x000000050d000000, 0x000000050d000000|100%| O|  |TAMS 0x000000050c000000| PB 0x000000050c000000| Untracked |  0
|  13|0x000000050d000000, 0x000000050e000000, 0x000000050e000000|100%| O|  |TAMS 0x000000050d000000| PB 0x000000050d000000| Untracked |  0
|  14|0x000000050e000000, 0x000000050f000000, 0x000000050f000000|100%| O|  |TAMS 0x000000050e000000| PB 0x000000050e000000| Untracked |  0
|  15|0x000000050f000000, 0x0000000510000000, 0x0000000510000000|100%| O|  |TAMS 0x000000050f000000| PB 0x000000050f000000| Untracked |  0
|  16|0x0000000510000000, 0x0000000511000000, 0x0000000511000000|100%| O|  |TAMS 0x0000000510000000| PB 0x0000000510000000| Untracked |  0
|  17|0x0000000511000000, 0x0000000512000000, 0x0000000512000000|100%| O|  |TAMS 0x0000000511000000| PB 0x0000000511000000| Untracked |  0
|  18|0x0000000512000000, 0x0000000513000000, 0x0000000513000000|100%| O|  |TAMS 0x0000000512000000| PB 0x0000000512000000| Untracked |  0
|  19|0x0000000513000000, 0x0000000514000000, 0x0000000514000000|100%| O|  |TAMS 0x0000000513000000| PB 0x0000000513000000| Untracked |  0
|  20|0x0000000514000000, 0x0000000515000000, 0x0000000515000000|100%| O|  |TAMS 0x0000000514000000| PB 0x0000000514000000| Untracked |  0
|  21|0x0000000515000000, 0x0000000515000000, 0x0000000516000000|  0%| F|  |TAMS 0x0000000515000000| PB 0x0000000515000000| Untracked |  0
|  22|0x0000000516000000, 0x0000000517000000, 0x0000000517000000|100%| O|  |TAMS 0x0000000516000000| PB 0x0000000516000000| Untracked |  0
|  23|0x0000000517000000, 0x0000000518000000, 0x0000000518000000|100%| O|  |TAMS 0x0000000517000000| PB 0x0000000517000000| Untracked |  0
|  24|0x0000000518000000, 0x0000000519000000, 0x0000000519000000|100%| O|  |TAMS 0x0000000518000000| PB 0x0000000518000000| Untracked |  0
|  25|0x0000000519000000, 0x000000051a000000, 0x000000051a000000|100%| O|  |TAMS 0x0000000519000000| PB 0x0000000519000000| Untracked |  0
|  26|0x000000051a000000, 0x000000051b000000, 0x000000051b000000|100%| O|  |TAMS 0x000000051a000000| PB 0x000000051a000000| Untracked |  0
|  27|0x000000051b000000, 0x000000051c000000, 0x000000051c000000|100%| O|  |TAMS 0x000000051b000000| PB 0x000000051b000000| Untracked |  0
|  28|0x000000051c000000, 0x000000051d000000, 0x000000051d000000|100%| O|  |TAMS 0x000000051c000000| PB 0x000000051c000000| Untracked |  0
|  29|0x000000051d000000, 0x000000051e000000, 0x000000051e000000|100%| O|  |TAMS 0x000000051d000000| PB 0x000000051d000000| Untracked |  0
|  30|0x000000051e000000, 0x000000051f000000, 0x000000051f000000|100%| O|  |TAMS 0x000000051e000000| PB 0x000000051e000000| Untracked |  0
|  31|0x000000051f000000, 0x0000000520000000, 0x0000000520000000|100%| O|  |TAMS 0x000000051f000000| PB 0x000000051f000000| Untracked |  0
|  32|0x0000000520000000, 0x0000000521000000, 0x0000000521000000|100%| O|  |TAMS 0x0000000520000000| PB 0x0000000520000000| Untracked |  0
|  33|0x0000000521000000, 0x0000000522000000, 0x0000000522000000|100%| O|  |TAMS 0x0000000521000000| PB 0x0000000521000000| Untracked |  0
|  34|0x0000000522000000, 0x0000000523000000, 0x0000000523000000|100%| O|  |TAMS 0x0000000522000000| PB 0x0000000522000000| Untracked |  0
|  35|0x0000000523000000, 0x0000000524000000, 0x0000000524000000|100%| O|  |TAMS 0x0000000523000000| PB 0x0000000523000000| Untracked |  0
|  36|0x0000000524000000, 0x0000000525000000, 0x0000000525000000|100%| O|  |TAMS 0x0000000524000000| PB 0x0000000524000000| Untracked |  0
|  37|0x0000000525000000, 0x0000000526000000, 0x0000000526000000|100%| O|  |TAMS 0x0000000525000000| PB 0x0000000525000000| Untracked |  0
|  38|0x0000000526000000, 0x0000000527000000, 0x0000000527000000|100%| O|  |TAMS 0x0000000526000000| PB 0x0000000526000000| Untracked |  0
|  39|0x0000000527000000, 0x0000000528000000, 0x0000000528000000|100%| O|  |TAMS 0x0000000527000000| PB 0x0000000527000000| Untracked |  0
|  40|0x0000000528000000, 0x0000000529000000, 0x0000000529000000|100%| O|  |TAMS 0x0000000528000000| PB 0x0000000528000000| Untracked |  0
|  41|0x0000000529000000, 0x000000052a000000, 0x000000052a000000|100%| O|  |TAMS 0x0000000529000000| PB 0x0000000529000000| Untracked |  0
|  42|0x000000052a000000, 0x000000052b000000, 0x000000052b000000|100%| O|  |TAMS 0x000000052a000000| PB 0x000000052a000000| Untracked |  0
|  43|0x000000052b000000, 0x000000052c000000, 0x000000052c000000|100%| O|  |TAMS 0x000000052b000000| PB 0x000000052b000000| Untracked |  0
|  44|0x000000052c000000, 0x000000052d000000, 0x000000052d000000|100%| O|  |TAMS 0x000000052c000000| PB 0x000000052c000000| Untracked |  0
|  45|0x000000052d000000, 0x000000052e000000, 0x000000052e000000|100%| O|  |TAMS 0x000000052d000000| PB 0x000000052d000000| Untracked |  0
|  46|0x000000052e000000, 0x000000052f000000, 0x000000052f000000|100%| O|Cm|TAMS 0x000000052e000000| PB 0x000000052e000000| Complete |  0
|  47|0x000000052f000000, 0x0000000530000000, 0x0000000530000000|100%| O|  |TAMS 0x000000052f000000| PB 0x000000052f000000| Untracked |  0
|  48|0x0000000530000000, 0x0000000531000000, 0x0000000531000000|100%| O|  |TAMS 0x0000000530000000| PB 0x0000000530000000| Untracked |  0
|  49|0x0000000531000000, 0x0000000532000000, 0x0000000532000000|100%| O|  |TAMS 0x0000000531000000| PB 0x0000000531000000| Untracked |  0
|  50|0x0000000532000000, 0x0000000533000000, 0x0000000533000000|100%| O|  |TAMS 0x0000000532000000| PB 0x0000000532000000| Untracked |  0
|  51|0x0000000533000000, 0x0000000534000000, 0x0000000534000000|100%| O|  |TAMS 0x0000000533000000| PB 0x0000000533000000| Untracked |  0
|  52|0x0000000534000000, 0x0000000535000000, 0x0000000535000000|100%| O|  |TAMS 0x0000000534000000| PB 0x0000000534000000| Untracked |  0
|  53|0x0000000535000000, 0x0000000536000000, 0x0000000536000000|100%| O|  |TAMS 0x0000000535000000| PB 0x0000000535000000| Untracked |  0
|  54|0x0000000536000000, 0x0000000537000000, 0x0000000537000000|100%| O|  |TAMS 0x0000000536000000| PB 0x0000000536000000| Untracked |  0
|  55|0x0000000537000000, 0x0000000538000000, 0x0000000538000000|100%| O|  |TAMS 0x0000000537000000| PB 0x0000000537000000| Untracked |  0
|  56|0x0000000538000000, 0x0000000539000000, 0x0000000539000000|100%| O|  |TAMS 0x0000000538000000| PB 0x0000000538000000| Untracked |  0
|  57|0x0000000539000000, 0x000000053a000000, 0x000000053a000000|100%| O|  |TAMS 0x0000000539000000| PB 0x0000000539000000| Untracked |  0
|  58|0x000000053a000000, 0x000000053b000000, 0x000000053b000000|100%| O|  |TAMS 0x000000053a000000| PB 0x000000053a000000| Untracked |  0
|  59|0x000000053b000000, 0x000000053c000000, 0x000000053c000000|100%| O|  |TAMS 0x000000053b000000| PB 0x000000053b000000| Untracked |  0
|  60|0x000000053c000000, 0x000000053d000000, 0x000000053d000000|100%| O|  |TAMS 0x000000053c000000| PB 0x000000053c000000| Untracked |  0
|  61|0x000000053d000000, 0x000000053e000000, 0x000000053e000000|100%| O|  |TAMS 0x000000053d000000| PB 0x000000053d000000| Untracked |  0
|  62|0x000000053e000000, 0x000000053f000000, 0x000000053f000000|100%| O|  |TAMS 0x000000053e000000| PB 0x000000053e000000| Untracked |  0
|  63|0x000000053f000000, 0x0000000540000000, 0x0000000540000000|100%| O|  |TAMS 0x000000053f000000| PB 0x000000053f000000| Untracked |  0
|  64|0x0000000540000000, 0x0000000541000000, 0x0000000541000000|100%| O|  |TAMS 0x0000000540000000| PB 0x0000000540000000| Untracked |  0
|  65|0x0000000541000000, 0x0000000542000000, 0x0000000542000000|100%| O|  |TAMS 0x0000000541000000| PB 0x0000000541000000| Untracked |  0
|  66|0x0000000542000000, 0x0000000543000000, 0x0000000543000000|100%| O|  |TAMS 0x0000000542000000| PB 0x0000000542000000| Untracked |  0
|  67|0x0000000543000000, 0x0000000544000000, 0x0000000544000000|100%| O|  |TAMS 0x0000000543000000| PB 0x0000000543000000| Untracked |  0
|  68|0x0000000544000000, 0x0000000545000000, 0x0000000545000000|100%| O|  |TAMS 0x0000000544000000| PB 0x0000000544000000| Untracked |  0
|  69|0x0000000545000000, 0x0000000546000000, 0x0000000546000000|100%| O|  |TAMS 0x0000000545000000| PB 0x0000000545000000| Untracked |  0
|  70|0x0000000546000000, 0x0000000547000000, 0x0000000547000000|100%| O|  |TAMS 0x0000000546000000| PB 0x0000000546000000| Untracked |  0
|  71|0x0000000547000000, 0x0000000548000000, 0x0000000548000000|100%| O|  |TAMS 0x0000000547000000| PB 0x0000000547000000| Untracked |  0
|  72|0x0000000548000000, 0x0000000549000000, 0x0000000549000000|100%| O|  |TAMS 0x0000000548000000| PB 0x0000000548000000| Untracked |  0
|  73|0x0000000549000000, 0x000000054a000000, 0x000000054a000000|100%| O|  |TAMS 0x0000000549000000| PB 0x0000000549000000| Untracked |  0
|  74|0x000000054a000000, 0x000000054b000000, 0x000000054b000000|100%| O|  |TAMS 0x000000054a000000| PB 0x000000054a000000| Untracked |  0
|  75|0x000000054b000000, 0x000000054c000000, 0x000000054c000000|100%| O|  |TAMS 0x000000054b000000| PB 0x000000054b000000| Untracked |  0
|  76|0x000000054c000000, 0x000000054d000000, 0x000000054d000000|100%| O|  |TAMS 0x000000054c000000| PB 0x000000054c000000| Untracked |  0
|  77|0x000000054d000000, 0x000000054e000000, 0x000000054e000000|100%| O|  |TAMS 0x000000054d000000| PB 0x000000054d000000| Untracked |  0
|  78|0x000000054e000000, 0x000000054f000000, 0x000000054f000000|100%| O|  |TAMS 0x000000054e000000| PB 0x000000054e000000| Untracked |  0
|  79|0x000000054f000000, 0x0000000550000000, 0x0000000550000000|100%| O|  |TAMS 0x000000054f000000| PB 0x000000054f000000| Untracked |  0
|  80|0x0000000550000000, 0x0000000551000000, 0x0000000551000000|100%| O|  |TAMS 0x0000000550000000| PB 0x0000000550000000| Untracked |  0
|  81|0x0000000551000000, 0x0000000552000000, 0x0000000552000000|100%| O|  |TAMS 0x0000000551000000| PB 0x0000000551000000| Untracked |  0
|  82|0x0000000552000000, 0x0000000553000000, 0x0000000553000000|100%| O|  |TAMS 0x0000000552000000| PB 0x0000000552000000| Untracked |  0
|  83|0x0000000553000000, 0x0000000554000000, 0x0000000554000000|100%| O|  |TAMS 0x0000000553000000| PB 0x0000000553000000| Untracked |  0
|  84|0x0000000554000000, 0x0000000555000000, 0x0000000555000000|100%| O|  |TAMS 0x0000000554000000| PB 0x0000000554000000| Untracked |  0
|  85|0x0000000555000000, 0x0000000556000000, 0x0000000556000000|100%| O|  |TAMS 0x0000000555000000| PB 0x0000000555000000| Untracked |  0
|  86|0x0000000556000000, 0x0000000557000000, 0x0000000557000000|100%| O|  |TAMS 0x0000000556000000| PB 0x0000000556000000| Untracked |  0
|  87|0x0000000557000000, 0x0000000558000000, 0x0000000558000000|100%| O|  |TAMS 0x0000000557000000| PB 0x0000000557000000| Untracked |  0
|  88|0x0000000558000000, 0x0000000559000000, 0x0000000559000000|100%| O|  |TAMS 0x0000000558000000| PB 0x0000000558000000| Untracked |  0
|  89|0x0000000559000000, 0x000000055a000000, 0x000000055a000000|100%| O|  |TAMS 0x0000000559000000| PB 0x0000000559000000| Untracked |  0
|  90|0x000000055a000000, 0x000000055b000000, 0x000000055b000000|100%| O|  |TAMS 0x000000055a000000| PB 0x000000055a000000| Untracked |  0
|  91|0x000000055b000000, 0x000000055c000000, 0x000000055c000000|100%| O|  |TAMS 0x000000055b000000| PB 0x000000055b000000| Untracked |  0
|  92|0x000000055c000000, 0x000000055d000000, 0x000000055d000000|100%| O|  |TAMS 0x000000055c000000| PB 0x000000055c000000| Untracked |  0
|  93|0x000000055d000000, 0x000000055e000000, 0x000000055e000000|100%| O|  |TAMS 0x000000055d000000| PB 0x000000055d000000| Untracked |  0
|  94|0x000000055e000000, 0x000000055f000000, 0x000000055f000000|100%| O|  |TAMS 0x000000055e000000| PB 0x000000055e000000| Untracked |  0
|  95|0x000000055f000000, 0x0000000560000000, 0x0000000560000000|100%| O|  |TAMS 0x000000055f000000| PB 0x000000055f000000| Untracked |  0
|  96|0x0000000560000000, 0x0000000561000000, 0x0000000561000000|100%| O|  |TAMS 0x0000000560000000| PB 0x0000000560000000| Untracked |  0
|  97|0x0000000561000000, 0x0000000562000000, 0x0000000562000000|100%| O|  |TAMS 0x0000000561000000| PB 0x0000000561000000| Untracked |  0
|  98|0x0000000562000000, 0x0000000563000000, 0x0000000563000000|100%| O|  |TAMS 0x0000000562000000| PB 0x0000000562000000| Untracked |  0
|  99|0x0000000563000000, 0x0000000564000000, 0x0000000564000000|100%| O|  |TAMS 0x0000000563000000| PB 0x0000000563000000| Untracked |  0
| 100|0x0000000564000000, 0x0000000565000000, 0x0000000565000000|100%| O|  |TAMS 0x0000000564000000| PB 0x0000000564000000| Untracked |  0
| 101|0x0000000565000000, 0x0000000566000000, 0x0000000566000000|100%| O|  |TAMS 0x0000000565000000| PB 0x0000000565000000| Untracked |  0
| 102|0x0000000566000000, 0x0000000567000000, 0x0000000567000000|100%| O|  |TAMS 0x0000000566000000| PB 0x0000000566000000| Untracked |  0
| 103|0x0000000567000000, 0x0000000568000000, 0x0000000568000000|100%| O|  |TAMS 0x0000000567000000| PB 0x0000000567000000| Untracked |  0
| 104|0x0000000568000000, 0x0000000569000000, 0x0000000569000000|100%| O|  |TAMS 0x0000000568000000| PB 0x0000000568000000| Untracked |  0
| 105|0x0000000569000000, 0x000000056a000000, 0x000000056a000000|100%| O|  |TAMS 0x0000000569000000| PB 0x0000000569000000| Untracked |  0
| 106|0x000000056a000000, 0x000000056b000000, 0x000000056b000000|100%| O|  |TAMS 0x000000056a000000| PB 0x000000056a000000| Untracked |  0
| 107|0x000000056b000000, 0x000000056c000000, 0x000000056c000000|100%| O|  |TAMS 0x000000056b000000| PB 0x000000056b000000| Untracked |  0
| 108|0x000000056c000000, 0x000000056d000000, 0x000000056d000000|100%| O|  |TAMS 0x000000056c000000| PB 0x000000056c000000| Untracked |  0
| 109|0x000000056d000000, 0x000000056e000000, 0x000000056e000000|100%| O|  |TAMS 0x000000056d000000| PB 0x000000056d000000| Untracked |  0
| 110|0x000000056e000000, 0x000000056f000000, 0x000000056f000000|100%| O|  |TAMS 0x000000056e000000| PB 0x000000056e000000| Untracked |  0
| 111|0x000000056f000000, 0x0000000570000000, 0x0000000570000000|100%| O|  |TAMS 0x000000056f000000| PB 0x000000056f000000| Untracked |  0
| 112|0x0000000570000000, 0x0000000571000000, 0x0000000571000000|100%| O|  |TAMS 0x0000000570000000| PB 0x0000000570000000| Untracked |  0
| 113|0x0000000571000000, 0x0000000572000000, 0x0000000572000000|100%| O|  |TAMS 0x0000000571000000| PB 0x0000000571000000| Untracked |  0
| 114|0x0000000572000000, 0x0000000573000000, 0x0000000573000000|100%| O|  |TAMS 0x0000000572000000| PB 0x0000000572000000| Untracked |  0
| 115|0x0000000573000000, 0x0000000574000000, 0x0000000574000000|100%| O|  |TAMS 0x0000000573000000| PB 0x0000000573000000| Untracked |  0
| 116|0x0000000574000000, 0x0000000575000000, 0x0000000575000000|100%| O|  |TAMS 0x0000000574000000| PB 0x0000000574000000| Untracked |  0
| 117|0x0000000575000000, 0x0000000576000000, 0x0000000576000000|100%| O|  |TAMS 0x0000000575000000| PB 0x0000000575000000| Untracked |  0
| 118|0x0000000576000000, 0x0000000577000000, 0x0000000577000000|100%| O|  |TAMS 0x0000000576000000| PB 0x0000000576000000| Untracked |  0
| 119|0x0000000577000000, 0x0000000578000000, 0x0000000578000000|100%| O|  |TAMS 0x0000000577000000| PB 0x0000000577000000| Untracked |  0
| 120|0x0000000578000000, 0x0000000579000000, 0x0000000579000000|100%| O|  |TAMS 0x0000000578000000| PB 0x0000000578000000| Untracked |  0
| 121|0x0000000579000000, 0x000000057a000000, 0x000000057a000000|100%| O|  |TAMS 0x0000000579000000| PB 0x0000000579000000| Untracked |  0
| 122|0x000000057a000000, 0x000000057b000000, 0x000000057b000000|100%| O|  |TAMS 0x000000057a000000| PB 0x000000057a000000| Untracked |  0
| 123|0x000000057b000000, 0x000000057c000000, 0x000000057c000000|100%| O|  |TAMS 0x000000057b000000| PB 0x000000057b000000| Untracked |  0
| 124|0x000000057c000000, 0x000000057d000000, 0x000000057d000000|100%| O|  |TAMS 0x000000057c000000| PB 0x000000057c000000| Untracked |  0
| 125|0x000000057d000000, 0x000000057e000000, 0x000000057e000000|100%| O|  |TAMS 0x000000057d000000| PB 0x000000057d000000| Untracked |  0
| 126|0x000000057e000000, 0x000000057f000000, 0x000000057f000000|100%| O|  |TAMS 0x000000057e000000| PB 0x000000057e000000| Untracked |  0
| 127|0x000000057f000000, 0x0000000580000000, 0x0000000580000000|100%| O|  |TAMS 0x000000057f000000| PB 0x000000057f000000| Untracked |  0
| 128|0x0000000580000000, 0x0000000581000000, 0x0000000581000000|100%| O|  |TAMS 0x0000000580000000| PB 0x0000000580000000| Untracked |  0
| 129|0x0000000581000000, 0x0000000582000000, 0x0000000582000000|100%| O|  |TAMS 0x0000000581000000| PB 0x0000000581000000| Untracked |  0
| 130|0x0000000582000000, 0x0000000583000000, 0x0000000583000000|100%| O|  |TAMS 0x0000000582000000| PB 0x0000000582000000| Untracked |  0
| 131|0x0000000583000000, 0x0000000584000000, 0x0000000584000000|100%| O|  |TAMS 0x0000000583000000| PB 0x0000000583000000| Untracked |  0
| 132|0x0000000584000000, 0x0000000585000000, 0x0000000585000000|100%| O|  |TAMS 0x0000000584000000| PB 0x0000000584000000| Untracked |  0
| 133|0x0000000585000000, 0x0000000586000000, 0x0000000586000000|100%| O|  |TAMS 0x0000000585000000| PB 0x0000000585000000| Untracked |  0
| 134|0x0000000586000000, 0x0000000587000000, 0x0000000587000000|100%| O|  |TAMS 0x0000000586000000| PB 0x0000000586000000| Untracked |  0
| 135|0x0000000587000000, 0x0000000588000000, 0x0000000588000000|100%| O|  |TAMS 0x0000000587000000| PB 0x0000000587000000| Untracked |  0
| 136|0x0000000588000000, 0x0000000589000000, 0x0000000589000000|100%| O|  |TAMS 0x0000000588000000| PB 0x0000000588000000| Untracked |  0
| 137|0x0000000589000000, 0x000000058a000000, 0x000000058a000000|100%| O|  |TAMS 0x0000000589000000| PB 0x0000000589000000| Untracked |  0
| 138|0x000000058a000000, 0x000000058b000000, 0x000000058b000000|100%| O|  |TAMS 0x000000058a000000| PB 0x000000058a000000| Untracked |  0
| 139|0x000000058b000000, 0x000000058c000000, 0x000000058c000000|100%| O|  |TAMS 0x000000058b000000| PB 0x000000058b000000| Untracked |  0
| 140|0x000000058c000000, 0x000000058d000000, 0x000000058d000000|100%| O|  |TAMS 0x000000058c000000| PB 0x000000058c000000| Untracked |  0
| 141|0x000000058d000000, 0x000000058e000000, 0x000000058e000000|100%| O|  |TAMS 0x000000058d000000| PB 0x000000058d000000| Untracked |  0
| 142|0x000000058e000000, 0x000000058f000000, 0x000000058f000000|100%| O|  |TAMS 0x000000058e000000| PB 0x000000058e000000| Untracked |  0
| 143|0x000000058f000000, 0x0000000590000000, 0x0000000590000000|100%| O|  |TAMS 0x000000058f000000| PB 0x000000058f000000| Untracked |  0
| 144|0x0000000590000000, 0x0000000591000000, 0x0000000591000000|100%| O|  |TAMS 0x0000000590000000| PB 0x0000000590000000| Untracked |  0
| 145|0x0000000591000000, 0x0000000592000000, 0x0000000592000000|100%| O|  |TAMS 0x0000000591000000| PB 0x0000000591000000| Untracked |  0
| 146|0x0000000592000000, 0x0000000593000000, 0x0000000593000000|100%| O|  |TAMS 0x0000000592000000| PB 0x0000000592000000| Untracked |  0
| 147|0x0000000593000000, 0x0000000594000000, 0x0000000594000000|100%| O|  |TAMS 0x0000000593000000| PB 0x0000000593000000| Untracked |  0
| 148|0x0000000594000000, 0x0000000595000000, 0x0000000595000000|100%| O|  |TAMS 0x0000000594000000| PB 0x0000000594000000| Untracked |  0
| 149|0x0000000595000000, 0x0000000596000000, 0x0000000596000000|100%| O|  |TAMS 0x0000000595000000| PB 0x0000000595000000| Untracked |  0
| 150|0x0000000596000000, 0x0000000597000000, 0x0000000597000000|100%| O|  |TAMS 0x0000000596000000| PB 0x0000000596000000| Untracked |  0
| 151|0x0000000597000000, 0x0000000598000000, 0x0000000598000000|100%| O|  |TAMS 0x0000000597000000| PB 0x0000000597000000| Untracked |  0
| 152|0x0000000598000000, 0x0000000599000000, 0x0000000599000000|100%| O|  |TAMS 0x0000000598000000| PB 0x0000000598000000| Untracked |  0
| 153|0x0000000599000000, 0x000000059a000000, 0x000000059a000000|100%| O|  |TAMS 0x0000000599000000| PB 0x0000000599000000| Untracked |  0
| 154|0x000000059a000000, 0x000000059b000000, 0x000000059b000000|100%| O|  |TAMS 0x000000059a000000| PB 0x000000059a000000| Untracked |  0
| 155|0x000000059b000000, 0x000000059c000000, 0x000000059c000000|100%| O|  |TAMS 0x000000059b000000| PB 0x000000059b000000| Untracked |  0
| 156|0x000000059c000000, 0x000000059d000000, 0x000000059d000000|100%| O|  |TAMS 0x000000059c000000| PB 0x000000059c000000| Untracked |  0
| 157|0x000000059d000000, 0x000000059e000000, 0x000000059e000000|100%| O|  |TAMS 0x000000059d000000| PB 0x000000059d000000| Untracked |  0
| 158|0x000000059e000000, 0x000000059f000000, 0x000000059f000000|100%| O|  |TAMS 0x000000059e000000| PB 0x000000059e000000| Untracked |  0
| 159|0x000000059f000000, 0x00000005a0000000, 0x00000005a0000000|100%| O|  |TAMS 0x000000059f000000| PB 0x000000059f000000| Untracked |  0
| 160|0x00000005a0000000, 0x00000005a1000000, 0x00000005a1000000|100%| O|  |TAMS 0x00000005a0000000| PB 0x00000005a0000000| Untracked |  0
| 161|0x00000005a1000000, 0x00000005a2000000, 0x00000005a2000000|100%| O|  |TAMS 0x00000005a1000000| PB 0x00000005a1000000| Untracked |  0
| 162|0x00000005a2000000, 0x00000005a3000000, 0x00000005a3000000|100%| O|  |TAMS 0x00000005a2000000| PB 0x00000005a2000000| Untracked |  0
| 163|0x00000005a3000000, 0x00000005a4000000, 0x00000005a4000000|100%| O|  |TAMS 0x00000005a3000000| PB 0x00000005a3000000| Untracked |  0
| 164|0x00000005a4000000, 0x00000005a5000000, 0x00000005a5000000|100%| O|  |TAMS 0x00000005a4000000| PB 0x00000005a4000000| Untracked |  0
| 165|0x00000005a5000000, 0x00000005a6000000, 0x00000005a6000000|100%| O|  |TAMS 0x00000005a5000000| PB 0x00000005a5000000| Untracked |  0
| 166|0x00000005a6000000, 0x00000005a7000000, 0x00000005a7000000|100%| O|  |TAMS 0x00000005a6000000| PB 0x00000005a6000000| Untracked |  0
| 167|0x00000005a7000000, 0x00000005a8000000, 0x00000005a8000000|100%| O|  |TAMS 0x00000005a7000000| PB 0x00000005a7000000| Untracked |  0
| 168|0x00000005a8000000, 0x00000005a9000000, 0x00000005a9000000|100%| O|  |TAMS 0x00000005a8000000| PB 0x00000005a8000000| Untracked |  0
| 169|0x00000005a9000000, 0x00000005aa000000, 0x00000005aa000000|100%| O|  |TAMS 0x00000005a9000000| PB 0x00000005a9000000| Untracked |  0
| 170|0x00000005aa000000, 0x00000005ab000000, 0x00000005ab000000|100%| O|  |TAMS 0x00000005aa000000| PB 0x00000005aa000000| Untracked |  0
| 171|0x00000005ab000000, 0x00000005ac000000, 0x00000005ac000000|100%| O|  |TAMS 0x00000005ab000000| PB 0x00000005ab000000| Untracked |  0
| 172|0x00000005ac000000, 0x00000005ad000000, 0x00000005ad000000|100%| O|  |TAMS 0x00000005ac000000| PB 0x00000005ac000000| Untracked |  0
| 173|0x00000005ad000000, 0x00000005ae000000, 0x00000005ae000000|100%| O|  |TAMS 0x00000005ad000000| PB 0x00000005ad000000| Untracked |  0
| 174|0x00000005ae000000, 0x00000005af000000, 0x00000005af000000|100%| O|  |TAMS 0x00000005ae000000| PB 0x00000005ae000000| Untracked |  0
| 175|0x00000005af000000, 0x00000005b0000000, 0x00000005b0000000|100%| O|  |TAMS 0x00000005af000000| PB 0x00000005af000000| Untracked |  0
| 176|0x00000005b0000000, 0x00000005b1000000, 0x00000005b1000000|100%| O|  |TAMS 0x00000005b0000000| PB 0x00000005b0000000| Untracked |  0
| 177|0x00000005b1000000, 0x00000005b2000000, 0x00000005b2000000|100%| O|  |TAMS 0x00000005b1000000| PB 0x00000005b1000000| Untracked |  0
| 178|0x00000005b2000000, 0x00000005b3000000, 0x00000005b3000000|100%| O|  |TAMS 0x00000005b2000000| PB 0x00000005b2000000| Untracked |  0
| 179|0x00000005b3000000, 0x00000005b4000000, 0x00000005b4000000|100%| O|  |TAMS 0x00000005b3000000| PB 0x00000005b3000000| Untracked |  0
| 180|0x00000005b4000000, 0x00000005b5000000, 0x00000005b5000000|100%| O|  |TAMS 0x00000005b4000000| PB 0x00000005b4000000| Untracked |  0
| 181|0x00000005b5000000, 0x00000005b6000000, 0x00000005b6000000|100%| O|  |TAMS 0x00000005b5000000| PB 0x00000005b5000000| Untracked |  0
| 182|0x00000005b6000000, 0x00000005b7000000, 0x00000005b7000000|100%| O|  |TAMS 0x00000005b6000000| PB 0x00000005b6000000| Untracked |  0
| 183|0x00000005b7000000, 0x00000005b8000000, 0x00000005b8000000|100%| O|  |TAMS 0x00000005b7000000| PB 0x00000005b7000000| Untracked |  0
| 184|0x00000005b8000000, 0x00000005b9000000, 0x00000005b9000000|100%| O|  |TAMS 0x00000005b8000000| PB 0x00000005b8000000| Untracked |  0
| 185|0x00000005b9000000, 0x00000005ba000000, 0x00000005ba000000|100%| O|  |TAMS 0x00000005b9000000| PB 0x00000005b9000000| Untracked |  0
| 186|0x00000005ba000000, 0x00000005bb000000, 0x00000005bb000000|100%| O|  |TAMS 0x00000005ba000000| PB 0x00000005ba000000| Untracked |  0
| 187|0x00000005bb000000, 0x00000005bc000000, 0x00000005bc000000|100%| O|  |TAMS 0x00000005bb000000| PB 0x00000005bb000000| Untracked |  0
| 188|0x00000005bc000000, 0x00000005bd000000, 0x00000005bd000000|100%| O|  |TAMS 0x00000005bc000000| PB 0x00000005bc000000| Untracked |  0
| 189|0x00000005bd000000, 0x00000005be000000, 0x00000005be000000|100%| O|  |TAMS 0x00000005bd000000| PB 0x00000005bd000000| Untracked |  0
| 190|0x00000005be000000, 0x00000005bf000000, 0x00000005bf000000|100%| O|  |TAMS 0x00000005be000000| PB 0x00000005be000000| Untracked |  0
| 191|0x00000005bf000000, 0x00000005c0000000, 0x00000005c0000000|100%| O|  |TAMS 0x00000005bf000000| PB 0x00000005bf000000| Untracked |  0
| 192|0x00000005c0000000, 0x00000005c1000000, 0x00000005c1000000|100%| O|  |TAMS 0x00000005c0000000| PB 0x00000005c0000000| Untracked |  0
| 193|0x00000005c1000000, 0x00000005c2000000, 0x00000005c2000000|100%| O|  |TAMS 0x00000005c1000000| PB 0x00000005c1000000| Untracked |  0
| 194|0x00000005c2000000, 0x00000005c3000000, 0x00000005c3000000|100%| O|  |TAMS 0x00000005c2000000| PB 0x00000005c2000000| Untracked |  0
| 195|0x00000005c3000000, 0x00000005c4000000, 0x00000005c4000000|100%| O|  |TAMS 0x00000005c3000000| PB 0x00000005c3000000| Untracked |  0
| 196|0x00000005c4000000, 0x00000005c5000000, 0x00000005c5000000|100%| O|  |TAMS 0x00000005c4000000| PB 0x00000005c4000000| Untracked |  0
| 197|0x00000005c5000000, 0x00000005c6000000, 0x00000005c6000000|100%| O|  |TAMS 0x00000005c5000000| PB 0x00000005c5000000| Untracked |  0
| 198|0x00000005c6000000, 0x00000005c7000000, 0x00000005c7000000|100%| O|  |TAMS 0x00000005c6000000| PB 0x00000005c6000000| Untracked |  0
| 199|0x00000005c7000000, 0x00000005c8000000, 0x00000005c8000000|100%| O|  |TAMS 0x00000005c7000000| PB 0x00000005c7000000| Untracked |  0
| 200|0x00000005c8000000, 0x00000005c9000000, 0x00000005c9000000|100%| O|  |TAMS 0x00000005c8000000| PB 0x00000005c8000000| Untracked |  0
| 201|0x00000005c9000000, 0x00000005ca000000, 0x00000005ca000000|100%| O|  |TAMS 0x00000005c9000000| PB 0x00000005c9000000| Untracked |  0
| 202|0x00000005ca000000, 0x00000005cb000000, 0x00000005cb000000|100%| O|  |TAMS 0x00000005ca000000| PB 0x00000005ca000000| Untracked |  0
| 203|0x00000005cb000000, 0x00000005cc000000, 0x00000005cc000000|100%|HS|  |TAMS 0x00000005cb000000| PB 0x00000005cb000000| Complete |  0
| 204|0x00000005cc000000, 0x00000005cd000000, 0x00000005cd000000|100%|HS|  |TAMS 0x00000005cc000000| PB 0x00000005cc000000| Complete |  0
| 205|0x00000005cd000000, 0x00000005ce000000, 0x00000005ce000000|100%| O|  |TAMS 0x00000005cd000000| PB 0x00000005cd000000| Untracked |  0
| 206|0x00000005ce000000, 0x00000005cf000000, 0x00000005cf000000|100%| O|  |TAMS 0x00000005ce000000| PB 0x00000005ce000000| Untracked |  0
| 207|0x00000005cf000000, 0x00000005d0000000, 0x00000005d0000000|100%| O|  |TAMS 0x00000005cf000000| PB 0x00000005cf000000| Untracked |  0
| 208|0x00000005d0000000, 0x00000005d1000000, 0x00000005d1000000|100%| O|  |TAMS 0x00000005d0000000| PB 0x00000005d0000000| Untracked |  0
| 209|0x00000005d1000000, 0x00000005d2000000, 0x00000005d2000000|100%| O|  |TAMS 0x00000005d1000000| PB 0x00000005d1000000| Untracked |  0
| 210|0x00000005d2000000, 0x00000005d3000000, 0x00000005d3000000|100%| O|  |TAMS 0x00000005d2000000| PB 0x00000005d2000000| Untracked |  0
| 211|0x00000005d3000000, 0x00000005d4000000, 0x00000005d4000000|100%| O|  |TAMS 0x00000005d3000000| PB 0x00000005d3000000| Untracked |  0
| 212|0x00000005d4000000, 0x00000005d5000000, 0x00000005d5000000|100%| O|  |TAMS 0x00000005d4000000| PB 0x00000005d4000000| Untracked |  0
| 213|0x00000005d5000000, 0x00000005d6000000, 0x00000005d6000000|100%| O|  |TAMS 0x00000005d5000000| PB 0x00000005d5000000| Untracked |  0
| 214|0x00000005d6000000, 0x00000005d7000000, 0x00000005d7000000|100%| O|  |TAMS 0x00000005d6000000| PB 0x00000005d6000000| Untracked |  0
| 215|0x00000005d7000000, 0x00000005d8000000, 0x00000005d8000000|100%| O|  |TAMS 0x00000005d7000000| PB 0x00000005d7000000| Untracked |  0
| 216|0x00000005d8000000, 0x00000005d9000000, 0x00000005d9000000|100%| O|  |TAMS 0x00000005d8000000| PB 0x00000005d8000000| Untracked |  0
| 217|0x00000005d9000000, 0x00000005da000000, 0x00000005da000000|100%| O|  |TAMS 0x00000005d9000000| PB 0x00000005d9000000| Untracked |  0
| 218|0x00000005da000000, 0x00000005db000000, 0x00000005db000000|100%| O|  |TAMS 0x00000005da000000| PB 0x00000005da000000| Untracked |  0
| 219|0x00000005db000000, 0x00000005dc000000, 0x00000005dc000000|100%| O|  |TAMS 0x00000005db000000| PB 0x00000005db000000| Untracked |  0
| 220|0x00000005dc000000, 0x00000005dd000000, 0x00000005dd000000|100%| O|  |TAMS 0x00000005dc000000| PB 0x00000005dc000000| Untracked |  0
| 221|0x00000005dd000000, 0x00000005de000000, 0x00000005de000000|100%| O|  |TAMS 0x00000005dd000000| PB 0x00000005dd000000| Untracked |  0
| 222|0x00000005de000000, 0x00000005df000000, 0x00000005df000000|100%| O|  |TAMS 0x00000005de000000| PB 0x00000005de000000| Untracked |  0
| 223|0x00000005df000000, 0x00000005e0000000, 0x00000005e0000000|100%| O|  |TAMS 0x00000005df000000| PB 0x00000005df000000| Untracked |  0
| 224|0x00000005e0000000, 0x00000005e1000000, 0x00000005e1000000|100%| O|  |TAMS 0x00000005e0000000| PB 0x00000005e0000000| Untracked |  0
| 225|0x00000005e1000000, 0x00000005e2000000, 0x00000005e2000000|100%| O|  |TAMS 0x00000005e1000000| PB 0x00000005e1000000| Untracked |  0
| 226|0x00000005e2000000, 0x00000005e3000000, 0x00000005e3000000|100%| O|  |TAMS 0x00000005e2000000| PB 0x00000005e2000000| Untracked |  0
| 227|0x00000005e3000000, 0x00000005e4000000, 0x00000005e4000000|100%| O|  |TAMS 0x00000005e3000000| PB 0x00000005e3000000| Untracked |  0
| 228|0x00000005e4000000, 0x00000005e5000000, 0x00000005e5000000|100%| O|  |TAMS 0x00000005e4000000| PB 0x00000005e4000000| Untracked |  0
| 229|0x00000005e5000000, 0x00000005e6000000, 0x00000005e6000000|100%| O|  |TAMS 0x00000005e5000000| PB 0x00000005e5000000| Untracked |  0
| 230|0x00000005e6000000, 0x00000005e7000000, 0x00000005e7000000|100%| O|  |TAMS 0x00000005e6000000| PB 0x00000005e6000000| Untracked |  0
| 231|0x00000005e7000000, 0x00000005e8000000, 0x00000005e8000000|100%| O|  |TAMS 0x00000005e7000000| PB 0x00000005e7000000| Untracked |  0
| 232|0x00000005e8000000, 0x00000005e9000000, 0x00000005e9000000|100%| O|  |TAMS 0x00000005e8000000| PB 0x00000005e8000000| Untracked |  0
| 233|0x00000005e9000000, 0x00000005ea000000, 0x00000005ea000000|100%| O|  |TAMS 0x00000005e9000000| PB 0x00000005e9000000| Untracked |  0
| 234|0x00000005ea000000, 0x00000005eb000000, 0x00000005eb000000|100%| O|  |TAMS 0x00000005ea000000| PB 0x00000005ea000000| Untracked |  0
| 235|0x00000005eb000000, 0x00000005ec000000, 0x00000005ec000000|100%| O|  |TAMS 0x00000005eb000000| PB 0x00000005eb000000| Untracked |  0
| 236|0x00000005ec000000, 0x00000005ec85aa50, 0x00000005ed000000| 52%| O|  |TAMS 0x00000005ec000000| PB 0x00000005ec000000| Untracked |  0
| 237|0x00000005ed000000, 0x00000005ee000000, 0x00000005ee000000|100%| O|  |TAMS 0x00000005ed000000| PB 0x00000005ed000000| Untracked |  0
| 238|0x00000005ee000000, 0x00000005ef000000, 0x00000005ef000000|100%| O|  |TAMS 0x00000005ee000000| PB 0x00000005ee000000| Untracked |  0
| 239|0x00000005ef000000, 0x00000005f0000000, 0x00000005f0000000|100%| O|  |TAMS 0x00000005ef000000| PB 0x00000005ef000000| Untracked |  0
| 240|0x00000005f0000000, 0x00000005f1000000, 0x00000005f1000000|100%| O|  |TAMS 0x00000005f0000000| PB 0x00000005f0000000| Untracked |  0
| 241|0x00000005f1000000, 0x00000005f2000000, 0x00000005f2000000|100%| O|  |TAMS 0x00000005f1000000| PB 0x00000005f1000000| Untracked |  0
| 242|0x00000005f2000000, 0x00000005f3000000, 0x00000005f3000000|100%| O|  |TAMS 0x00000005f2000000| PB 0x00000005f2000000| Untracked |  0
| 243|0x00000005f3000000, 0x00000005f4000000, 0x00000005f4000000|100%| O|  |TAMS 0x00000005f3000000| PB 0x00000005f3000000| Untracked |  0
| 244|0x00000005f4000000, 0x00000005f5000000, 0x00000005f5000000|100%| O|  |TAMS 0x00000005f4000000| PB 0x00000005f4000000| Untracked |  0
| 245|0x00000005f5000000, 0x00000005f6000000, 0x00000005f6000000|100%| O|  |TAMS 0x00000005f5000000| PB 0x00000005f5000000| Untracked |  0
| 246|0x00000005f6000000, 0x00000005f7000000, 0x00000005f7000000|100%| O|  |TAMS 0x00000005f6000000| PB 0x00000005f6000000| Untracked |  0
| 247|0x00000005f7000000, 0x00000005f8000000, 0x00000005f8000000|100%| O|  |TAMS 0x00000005f7000000| PB 0x00000005f7000000| Untracked |  0
| 248|0x00000005f8000000, 0x00000005f9000000, 0x00000005f9000000|100%| O|  |TAMS 0x00000005f8000000| PB 0x00000005f8000000| Untracked |  0
| 249|0x00000005f9000000, 0x00000005fa000000, 0x00000005fa000000|100%| O|  |TAMS 0x00000005f9000000| PB 0x00000005f9000000| Untracked |  0
| 250|0x00000005fa000000, 0x00000005fb000000, 0x00000005fb000000|100%| O|  |TAMS 0x00000005fa000000| PB 0x00000005fa000000| Untracked |  0
| 251|0x00000005fb000000, 0x00000005fc000000, 0x00000005fc000000|100%| O|  |TAMS 0x00000005fb000000| PB 0x00000005fb000000| Untracked |  0
| 252|0x00000005fc000000, 0x00000005fd000000, 0x00000005fd000000|100%| O|  |TAMS 0x00000005fc000000| PB 0x00000005fc000000| Untracked |  0
| 253|0x00000005fd000000, 0x00000005fe000000, 0x00000005fe000000|100%| O|  |TAMS 0x00000005fd000000| PB 0x00000005fd000000| Untracked |  0
| 254|0x00000005fe000000, 0x00000005ff000000, 0x00000005ff000000|100%| O|  |TAMS 0x00000005fe000000| PB 0x00000005fe000000| Untracked |  0
| 255|0x00000005ff000000, 0x0000000600000000, 0x0000000600000000|100%| O|  |TAMS 0x00000005ff000000| PB 0x00000005ff000000| Untracked |  0
| 256|0x0000000600000000, 0x0000000601000000, 0x0000000601000000|100%| O|  |TAMS 0x0000000600000000| PB 0x0000000600000000| Untracked |  0
| 257|0x0000000601000000, 0x0000000602000000, 0x0000000602000000|100%| O|  |TAMS 0x0000000601000000| PB 0x0000000601000000| Untracked |  0
| 258|0x0000000602000000, 0x0000000603000000, 0x0000000603000000|100%| O|  |TAMS 0x0000000602000000| PB 0x0000000602000000| Untracked |  0
| 259|0x0000000603000000, 0x0000000604000000, 0x0000000604000000|100%| O|  |TAMS 0x0000000603000000| PB 0x0000000603000000| Untracked |  0
| 260|0x0000000604000000, 0x0000000605000000, 0x0000000605000000|100%| O|  |TAMS 0x0000000604000000| PB 0x0000000604000000| Untracked |  0
| 261|0x0000000605000000, 0x0000000606000000, 0x0000000606000000|100%| O|  |TAMS 0x0000000605000000| PB 0x0000000605000000| Untracked |  0
| 262|0x0000000606000000, 0x0000000607000000, 0x0000000607000000|100%|HS|  |TAMS 0x0000000606000000| PB 0x0000000606000000| Complete |  0
| 263|0x0000000607000000, 0x0000000608000000, 0x0000000608000000|100%| O|  |TAMS 0x0000000607000000| PB 0x0000000607000000| Untracked |  0
| 264|0x0000000608000000, 0x0000000609000000, 0x0000000609000000|100%| O|  |TAMS 0x0000000608000000| PB 0x0000000608000000| Untracked |  0
| 265|0x0000000609000000, 0x000000060a000000, 0x000000060a000000|100%| O|  |TAMS 0x0000000609000000| PB 0x0000000609000000| Untracked |  0
| 266|0x000000060a000000, 0x000000060b000000, 0x000000060b000000|100%| O|  |TAMS 0x000000060a000000| PB 0x000000060a000000| Untracked |  0
| 267|0x000000060b000000, 0x000000060c000000, 0x000000060c000000|100%| O|Cm|TAMS 0x000000060b000000| PB 0x000000060b000000| Complete |  0
| 268|0x000000060c000000, 0x000000060d000000, 0x000000060d000000|100%| O|  |TAMS 0x000000060c000000| PB 0x000000060c000000| Untracked |  0
| 269|0x000000060d000000, 0x000000060e000000, 0x000000060e000000|100%| O|  |TAMS 0x000000060d000000| PB 0x000000060d000000| Untracked |  0
| 270|0x000000060e000000, 0x000000060f000000, 0x000000060f000000|100%| O|  |TAMS 0x000000060e000000| PB 0x000000060e000000| Untracked |  0
| 271|0x000000060f000000, 0x0000000610000000, 0x0000000610000000|100%| O|  |TAMS 0x000000060f000000| PB 0x000000060f000000| Untracked |  0
| 272|0x0000000610000000, 0x0000000611000000, 0x0000000611000000|100%| O|  |TAMS 0x0000000610000000| PB 0x0000000610000000| Untracked |  0
| 273|0x0000000611000000, 0x0000000612000000, 0x0000000612000000|100%| O|  |TAMS 0x0000000611000000| PB 0x0000000611000000| Untracked |  0
| 274|0x0000000612000000, 0x0000000613000000, 0x0000000613000000|100%| O|  |TAMS 0x0000000612000000| PB 0x0000000612000000| Untracked |  0
| 275|0x0000000613000000, 0x0000000614000000, 0x0000000614000000|100%| O|  |TAMS 0x0000000613000000| PB 0x0000000613000000| Untracked |  0
| 276|0x0000000614000000, 0x0000000615000000, 0x0000000615000000|100%| O|  |TAMS 0x0000000614000000| PB 0x0000000614000000| Untracked |  0
| 277|0x0000000615000000, 0x0000000616000000, 0x0000000616000000|100%| O|  |TAMS 0x0000000615000000| PB 0x0000000615000000| Untracked |  0
| 278|0x0000000616000000, 0x0000000617000000, 0x0000000617000000|100%| O|  |TAMS 0x0000000616000000| PB 0x0000000616000000| Untracked |  0
| 279|0x0000000617000000, 0x0000000618000000, 0x0000000618000000|100%| O|  |TAMS 0x0000000617000000| PB 0x0000000617000000| Untracked |  0
| 280|0x0000000618000000, 0x0000000619000000, 0x0000000619000000|100%| O|  |TAMS 0x0000000618000000| PB 0x0000000618000000| Untracked |  0
| 281|0x0000000619000000, 0x000000061a000000, 0x000000061a000000|100%| O|  |TAMS 0x0000000619000000| PB 0x0000000619000000| Untracked |  0
| 282|0x000000061a000000, 0x000000061b000000, 0x000000061b000000|100%| O|  |TAMS 0x000000061a000000| PB 0x000000061a000000| Untracked |  0
| 283|0x000000061b000000, 0x000000061c000000, 0x000000061c000000|100%| O|  |TAMS 0x000000061b000000| PB 0x000000061b000000| Untracked |  0
| 284|0x000000061c000000, 0x000000061d000000, 0x000000061d000000|100%| O|  |TAMS 0x000000061c000000| PB 0x000000061c000000| Untracked |  0
| 285|0x000000061d000000, 0x000000061e000000, 0x000000061e000000|100%| O|  |TAMS 0x000000061d000000| PB 0x000000061d000000| Untracked |  0
| 286|0x000000061e000000, 0x000000061f000000, 0x000000061f000000|100%| O|  |TAMS 0x000000061e000000| PB 0x000000061e000000| Untracked |  0
| 287|0x000000061f000000, 0x0000000620000000, 0x0000000620000000|100%| O|  |TAMS 0x000000061f000000| PB 0x000000061f000000| Untracked |  0
| 288|0x0000000620000000, 0x0000000621000000, 0x0000000621000000|100%| O|  |TAMS 0x0000000620000000| PB 0x0000000620000000| Untracked |  0
| 289|0x0000000621000000, 0x0000000622000000, 0x0000000622000000|100%| O|  |TAMS 0x0000000621000000| PB 0x0000000621000000| Untracked |  0
| 290|0x0000000622000000, 0x0000000623000000, 0x0000000623000000|100%| O|  |TAMS 0x0000000622000000| PB 0x0000000622000000| Untracked |  0
| 291|0x0000000623000000, 0x0000000624000000, 0x0000000624000000|100%| O|  |TAMS 0x0000000623000000| PB 0x0000000623000000| Untracked |  0
| 292|0x0000000624000000, 0x0000000625000000, 0x0000000625000000|100%| O|  |TAMS 0x0000000624000000| PB 0x0000000624000000| Untracked |  0
| 293|0x0000000625000000, 0x0000000626000000, 0x0000000626000000|100%| O|  |TAMS 0x0000000625000000| PB 0x0000000625000000| Untracked |  0
| 294|0x0000000626000000, 0x0000000627000000, 0x0000000627000000|100%| O|  |TAMS 0x0000000626000000| PB 0x0000000626000000| Untracked |  0
| 295|0x0000000627000000, 0x0000000628000000, 0x0000000628000000|100%| O|  |TAMS 0x0000000627000000| PB 0x0000000627000000| Untracked |  0
| 296|0x0000000628000000, 0x0000000629000000, 0x0000000629000000|100%| O|  |TAMS 0x0000000628000000| PB 0x0000000628000000| Untracked |  0
| 297|0x0000000629000000, 0x000000062a000000, 0x000000062a000000|100%| O|  |TAMS 0x0000000629000000| PB 0x0000000629000000| Untracked |  0
| 298|0x000000062a000000, 0x000000062b000000, 0x000000062b000000|100%| O|  |TAMS 0x000000062a000000| PB 0x000000062a000000| Untracked |  0
| 299|0x000000062b000000, 0x000000062c000000, 0x000000062c000000|100%| O|  |TAMS 0x000000062b000000| PB 0x000000062b000000| Untracked |  0
| 300|0x000000062c000000, 0x000000062d000000, 0x000000062d000000|100%| O|  |TAMS 0x000000062c000000| PB 0x000000062c000000| Untracked |  0
| 301|0x000000062d000000, 0x000000062e000000, 0x000000062e000000|100%| O|  |TAMS 0x000000062d000000| PB 0x000000062d000000| Untracked |  0
| 302|0x000000062e000000, 0x000000062f000000, 0x000000062f000000|100%| O|  |TAMS 0x000000062e000000| PB 0x000000062e000000| Untracked |  0
| 303|0x000000062f000000, 0x0000000630000000, 0x0000000630000000|100%| O|  |TAMS 0x000000062f000000| PB 0x000000062f000000| Untracked |  0
| 304|0x0000000630000000, 0x0000000631000000, 0x0000000631000000|100%| O|  |TAMS 0x0000000630000000| PB 0x0000000630000000| Untracked |  0
| 305|0x0000000631000000, 0x0000000632000000, 0x0000000632000000|100%| O|  |TAMS 0x0000000631000000| PB 0x0000000631000000| Untracked |  0
| 306|0x0000000632000000, 0x0000000633000000, 0x0000000633000000|100%| O|  |TAMS 0x0000000632000000| PB 0x0000000632000000| Untracked |  0
| 307|0x0000000633000000, 0x0000000634000000, 0x0000000634000000|100%| O|  |TAMS 0x0000000633000000| PB 0x0000000633000000| Untracked |  0
| 308|0x0000000634000000, 0x0000000635000000, 0x0000000635000000|100%| O|  |TAMS 0x0000000634000000| PB 0x0000000634000000| Untracked |  0
| 309|0x0000000635000000, 0x0000000636000000, 0x0000000636000000|100%| O|  |TAMS 0x0000000635000000| PB 0x0000000635000000| Untracked |  0
| 310|0x0000000636000000, 0x0000000637000000, 0x0000000637000000|100%| O|  |TAMS 0x0000000636000000| PB 0x0000000636000000| Untracked |  0
| 311|0x0000000637000000, 0x0000000638000000, 0x0000000638000000|100%| O|  |TAMS 0x0000000637000000| PB 0x0000000637000000| Untracked |  0
| 312|0x0000000638000000, 0x0000000639000000, 0x0000000639000000|100%| O|  |TAMS 0x0000000638000000| PB 0x0000000638000000| Untracked |  0
| 313|0x0000000639000000, 0x000000063a000000, 0x000000063a000000|100%| O|  |TAMS 0x0000000639000000| PB 0x0000000639000000| Untracked |  0
| 314|0x000000063a000000, 0x000000063b000000, 0x000000063b000000|100%| O|  |TAMS 0x000000063a000000| PB 0x000000063a000000| Untracked |  0
| 315|0x000000063b000000, 0x000000063c000000, 0x000000063c000000|100%| O|  |TAMS 0x000000063b000000| PB 0x000000063b000000| Untracked |  0
| 316|0x000000063c000000, 0x000000063d000000, 0x000000063d000000|100%| O|  |TAMS 0x000000063c000000| PB 0x000000063c000000| Untracked |  0
| 317|0x000000063d000000, 0x000000063e000000, 0x000000063e000000|100%| O|  |TAMS 0x000000063d000000| PB 0x000000063d000000| Untracked |  0
| 318|0x000000063e000000, 0x000000063f000000, 0x000000063f000000|100%| O|  |TAMS 0x000000063e000000| PB 0x000000063e000000| Untracked |  0
| 319|0x000000063f000000, 0x0000000640000000, 0x0000000640000000|100%| O|  |TAMS 0x000000063f000000| PB 0x000000063f000000| Untracked |  0
| 320|0x0000000640000000, 0x0000000641000000, 0x0000000641000000|100%| O|  |TAMS 0x0000000640000000| PB 0x0000000640000000| Untracked |  0
| 321|0x0000000641000000, 0x0000000642000000, 0x0000000642000000|100%| O|  |TAMS 0x0000000641000000| PB 0x0000000641000000| Untracked |  0
| 322|0x0000000642000000, 0x0000000643000000, 0x0000000643000000|100%| O|  |TAMS 0x0000000642000000| PB 0x0000000642000000| Untracked |  0
| 323|0x0000000643000000, 0x0000000644000000, 0x0000000644000000|100%| O|  |TAMS 0x0000000643000000| PB 0x0000000643000000| Untracked |  0
| 324|0x0000000644000000, 0x0000000645000000, 0x0000000645000000|100%| O|  |TAMS 0x0000000644000000| PB 0x0000000644000000| Untracked |  0
| 325|0x0000000645000000, 0x0000000646000000, 0x0000000646000000|100%| O|  |TAMS 0x0000000645000000| PB 0x0000000645000000| Untracked |  0
| 326|0x0000000646000000, 0x0000000647000000, 0x0000000647000000|100%| O|  |TAMS 0x0000000646000000| PB 0x0000000646000000| Untracked |  0
| 327|0x0000000647000000, 0x0000000648000000, 0x0000000648000000|100%| O|  |TAMS 0x0000000647000000| PB 0x0000000647000000| Untracked |  0
| 328|0x0000000648000000, 0x0000000649000000, 0x0000000649000000|100%| O|  |TAMS 0x0000000648000000| PB 0x0000000648000000| Untracked |  0
| 329|0x0000000649000000, 0x000000064a000000, 0x000000064a000000|100%| O|  |TAMS 0x0000000649000000| PB 0x0000000649000000| Untracked |  0
| 330|0x000000064a000000, 0x000000064b000000, 0x000000064b000000|100%| O|  |TAMS 0x000000064a000000| PB 0x000000064a000000| Untracked |  0
| 331|0x000000064b000000, 0x000000064c000000, 0x000000064c000000|100%| O|  |TAMS 0x000000064b000000| PB 0x000000064b000000| Untracked |  0
| 332|0x000000064c000000, 0x000000064d000000, 0x000000064d000000|100%| O|  |TAMS 0x000000064c000000| PB 0x000000064c000000| Untracked |  0
| 333|0x000000064d000000, 0x000000064e000000, 0x000000064e000000|100%| O|  |TAMS 0x000000064d000000| PB 0x000000064d000000| Untracked |  0
| 334|0x000000064e000000, 0x000000064f000000, 0x000000064f000000|100%| O|  |TAMS 0x000000064e000000| PB 0x000000064e000000| Untracked |  0
| 335|0x000000064f000000, 0x0000000650000000, 0x0000000650000000|100%| O|  |TAMS 0x000000064f000000| PB 0x000000064f000000| Untracked |  0
| 336|0x0000000650000000, 0x0000000651000000, 0x0000000651000000|100%|HS|  |TAMS 0x0000000650000000| PB 0x0000000650000000| Complete |  0
| 337|0x0000000651000000, 0x0000000652000000, 0x0000000652000000|100%| O|  |TAMS 0x0000000651000000| PB 0x0000000651000000| Untracked |  0
| 338|0x0000000652000000, 0x0000000653000000, 0x0000000653000000|100%| O|  |TAMS 0x0000000652000000| PB 0x0000000652000000| Untracked |  0
| 339|0x0000000653000000, 0x0000000654000000, 0x0000000654000000|100%| O|  |TAMS 0x0000000653000000| PB 0x0000000653000000| Untracked |  0
| 340|0x0000000654000000, 0x0000000655000000, 0x0000000655000000|100%| O|  |TAMS 0x0000000654000000| PB 0x0000000654000000| Untracked |  0
| 341|0x0000000655000000, 0x0000000656000000, 0x0000000656000000|100%| O|  |TAMS 0x0000000655000000| PB 0x0000000655000000| Untracked |  0
| 342|0x0000000656000000, 0x0000000657000000, 0x0000000657000000|100%| O|  |TAMS 0x0000000656000000| PB 0x0000000656000000| Untracked |  0
| 343|0x0000000657000000, 0x0000000658000000, 0x0000000658000000|100%| O|  |TAMS 0x0000000657000000| PB 0x0000000657000000| Untracked |  0
| 344|0x0000000658000000, 0x0000000659000000, 0x0000000659000000|100%| O|  |TAMS 0x0000000658000000| PB 0x0000000658000000| Untracked |  0
| 345|0x0000000659000000, 0x000000065a000000, 0x000000065a000000|100%| O|  |TAMS 0x0000000659000000| PB 0x0000000659000000| Untracked |  0
| 346|0x000000065a000000, 0x000000065b000000, 0x000000065b000000|100%| O|  |TAMS 0x000000065a000000| PB 0x000000065a000000| Untracked |  0
| 347|0x000000065b000000, 0x000000065c000000, 0x000000065c000000|100%| O|  |TAMS 0x000000065b000000| PB 0x000000065b000000| Untracked |  0
| 348|0x000000065c000000, 0x000000065d000000, 0x000000065d000000|100%| O|  |TAMS 0x000000065c000000| PB 0x000000065c000000| Untracked |  0
| 349|0x000000065d000000, 0x000000065e000000, 0x000000065e000000|100%| O|  |TAMS 0x000000065d000000| PB 0x000000065d000000| Untracked |  0
| 350|0x000000065e000000, 0x000000065f000000, 0x000000065f000000|100%| O|  |TAMS 0x000000065e000000| PB 0x000000065e000000| Untracked |  0
| 351|0x000000065f000000, 0x0000000660000000, 0x0000000660000000|100%| O|  |TAMS 0x000000065f000000| PB 0x000000065f000000| Untracked |  0
| 352|0x0000000660000000, 0x0000000661000000, 0x0000000661000000|100%| O|  |TAMS 0x0000000660000000| PB 0x0000000660000000| Untracked |  0
| 353|0x0000000661000000, 0x0000000662000000, 0x0000000662000000|100%| O|  |TAMS 0x0000000661000000| PB 0x0000000661000000| Untracked |  0
| 354|0x0000000662000000, 0x0000000663000000, 0x0000000663000000|100%| O|  |TAMS 0x0000000662000000| PB 0x0000000662000000| Untracked |  0
| 355|0x0000000663000000, 0x0000000664000000, 0x0000000664000000|100%| O|  |TAMS 0x0000000663000000| PB 0x0000000663000000| Untracked |  0
| 356|0x0000000664000000, 0x0000000665000000, 0x0000000665000000|100%| O|  |TAMS 0x0000000664000000| PB 0x0000000664000000| Untracked |  0
| 357|0x0000000665000000, 0x0000000666000000, 0x0000000666000000|100%| O|  |TAMS 0x0000000665000000| PB 0x0000000665000000| Untracked |  0
| 358|0x0000000666000000, 0x0000000667000000, 0x0000000667000000|100%| O|  |TAMS 0x0000000666000000| PB 0x0000000666000000| Untracked |  0
| 359|0x0000000667000000, 0x0000000668000000, 0x0000000668000000|100%| O|  |TAMS 0x0000000667000000| PB 0x0000000667000000| Untracked |  0
| 360|0x0000000668000000, 0x0000000668000000, 0x0000000669000000|  0%| F|  |TAMS 0x0000000668000000| PB 0x0000000668000000| Untracked |  0
| 361|0x0000000669000000, 0x000000066a000000, 0x000000066a000000|100%| O|  |TAMS 0x0000000669000000| PB 0x0000000669000000| Untracked |  0
| 362|0x000000066a000000, 0x000000066b000000, 0x000000066b000000|100%| O|  |TAMS 0x000000066a000000| PB 0x000000066a000000| Untracked |  0
| 363|0x000000066b000000, 0x000000066c000000, 0x000000066c000000|100%| O|  |TAMS 0x000000066b000000| PB 0x000000066b000000| Untracked |  0
| 364|0x000000066c000000, 0x000000066d000000, 0x000000066d000000|100%| O|  |TAMS 0x000000066c000000| PB 0x000000066c000000| Untracked |  0
| 365|0x000000066d000000, 0x000000066e000000, 0x000000066e000000|100%| O|  |TAMS 0x000000066d000000| PB 0x000000066d000000| Untracked |  0
| 366|0x000000066e000000, 0x000000066f000000, 0x000000066f000000|100%| O|  |TAMS 0x000000066e000000| PB 0x000000066e000000| Untracked |  0
| 367|0x000000066f000000, 0x0000000670000000, 0x0000000670000000|100%| O|  |TAMS 0x000000066f000000| PB 0x000000066f000000| Untracked |  0
| 368|0x0000000670000000, 0x0000000671000000, 0x0000000671000000|100%| O|  |TAMS 0x0000000670000000| PB 0x0000000670000000| Untracked |  0
| 369|0x0000000671000000, 0x0000000672000000, 0x0000000672000000|100%| O|  |TAMS 0x0000000671000000| PB 0x0000000671000000| Untracked |  0
| 370|0x0000000672000000, 0x0000000672000000, 0x0000000673000000|  0%| F|  |TAMS 0x0000000672000000| PB 0x0000000672000000| Untracked |  0
| 371|0x0000000673000000, 0x0000000673000000, 0x0000000674000000|  0%| F|  |TAMS 0x0000000673000000| PB 0x0000000673000000| Untracked |  0
| 372|0x0000000674000000, 0x0000000675000000, 0x0000000675000000|100%| O|  |TAMS 0x0000000674000000| PB 0x0000000674000000| Untracked |  0
| 373|0x0000000675000000, 0x0000000675000000, 0x0000000676000000|  0%| F|  |TAMS 0x0000000675000000| PB 0x0000000675000000| Untracked |  0
| 374|0x0000000676000000, 0x0000000676000000, 0x0000000677000000|  0%| F|  |TAMS 0x0000000676000000| PB 0x0000000676000000| Untracked |  0
| 375|0x0000000677000000, 0x0000000677000000, 0x0000000678000000|  0%| F|  |TAMS 0x0000000677000000| PB 0x0000000677000000| Untracked |  0
| 376|0x0000000678000000, 0x0000000679000000, 0x0000000679000000|100%| O|  |TAMS 0x0000000678000000| PB 0x0000000678000000| Untracked |  0
| 377|0x0000000679000000, 0x0000000679000000, 0x000000067a000000|  0%| F|  |TAMS 0x0000000679000000| PB 0x0000000679000000| Untracked |  0
| 378|0x000000067a000000, 0x000000067a000000, 0x000000067b000000|  0%| F|  |TAMS 0x000000067a000000| PB 0x000000067a000000| Untracked |  0
| 379|0x000000067b000000, 0x000000067c000000, 0x000000067c000000|100%| O|  |TAMS 0x000000067b000000| PB 0x000000067b000000| Untracked |  0
| 380|0x000000067c000000, 0x000000067c000000, 0x000000067d000000|  0%| F|  |TAMS 0x000000067c000000| PB 0x000000067c000000| Untracked |  0
| 381|0x000000067d000000, 0x000000067e000000, 0x000000067e000000|100%| O|  |TAMS 0x000000067d000000| PB 0x000000067d000000| Untracked |  0
| 382|0x000000067e000000, 0x000000067f000000, 0x000000067f000000|100%| O|  |TAMS 0x000000067e000000| PB 0x000000067e000000| Untracked |  0
| 383|0x000000067f000000, 0x0000000680000000, 0x0000000680000000|100%| O|  |TAMS 0x000000067f000000| PB 0x000000067f000000| Untracked |  0
| 384|0x0000000680000000, 0x0000000680000000, 0x0000000681000000|  0%| F|  |TAMS 0x0000000680000000| PB 0x0000000680000000| Untracked |  0
| 385|0x0000000681000000, 0x0000000682000000, 0x0000000682000000|100%| O|  |TAMS 0x0000000681000000| PB 0x0000000681000000| Untracked |  0
| 386|0x0000000682000000, 0x0000000683000000, 0x0000000683000000|100%| O|  |TAMS 0x0000000682000000| PB 0x0000000682000000| Untracked |  0
| 387|0x0000000683000000, 0x0000000683000000, 0x0000000684000000|  0%| F|  |TAMS 0x0000000683000000| PB 0x0000000683000000| Untracked |  0
| 388|0x0000000684000000, 0x0000000685000000, 0x0000000685000000|100%| O|  |TAMS 0x0000000684000000| PB 0x0000000684000000| Untracked |  0
| 389|0x0000000685000000, 0x0000000686000000, 0x0000000686000000|100%| O|  |TAMS 0x0000000685000000| PB 0x0000000685000000| Untracked |  0
| 390|0x0000000686000000, 0x0000000687000000, 0x0000000687000000|100%| O|  |TAMS 0x0000000686000000| PB 0x0000000686000000| Untracked |  0
| 391|0x0000000687000000, 0x0000000688000000, 0x0000000688000000|100%| O|  |TAMS 0x0000000687000000| PB 0x0000000687000000| Untracked |  0
| 392|0x0000000688000000, 0x0000000689000000, 0x0000000689000000|100%| O|  |TAMS 0x0000000688000000| PB 0x0000000688000000| Untracked |  0
| 393|0x0000000689000000, 0x000000068a000000, 0x000000068a000000|100%| O|  |TAMS 0x0000000689000000| PB 0x0000000689000000| Untracked |  0
| 394|0x000000068a000000, 0x000000068b000000, 0x000000068b000000|100%| O|  |TAMS 0x000000068a000000| PB 0x000000068a000000| Untracked |  0
| 395|0x000000068b000000, 0x000000068c000000, 0x000000068c000000|100%| O|  |TAMS 0x000000068b000000| PB 0x000000068b000000| Untracked |  0
| 396|0x000000068c000000, 0x000000068d000000, 0x000000068d000000|100%| O|  |TAMS 0x000000068c000000| PB 0x000000068c000000| Untracked |  0
| 397|0x000000068d000000, 0x000000068d000000, 0x000000068e000000|  0%| F|  |TAMS 0x000000068d000000| PB 0x000000068d000000| Untracked |  0
| 398|0x000000068e000000, 0x000000068e000000, 0x000000068f000000|  0%| F|  |TAMS 0x000000068e000000| PB 0x000000068e000000| Untracked |  0
| 399|0x000000068f000000, 0x000000068f000000, 0x0000000690000000|  0%| F|  |TAMS 0x000000068f000000| PB 0x000000068f000000| Untracked |  0
| 400|0x0000000690000000, 0x0000000691000000, 0x0000000691000000|100%| O|  |TAMS 0x0000000690000000| PB 0x0000000690000000| Untracked |  0
| 401|0x0000000691000000, 0x0000000692000000, 0x0000000692000000|100%| O|  |TAMS 0x0000000691000000| PB 0x0000000691000000| Untracked |  0
| 402|0x0000000692000000, 0x0000000692000000, 0x0000000693000000|  0%| F|  |TAMS 0x0000000692000000| PB 0x0000000692000000| Untracked |  0
| 403|0x0000000693000000, 0x0000000693000000, 0x0000000694000000|  0%| F|  |TAMS 0x0000000693000000| PB 0x0000000693000000| Untracked |  0
| 404|0x0000000694000000, 0x0000000694000000, 0x0000000695000000|  0%| F|  |TAMS 0x0000000694000000| PB 0x0000000694000000| Untracked |  0
| 405|0x0000000695000000, 0x0000000696000000, 0x0000000696000000|100%| O|  |TAMS 0x0000000695000000| PB 0x0000000695000000| Untracked |  0
| 406|0x0000000696000000, 0x0000000697000000, 0x0000000697000000|100%| O|  |TAMS 0x0000000696000000| PB 0x0000000696000000| Untracked |  0
| 407|0x0000000697000000, 0x0000000698000000, 0x0000000698000000|100%| O|  |TAMS 0x0000000697000000| PB 0x0000000697000000| Untracked |  0
| 408|0x0000000698000000, 0x0000000698000000, 0x0000000699000000|  0%| F|  |TAMS 0x0000000698000000| PB 0x0000000698000000| Untracked |  0
| 409|0x0000000699000000, 0x000000069a000000, 0x000000069a000000|100%| O|  |TAMS 0x0000000699000000| PB 0x0000000699000000| Untracked |  0
| 410|0x000000069a000000, 0x000000069a000000, 0x000000069b000000|  0%| F|  |TAMS 0x000000069a000000| PB 0x000000069a000000| Untracked |  0
| 411|0x000000069b000000, 0x000000069c000000, 0x000000069c000000|100%| O|  |TAMS 0x000000069b000000| PB 0x000000069b000000| Untracked |  0
| 412|0x000000069c000000, 0x000000069c000000, 0x000000069d000000|  0%| F|  |TAMS 0x000000069c000000| PB 0x000000069c000000| Untracked |  0
| 413|0x000000069d000000, 0x000000069e000000, 0x000000069e000000|100%| O|  |TAMS 0x000000069d000000| PB 0x000000069d000000| Untracked |  0
| 414|0x000000069e000000, 0x000000069e000000, 0x000000069f000000|  0%| F|  |TAMS 0x000000069e000000| PB 0x000000069e000000| Untracked |  0
| 415|0x000000069f000000, 0x000000069f000000, 0x00000006a0000000|  0%| F|  |TAMS 0x000000069f000000| PB 0x000000069f000000| Untracked |  0
| 416|0x00000006a0000000, 0x00000006a0000000, 0x00000006a1000000|  0%| F|  |TAMS 0x00000006a0000000| PB 0x00000006a0000000| Untracked |  0
| 417|0x00000006a1000000, 0x00000006a1000000, 0x00000006a2000000|  0%| F|  |TAMS 0x00000006a1000000| PB 0x00000006a1000000| Untracked |  0
| 418|0x00000006a2000000, 0x00000006a2000000, 0x00000006a3000000|  0%| F|  |TAMS 0x00000006a2000000| PB 0x00000006a2000000| Untracked |  0
| 419|0x00000006a3000000, 0x00000006a4000000, 0x00000006a4000000|100%| O|  |TAMS 0x00000006a3000000| PB 0x00000006a3000000| Untracked |  0
| 420|0x00000006a4000000, 0x00000006a4000000, 0x00000006a5000000|  0%| F|  |TAMS 0x00000006a4000000| PB 0x00000006a4000000| Untracked |  0
| 421|0x00000006a5000000, 0x00000006a5000000, 0x00000006a6000000|  0%| F|  |TAMS 0x00000006a5000000| PB 0x00000006a5000000| Untracked |  0
| 422|0x00000006a6000000, 0x00000006a7000000, 0x00000006a7000000|100%| O|  |TAMS 0x00000006a6000000| PB 0x00000006a6000000| Untracked |  0
| 423|0x00000006a7000000, 0x00000006a8000000, 0x00000006a8000000|100%| O|  |TAMS 0x00000006a7000000| PB 0x00000006a7000000| Untracked |  0
| 424|0x00000006a8000000, 0x00000006a8000000, 0x00000006a9000000|  0%| F|  |TAMS 0x00000006a8000000| PB 0x00000006a8000000| Untracked |  0
| 425|0x00000006a9000000, 0x00000006aa000000, 0x00000006aa000000|100%| O|  |TAMS 0x00000006a9000000| PB 0x00000006a9000000| Untracked |  0
| 426|0x00000006aa000000, 0x00000006aa000000, 0x00000006ab000000|  0%| F|  |TAMS 0x00000006aa000000| PB 0x00000006aa000000| Untracked |  0
| 427|0x00000006ab000000, 0x00000006ac000000, 0x00000006ac000000|100%| O|  |TAMS 0x00000006ab000000| PB 0x00000006ab000000| Untracked |  0
| 428|0x00000006ac000000, 0x00000006ac000000, 0x00000006ad000000|  0%| F|  |TAMS 0x00000006ac000000| PB 0x00000006ac000000| Untracked |  0
| 429|0x00000006ad000000, 0x00000006ae000000, 0x00000006ae000000|100%| O|  |TAMS 0x00000006ad000000| PB 0x00000006ad000000| Untracked |  0
| 430|0x00000006ae000000, 0x00000006ae000000, 0x00000006af000000|  0%| F|  |TAMS 0x00000006ae000000| PB 0x00000006ae000000| Untracked |  0
| 431|0x00000006af000000, 0x00000006af000000, 0x00000006b0000000|  0%| F|  |TAMS 0x00000006af000000| PB 0x00000006af000000| Untracked |  0
| 432|0x00000006b0000000, 0x00000006b0000000, 0x00000006b1000000|  0%| F|  |TAMS 0x00000006b0000000| PB 0x00000006b0000000| Untracked |  0
| 433|0x00000006b1000000, 0x00000006b2000000, 0x00000006b2000000|100%| O|  |TAMS 0x00000006b1000000| PB 0x00000006b1000000| Untracked |  0
| 434|0x00000006b2000000, 0x00000006b2000000, 0x00000006b3000000|  0%| F|  |TAMS 0x00000006b2000000| PB 0x00000006b2000000| Untracked |  0
| 435|0x00000006b3000000, 0x00000006b4000000, 0x00000006b4000000|100%| O|  |TAMS 0x00000006b3000000| PB 0x00000006b3000000| Untracked |  0
| 436|0x00000006b4000000, 0x00000006b4000000, 0x00000006b5000000|  0%| F|  |TAMS 0x00000006b4000000| PB 0x00000006b4000000| Untracked |  0
| 437|0x00000006b5000000, 0x00000006b5000000, 0x00000006b6000000|  0%| F|  |TAMS 0x00000006b5000000| PB 0x00000006b5000000| Untracked |  0
| 438|0x00000006b6000000, 0x00000006b6000000, 0x00000006b7000000|  0%| F|  |TAMS 0x00000006b6000000| PB 0x00000006b6000000| Untracked |  0
| 439|0x00000006b7000000, 0x00000006b8000000, 0x00000006b8000000|100%| O|  |TAMS 0x00000006b7000000| PB 0x00000006b7000000| Untracked |  0
| 440|0x00000006b8000000, 0x00000006b9000000, 0x00000006b9000000|100%| O|  |TAMS 0x00000006b8000000| PB 0x00000006b8000000| Untracked |  0
| 441|0x00000006b9000000, 0x00000006b9000000, 0x00000006ba000000|  0%| F|  |TAMS 0x00000006b9000000| PB 0x00000006b9000000| Untracked |  0
| 442|0x00000006ba000000, 0x00000006ba000000, 0x00000006bb000000|  0%| F|  |TAMS 0x00000006ba000000| PB 0x00000006ba000000| Untracked |  0
| 443|0x00000006bb000000, 0x00000006bb000000, 0x00000006bc000000|  0%| F|  |TAMS 0x00000006bb000000| PB 0x00000006bb000000| Untracked |  0
| 444|0x00000006bc000000, 0x00000006bc000000, 0x00000006bd000000|  0%| F|  |TAMS 0x00000006bc000000| PB 0x00000006bc000000| Untracked |  0
| 445|0x00000006bd000000, 0x00000006bd000000, 0x00000006be000000|  0%| F|  |TAMS 0x00000006bd000000| PB 0x00000006bd000000| Untracked |  0
| 446|0x00000006be000000, 0x00000006be000000, 0x00000006bf000000|  0%| F|  |TAMS 0x00000006be000000| PB 0x00000006be000000| Untracked |  0
| 447|0x00000006bf000000, 0x00000006bf000000, 0x00000006c0000000|  0%| F|  |TAMS 0x00000006bf000000| PB 0x00000006bf000000| Untracked |  0
| 448|0x00000006c0000000, 0x00000006c0000000, 0x00000006c1000000|  0%| F|  |TAMS 0x00000006c0000000| PB 0x00000006c0000000| Untracked |  0
| 449|0x00000006c1000000, 0x00000006c1000000, 0x00000006c2000000|  0%| F|  |TAMS 0x00000006c1000000| PB 0x00000006c1000000| Untracked |  0
| 450|0x00000006c2000000, 0x00000006c2000000, 0x00000006c3000000|  0%| F|  |TAMS 0x00000006c2000000| PB 0x00000006c2000000| Untracked |  0
| 451|0x00000006c3000000, 0x00000006c3000000, 0x00000006c4000000|  0%| F|  |TAMS 0x00000006c3000000| PB 0x00000006c3000000| Untracked |  0
| 452|0x00000006c4000000, 0x00000006c5000000, 0x00000006c5000000|100%| O|  |TAMS 0x00000006c4000000| PB 0x00000006c4000000| Untracked |  0
| 453|0x00000006c5000000, 0x00000006c5000000, 0x00000006c6000000|  0%| F|  |TAMS 0x00000006c5000000| PB 0x00000006c5000000| Untracked |  0
| 454|0x00000006c6000000, 0x00000006c7000000, 0x00000006c7000000|100%| O|  |TAMS 0x00000006c6000000| PB 0x00000006c6000000| Untracked |  0
| 455|0x00000006c7000000, 0x00000006c8000000, 0x00000006c8000000|100%| O|  |TAMS 0x00000006c7000000| PB 0x00000006c7000000| Untracked |  0
| 456|0x00000006c8000000, 0x00000006c9000000, 0x00000006c9000000|100%| O|  |TAMS 0x00000006c8000000| PB 0x00000006c8000000| Untracked |  0
| 457|0x00000006c9000000, 0x00000006ca000000, 0x00000006ca000000|100%| O|  |TAMS 0x00000006c9000000| PB 0x00000006c9000000| Untracked |  0
| 458|0x00000006ca000000, 0x00000006cb000000, 0x00000006cb000000|100%| O|  |TAMS 0x00000006ca000000| PB 0x00000006ca000000| Untracked |  0
| 459|0x00000006cb000000, 0x00000006cc000000, 0x00000006cc000000|100%| O|  |TAMS 0x00000006cb000000| PB 0x00000006cb000000| Untracked |  0
| 460|0x00000006cc000000, 0x00000006cc000000, 0x00000006cd000000|  0%| F|  |TAMS 0x00000006cc000000| PB 0x00000006cc000000| Untracked |  0
| 461|0x00000006cd000000, 0x00000006cd000000, 0x00000006ce000000|  0%| F|  |TAMS 0x00000006cd000000| PB 0x00000006cd000000| Untracked |  0
| 462|0x00000006ce000000, 0x00000006cf000000, 0x00000006cf000000|100%| O|  |TAMS 0x00000006ce000000| PB 0x00000006ce000000| Untracked |  0
| 463|0x00000006cf000000, 0x00000006cf000000, 0x00000006d0000000|  0%| F|  |TAMS 0x00000006cf000000| PB 0x00000006cf000000| Untracked |  0
| 464|0x00000006d0000000, 0x00000006d1000000, 0x00000006d1000000|100%| O|  |TAMS 0x00000006d0000000| PB 0x00000006d0000000| Untracked |  0
| 465|0x00000006d1000000, 0x00000006d2000000, 0x00000006d2000000|100%| O|  |TAMS 0x00000006d1000000| PB 0x00000006d1000000| Untracked |  0
| 466|0x00000006d2000000, 0x00000006d2000000, 0x00000006d3000000|  0%| F|  |TAMS 0x00000006d2000000| PB 0x00000006d2000000| Untracked |  0
| 467|0x00000006d3000000, 0x00000006d4000000, 0x00000006d4000000|100%| O|  |TAMS 0x00000006d3000000| PB 0x00000006d3000000| Untracked |  0
| 468|0x00000006d4000000, 0x00000006d5000000, 0x00000006d5000000|100%|HS|  |TAMS 0x00000006d4000000| PB 0x00000006d4000000| Complete |  0
| 469|0x00000006d5000000, 0x00000006d6000000, 0x00000006d6000000|100%|HC|  |TAMS 0x00000006d5000000| PB 0x00000006d5000000| Complete |  0
| 470|0x00000006d6000000, 0x00000006d7000000, 0x00000006d7000000|100%|HC|  |TAMS 0x00000006d6000000| PB 0x00000006d6000000| Complete |  0
| 471|0x00000006d7000000, 0x00000006d8000000, 0x00000006d8000000|100%|HC|  |TAMS 0x00000006d7000000| PB 0x00000006d7000000| Complete |  0
| 472|0x00000006d8000000, 0x00000006d9000000, 0x00000006d9000000|100%|HC|  |TAMS 0x00000006d8000000| PB 0x00000006d8000000| Complete |  0
| 473|0x00000006d9000000, 0x00000006d9000000, 0x00000006da000000|  0%| F|  |TAMS 0x00000006d9000000| PB 0x00000006d9000000| Untracked |  0
| 474|0x00000006da000000, 0x00000006da000000, 0x00000006db000000|  0%| F|  |TAMS 0x00000006da000000| PB 0x00000006da000000| Untracked |  0
| 475|0x00000006db000000, 0x00000006dc000000, 0x00000006dc000000|100%| O|  |TAMS 0x00000006db000000| PB 0x00000006db000000| Untracked |  0
| 476|0x00000006dc000000, 0x00000006dd000000, 0x00000006dd000000|100%| O|  |TAMS 0x00000006dc000000| PB 0x00000006dc000000| Untracked |  0
| 477|0x00000006dd000000, 0x00000006dd000000, 0x00000006de000000|  0%| F|  |TAMS 0x00000006dd000000| PB 0x00000006dd000000| Untracked |  0
| 478|0x00000006de000000, 0x00000006df000000, 0x00000006df000000|100%| O|  |TAMS 0x00000006de000000| PB 0x00000006de000000| Untracked |  0
| 479|0x00000006df000000, 0x00000006e0000000, 0x00000006e0000000|100%| O|  |TAMS 0x00000006df000000| PB 0x00000006df000000| Untracked |  0
| 480|0x00000006e0000000, 0x00000006e1000000, 0x00000006e1000000|100%| O|  |TAMS 0x00000006e0000000| PB 0x00000006e0000000| Untracked |  0
| 481|0x00000006e1000000, 0x00000006e2000000, 0x00000006e2000000|100%| O|  |TAMS 0x00000006e1000000| PB 0x00000006e1000000| Untracked |  0
| 482|0x00000006e2000000, 0x00000006e3000000, 0x00000006e3000000|100%| O|  |TAMS 0x00000006e2000000| PB 0x00000006e2000000| Untracked |  0
| 483|0x00000006e3000000, 0x00000006e3000000, 0x00000006e4000000|  0%| F|  |TAMS 0x00000006e3000000| PB 0x00000006e3000000| Untracked |  0
| 484|0x00000006e4000000, 0x00000006e4000000, 0x00000006e5000000|  0%| F|  |TAMS 0x00000006e4000000| PB 0x00000006e4000000| Untracked |  0
| 485|0x00000006e5000000, 0x00000006e6000000, 0x00000006e6000000|100%| O|  |TAMS 0x00000006e5000000| PB 0x00000006e5000000| Untracked |  0
| 486|0x00000006e6000000, 0x00000006e7000000, 0x00000006e7000000|100%| O|  |TAMS 0x00000006e6000000| PB 0x00000006e6000000| Untracked |  0
| 487|0x00000006e7000000, 0x00000006e7000000, 0x00000006e8000000|  0%| F|  |TAMS 0x00000006e7000000| PB 0x00000006e7000000| Untracked |  0
| 488|0x00000006e8000000, 0x00000006e9000000, 0x00000006e9000000|100%| O|  |TAMS 0x00000006e8000000| PB 0x00000006e8000000| Untracked |  0
| 489|0x00000006e9000000, 0x00000006e9000000, 0x00000006ea000000|  0%| F|  |TAMS 0x00000006e9000000| PB 0x00000006e9000000| Untracked |  0
| 490|0x00000006ea000000, 0x00000006ea000000, 0x00000006eb000000|  0%| F|  |TAMS 0x00000006ea000000| PB 0x00000006ea000000| Untracked |  0
| 491|0x00000006eb000000, 0x00000006eb000000, 0x00000006ec000000|  0%| F|  |TAMS 0x00000006eb000000| PB 0x00000006eb000000| Untracked |  0
| 492|0x00000006ec000000, 0x00000006ec000000, 0x00000006ed000000|  0%| F|  |TAMS 0x00000006ec000000| PB 0x00000006ec000000| Untracked |  0
| 493|0x00000006ed000000, 0x00000006ed000000, 0x00000006ee000000|  0%| F|  |TAMS 0x00000006ed000000| PB 0x00000006ed000000| Untracked |  0
| 494|0x00000006ee000000, 0x00000006ee000000, 0x00000006ef000000|  0%| F|  |TAMS 0x00000006ee000000| PB 0x00000006ee000000| Untracked |  0
| 495|0x00000006ef000000, 0x00000006ef000000, 0x00000006f0000000|  0%| F|  |TAMS 0x00000006ef000000| PB 0x00000006ef000000| Untracked |  0
| 496|0x00000006f0000000, 0x00000006f0000000, 0x00000006f1000000|  0%| F|  |TAMS 0x00000006f0000000| PB 0x00000006f0000000| Untracked |  0
| 497|0x00000006f1000000, 0x00000006f1000000, 0x00000006f2000000|  0%| F|  |TAMS 0x00000006f1000000| PB 0x00000006f1000000| Untracked |  0
| 498|0x00000006f2000000, 0x00000006f2000000, 0x00000006f3000000|  0%| F|  |TAMS 0x00000006f2000000| PB 0x00000006f2000000| Untracked |  0
| 499|0x00000006f3000000, 0x00000006f3000000, 0x00000006f4000000|  0%| F|  |TAMS 0x00000006f3000000| PB 0x00000006f3000000| Untracked |  0
| 500|0x00000006f4000000, 0x00000006f4000000, 0x00000006f5000000|  0%| F|  |TAMS 0x00000006f4000000| PB 0x00000006f4000000| Untracked |  0
| 501|0x00000006f5000000, 0x00000006f5000000, 0x00000006f6000000|  0%| F|  |TAMS 0x00000006f5000000| PB 0x00000006f5000000| Untracked |  0
| 502|0x00000006f6000000, 0x00000006f626a4d8, 0x00000006f7000000| 15%| S|CS|TAMS 0x00000006f6000000| PB 0x00000006f6000000| Complete |  0
| 503|0x00000006f7000000, 0x00000006f7000000, 0x00000006f8000000|  0%| F|  |TAMS 0x00000006f7000000| PB 0x00000006f7000000| Untracked |  0
| 504|0x00000006f8000000, 0x00000006f8000000, 0x00000006f9000000|  0%| F|  |TAMS 0x00000006f8000000| PB 0x00000006f8000000| Untracked |  0
| 505|0x00000006f9000000, 0x00000006f9000000, 0x00000006fa000000|  0%| F|  |TAMS 0x00000006f9000000| PB 0x00000006f9000000| Untracked |  0
| 506|0x00000006fa000000, 0x00000006fa000000, 0x00000006fb000000|  0%| F|  |TAMS 0x00000006fa000000| PB 0x00000006fa000000| Untracked |  0
| 507|0x00000006fb000000, 0x00000006fb000000, 0x00000006fc000000|  0%| F|  |TAMS 0x00000006fb000000| PB 0x00000006fb000000| Untracked |  0
| 508|0x00000006fc000000, 0x00000006fc000000, 0x00000006fd000000|  0%| F|  |TAMS 0x00000006fc000000| PB 0x00000006fc000000| Untracked |  0
| 509|0x00000006fd000000, 0x00000006fd000000, 0x00000006fe000000|  0%| F|  |TAMS 0x00000006fd000000| PB 0x00000006fd000000| Untracked |  0
| 510|0x00000006fe000000, 0x00000006fe000000, 0x00000006ff000000|  0%| F|  |TAMS 0x00000006fe000000| PB 0x00000006fe000000| Untracked |  0
| 511|0x00000006ff000000, 0x00000006ff000000, 0x0000000700000000|  0%| F|  |TAMS 0x00000006ff000000| PB 0x00000006ff000000| Untracked |  0
| 512|0x0000000700000000, 0x0000000700000000, 0x0000000701000000|  0%| F|  |TAMS 0x0000000700000000| PB 0x0000000700000000| Untracked |  0
| 513|0x0000000701000000, 0x0000000701000000, 0x0000000702000000|  0%| F|  |TAMS 0x0000000701000000| PB 0x0000000701000000| Untracked |  0
| 514|0x0000000702000000, 0x0000000702000000, 0x0000000703000000|  0%| F|  |TAMS 0x0000000702000000| PB 0x0000000702000000| Untracked |  0
| 515|0x0000000703000000, 0x0000000703000000, 0x0000000704000000|  0%| F|  |TAMS 0x0000000703000000| PB 0x0000000703000000| Untracked |  0
| 516|0x0000000704000000, 0x0000000704000000, 0x0000000705000000|  0%| F|  |TAMS 0x0000000704000000| PB 0x0000000704000000| Untracked |  0
| 517|0x0000000705000000, 0x0000000705000000, 0x0000000706000000|  0%| F|  |TAMS 0x0000000705000000| PB 0x0000000705000000| Untracked |  0
| 518|0x0000000706000000, 0x0000000706000000, 0x0000000707000000|  0%| F|  |TAMS 0x0000000706000000| PB 0x0000000706000000| Untracked |  0
| 519|0x0000000707000000, 0x0000000707000000, 0x0000000708000000|  0%| F|  |TAMS 0x0000000707000000| PB 0x0000000707000000| Untracked |  0
| 520|0x0000000708000000, 0x0000000708000000, 0x0000000709000000|  0%| F|  |TAMS 0x0000000708000000| PB 0x0000000708000000| Untracked |  0
| 521|0x0000000709000000, 0x0000000709000000, 0x000000070a000000|  0%| F|  |TAMS 0x0000000709000000| PB 0x0000000709000000| Untracked |  0
| 522|0x000000070a000000, 0x000000070a000000, 0x000000070b000000|  0%| F|  |TAMS 0x000000070a000000| PB 0x000000070a000000| Untracked |  0
| 523|0x000000070b000000, 0x000000070b000000, 0x000000070c000000|  0%| F|  |TAMS 0x000000070b000000| PB 0x000000070b000000| Untracked |  0
| 524|0x000000070c000000, 0x000000070c000000, 0x000000070d000000|  0%| F|  |TAMS 0x000000070c000000| PB 0x000000070c000000| Untracked |  0
| 525|0x000000070d000000, 0x000000070d000000, 0x000000070e000000|  0%| F|  |TAMS 0x000000070d000000| PB 0x000000070d000000| Untracked |  0
| 526|0x000000070e000000, 0x000000070e000000, 0x000000070f000000|  0%| F|  |TAMS 0x000000070e000000| PB 0x000000070e000000| Untracked |  0
| 527|0x000000070f000000, 0x000000070f000000, 0x0000000710000000|  0%| F|  |TAMS 0x000000070f000000| PB 0x000000070f000000| Untracked |  0
| 528|0x0000000710000000, 0x0000000710000000, 0x0000000711000000|  0%| F|  |TAMS 0x0000000710000000| PB 0x0000000710000000| Untracked |  0
| 529|0x0000000711000000, 0x0000000711000000, 0x0000000712000000|  0%| F|  |TAMS 0x0000000711000000| PB 0x0000000711000000| Untracked |  0
| 530|0x0000000712000000, 0x0000000712000000, 0x0000000713000000|  0%| F|  |TAMS 0x0000000712000000| PB 0x0000000712000000| Untracked |  0
| 531|0x0000000713000000, 0x0000000713000000, 0x0000000714000000|  0%| F|  |TAMS 0x0000000713000000| PB 0x0000000713000000| Untracked |  0
| 532|0x0000000714000000, 0x0000000714000000, 0x0000000715000000|  0%| F|  |TAMS 0x0000000714000000| PB 0x0000000714000000| Untracked |  0
| 533|0x0000000715000000, 0x0000000715000000, 0x0000000716000000|  0%| F|  |TAMS 0x0000000715000000| PB 0x0000000715000000| Untracked |  0
| 534|0x0000000716000000, 0x0000000716000000, 0x0000000717000000|  0%| F|  |TAMS 0x0000000716000000| PB 0x0000000716000000| Untracked |  0
| 535|0x0000000717000000, 0x0000000717000000, 0x0000000718000000|  0%| F|  |TAMS 0x0000000717000000| PB 0x0000000717000000| Untracked |  0
| 536|0x0000000718000000, 0x0000000718000000, 0x0000000719000000|  0%| F|  |TAMS 0x0000000718000000| PB 0x0000000718000000| Untracked |  0
| 537|0x0000000719000000, 0x0000000719000000, 0x000000071a000000|  0%| F|  |TAMS 0x0000000719000000| PB 0x0000000719000000| Untracked |  0
| 538|0x000000071a000000, 0x000000071a000000, 0x000000071b000000|  0%| F|  |TAMS 0x000000071a000000| PB 0x000000071a000000| Untracked |  0
| 539|0x000000071b000000, 0x000000071b000000, 0x000000071c000000|  0%| F|  |TAMS 0x000000071b000000| PB 0x000000071b000000| Untracked |  0
| 540|0x000000071c000000, 0x000000071c000000, 0x000000071d000000|  0%| F|  |TAMS 0x000000071c000000| PB 0x000000071c000000| Untracked |  0
| 541|0x000000071d000000, 0x000000071e000000, 0x000000071e000000|100%| E|  |TAMS 0x000000071d000000| PB 0x000000071d000000| Complete |  0
| 542|0x000000071e000000, 0x000000071f000000, 0x000000071f000000|100%| E|CS|TAMS 0x000000071e000000| PB 0x000000071e000000| Complete |  0
| 543|0x000000071f000000, 0x0000000720000000, 0x0000000720000000|100%| E|CS|TAMS 0x000000071f000000| PB 0x000000071f000000| Complete |  0
| 544|0x0000000720000000, 0x0000000721000000, 0x0000000721000000|100%| E|CS|TAMS 0x0000000720000000| PB 0x0000000720000000| Complete |  0
| 545|0x0000000721000000, 0x0000000722000000, 0x0000000722000000|100%| E|CS|TAMS 0x0000000721000000| PB 0x0000000721000000| Complete |  0
| 546|0x0000000722000000, 0x0000000723000000, 0x0000000723000000|100%| E|CS|TAMS 0x0000000722000000| PB 0x0000000722000000| Complete |  1
| 547|0x0000000723000000, 0x0000000724000000, 0x0000000724000000|100%| E|CS|TAMS 0x0000000723000000| PB 0x0000000723000000| Complete |  0
| 548|0x0000000724000000, 0x0000000725000000, 0x0000000725000000|100%| E|CS|TAMS 0x0000000724000000| PB 0x0000000724000000| Complete |  0
| 549|0x0000000725000000, 0x0000000726000000, 0x0000000726000000|100%| E|CS|TAMS 0x0000000725000000| PB 0x0000000725000000| Complete |  0
| 550|0x0000000726000000, 0x0000000727000000, 0x0000000727000000|100%| E|CS|TAMS 0x0000000726000000| PB 0x0000000726000000| Complete |  0
| 551|0x0000000727000000, 0x0000000728000000, 0x0000000728000000|100%| E|CS|TAMS 0x0000000727000000| PB 0x0000000727000000| Complete |  0
| 552|0x0000000728000000, 0x0000000729000000, 0x0000000729000000|100%| E|CS|TAMS 0x0000000728000000| PB 0x0000000728000000| Complete |  0
| 553|0x0000000729000000, 0x000000072a000000, 0x000000072a000000|100%| E|CS|TAMS 0x0000000729000000| PB 0x0000000729000000| Complete |  0
| 554|0x000000072a000000, 0x000000072b000000, 0x000000072b000000|100%| E|CS|TAMS 0x000000072a000000| PB 0x000000072a000000| Complete |  0
| 555|0x000000072b000000, 0x000000072c000000, 0x000000072c000000|100%| E|CS|TAMS 0x000000072b000000| PB 0x000000072b000000| Complete |  0
| 556|0x000000072c000000, 0x000000072d000000, 0x000000072d000000|100%| E|CS|TAMS 0x000000072c000000| PB 0x000000072c000000| Complete |  0
| 557|0x000000072d000000, 0x000000072e000000, 0x000000072e000000|100%| E|CS|TAMS 0x000000072d000000| PB 0x000000072d000000| Complete |  0
| 558|0x000000072e000000, 0x000000072f000000, 0x000000072f000000|100%| E|CS|TAMS 0x000000072e000000| PB 0x000000072e000000| Complete |  0
| 559|0x000000072f000000, 0x0000000730000000, 0x0000000730000000|100%| E|CS|TAMS 0x000000072f000000| PB 0x000000072f000000| Complete |  0
| 560|0x0000000730000000, 0x0000000731000000, 0x0000000731000000|100%| O|  |TAMS 0x0000000730000000| PB 0x0000000730000000| Untracked |  0
| 561|0x0000000731000000, 0x0000000732000000, 0x0000000732000000|100%| E|CS|TAMS 0x0000000731000000| PB 0x0000000731000000| Complete |  0
| 562|0x0000000732000000, 0x0000000733000000, 0x0000000733000000|100%| E|CS|TAMS 0x0000000732000000| PB 0x0000000732000000| Complete |  0
| 563|0x0000000733000000, 0x0000000734000000, 0x0000000734000000|100%| E|CS|TAMS 0x0000000733000000| PB 0x0000000733000000| Complete |  0
| 564|0x0000000734000000, 0x0000000735000000, 0x0000000735000000|100%| E|CS|TAMS 0x0000000734000000| PB 0x0000000734000000| Complete |  0
| 565|0x0000000735000000, 0x0000000736000000, 0x0000000736000000|100%| O|  |TAMS 0x0000000735000000| PB 0x0000000735000000| Untracked |  0
| 566|0x0000000736000000, 0x0000000737000000, 0x0000000737000000|100%| O|  |TAMS 0x0000000736000000| PB 0x0000000736000000| Untracked |  0
| 567|0x0000000737000000, 0x0000000738000000, 0x0000000738000000|100%| E|CS|TAMS 0x0000000737000000| PB 0x0000000737000000| Complete |  0
| 568|0x0000000738000000, 0x0000000739000000, 0x0000000739000000|100%| E|CS|TAMS 0x0000000738000000| PB 0x0000000738000000| Complete |  0
| 569|0x0000000739000000, 0x000000073a000000, 0x000000073a000000|100%| E|CS|TAMS 0x0000000739000000| PB 0x0000000739000000| Complete |  0
| 570|0x000000073a000000, 0x000000073b000000, 0x000000073b000000|100%| E|CS|TAMS 0x000000073a000000| PB 0x000000073a000000| Complete |  0
| 571|0x000000073b000000, 0x000000073c000000, 0x000000073c000000|100%| O|  |TAMS 0x000000073b000000| PB 0x000000073b000000| Untracked |  0
| 572|0x000000073c000000, 0x000000073d000000, 0x000000073d000000|100%| O|  |TAMS 0x000000073c000000| PB 0x000000073c000000| Untracked |  0
| 573|0x000000073d000000, 0x000000073e000000, 0x000000073e000000|100%| E|CS|TAMS 0x000000073d000000| PB 0x000000073d000000| Complete |  0
| 574|0x000000073e000000, 0x000000073f000000, 0x000000073f000000|100%| E|CS|TAMS 0x000000073e000000| PB 0x000000073e000000| Complete |  0
| 575|0x000000073f000000, 0x0000000740000000, 0x0000000740000000|100%| E|CS|TAMS 0x000000073f000000| PB 0x000000073f000000| Complete |  0
| 576|0x0000000740000000, 0x0000000741000000, 0x0000000741000000|100%| O|  |TAMS 0x0000000740000000| PB 0x0000000740000000| Untracked |  0
| 577|0x0000000741000000, 0x0000000742000000, 0x0000000742000000|100%| O|  |TAMS 0x0000000741000000| PB 0x0000000741000000| Untracked |  0
| 578|0x0000000742000000, 0x0000000743000000, 0x0000000743000000|100%| E|CS|TAMS 0x0000000742000000| PB 0x0000000742000000| Complete |  0
| 579|0x0000000743000000, 0x0000000744000000, 0x0000000744000000|100%| E|CS|TAMS 0x0000000743000000| PB 0x0000000743000000| Complete |  0
| 580|0x0000000744000000, 0x0000000745000000, 0x0000000745000000|100%| E|CS|TAMS 0x0000000744000000| PB 0x0000000744000000| Complete |  0
| 581|0x0000000745000000, 0x0000000746000000, 0x0000000746000000|100%| O|  |TAMS 0x0000000745000000| PB 0x0000000745000000| Untracked |  0
| 582|0x0000000746000000, 0x0000000747000000, 0x0000000747000000|100%| O|  |TAMS 0x0000000746000000| PB 0x0000000746000000| Untracked |  0
| 583|0x0000000747000000, 0x0000000748000000, 0x0000000748000000|100%| O|  |TAMS 0x0000000747000000| PB 0x0000000747000000| Untracked |  0
| 584|0x0000000748000000, 0x0000000749000000, 0x0000000749000000|100%| E|CS|TAMS 0x0000000748000000| PB 0x0000000748000000| Complete |  0
| 585|0x0000000749000000, 0x000000074a000000, 0x000000074a000000|100%| E|CS|TAMS 0x0000000749000000| PB 0x0000000749000000| Complete |  0
| 586|0x000000074a000000, 0x000000074b000000, 0x000000074b000000|100%| E|CS|TAMS 0x000000074a000000| PB 0x000000074a000000| Complete |  0
| 587|0x000000074b000000, 0x000000074c000000, 0x000000074c000000|100%| E|CS|TAMS 0x000000074b000000| PB 0x000000074b000000| Complete |  0
| 588|0x000000074c000000, 0x000000074d000000, 0x000000074d000000|100%| E|CS|TAMS 0x000000074c000000| PB 0x000000074c000000| Complete |  0
| 589|0x000000074d000000, 0x000000074e000000, 0x000000074e000000|100%| E|CS|TAMS 0x000000074d000000| PB 0x000000074d000000| Complete |  0
| 590|0x000000074e000000, 0x000000074f000000, 0x000000074f000000|100%| E|CS|TAMS 0x000000074e000000| PB 0x000000074e000000| Complete |  0
| 591|0x000000074f000000, 0x0000000750000000, 0x0000000750000000|100%| E|CS|TAMS 0x000000074f000000| PB 0x000000074f000000| Complete |  0
| 592|0x0000000750000000, 0x0000000751000000, 0x0000000751000000|100%| E|CS|TAMS 0x0000000750000000| PB 0x0000000750000000| Complete |  0
| 593|0x0000000751000000, 0x0000000752000000, 0x0000000752000000|100%| O|  |TAMS 0x0000000751000000| PB 0x0000000751000000| Untracked |  0
| 594|0x0000000752000000, 0x0000000753000000, 0x0000000753000000|100%| E|CS|TAMS 0x0000000752000000| PB 0x0000000752000000| Complete |  0
| 595|0x0000000753000000, 0x0000000754000000, 0x0000000754000000|100%| E|CS|TAMS 0x0000000753000000| PB 0x0000000753000000| Complete |  0
| 598|0x0000000756000000, 0x0000000757000000, 0x0000000757000000|100%| O|  |TAMS 0x0000000756000000| PB 0x0000000756000000| Untracked |  0
| 599|0x0000000757000000, 0x0000000758000000, 0x0000000758000000|100%| E|CS|TAMS 0x0000000757000000| PB 0x0000000757000000| Complete |  0
| 601|0x0000000759000000, 0x000000075a000000, 0x000000075a000000|100%| E|CS|TAMS 0x0000000759000000| PB 0x0000000759000000| Complete |  0
| 602|0x000000075a000000, 0x000000075b000000, 0x000000075b000000|100%| E|CS|TAMS 0x000000075a000000| PB 0x000000075a000000| Complete |  0
| 603|0x000000075b000000, 0x000000075c000000, 0x000000075c000000|100%| E|CS|TAMS 0x000000075b000000| PB 0x000000075b000000| Complete |  0
| 604|0x000000075c000000, 0x000000075d000000, 0x000000075d000000|100%| E|CS|TAMS 0x000000075c000000| PB 0x000000075c000000| Complete |  0
| 605|0x000000075d000000, 0x000000075e000000, 0x000000075e000000|100%| E|CS|TAMS 0x000000075d000000| PB 0x000000075d000000| Complete |  0
| 606|0x000000075e000000, 0x000000075f000000, 0x000000075f000000|100%| E|CS|TAMS 0x000000075e000000| PB 0x000000075e000000| Complete |  0
| 607|0x000000075f000000, 0x0000000760000000, 0x0000000760000000|100%| E|CS|TAMS 0x000000075f000000| PB 0x000000075f000000| Complete |  0
| 608|0x0000000760000000, 0x0000000761000000, 0x0000000761000000|100%| E|CS|TAMS 0x0000000760000000| PB 0x0000000760000000| Complete |  0
| 609|0x0000000761000000, 0x0000000762000000, 0x0000000762000000|100%| E|CS|TAMS 0x0000000761000000| PB 0x0000000761000000| Complete |  0
| 610|0x0000000762000000, 0x0000000763000000, 0x0000000763000000|100%| E|CS|TAMS 0x0000000762000000| PB 0x0000000762000000| Complete |  0
| 611|0x0000000763000000, 0x0000000764000000, 0x0000000764000000|100%| E|CS|TAMS 0x0000000763000000| PB 0x0000000763000000| Complete |  0
| 612|0x0000000764000000, 0x0000000765000000, 0x0000000765000000|100%| E|CS|TAMS 0x0000000764000000| PB 0x0000000764000000| Complete |  0
| 613|0x0000000765000000, 0x0000000766000000, 0x0000000766000000|100%| E|CS|TAMS 0x0000000765000000| PB 0x0000000765000000| Complete |  0
| 614|0x0000000766000000, 0x0000000767000000, 0x0000000767000000|100%| E|CS|TAMS 0x0000000766000000| PB 0x0000000766000000| Complete |  0
| 615|0x0000000767000000, 0x0000000768000000, 0x0000000768000000|100%| E|CS|TAMS 0x0000000767000000| PB 0x0000000767000000| Complete |  0
| 616|0x0000000768000000, 0x0000000769000000, 0x0000000769000000|100%| E|CS|TAMS 0x0000000768000000| PB 0x0000000768000000| Complete |  0
| 617|0x0000000769000000, 0x000000076a000000, 0x000000076a000000|100%| E|CS|TAMS 0x0000000769000000| PB 0x0000000769000000| Complete |  0
| 618|0x000000076a000000, 0x000000076b000000, 0x000000076b000000|100%| E|CS|TAMS 0x000000076a000000| PB 0x000000076a000000| Complete |  0
| 619|0x000000076b000000, 0x000000076c000000, 0x000000076c000000|100%| E|CS|TAMS 0x000000076b000000| PB 0x000000076b000000| Complete |  0
| 620|0x000000076c000000, 0x000000076d000000, 0x000000076d000000|100%| E|CS|TAMS 0x000000076c000000| PB 0x000000076c000000| Complete |  0
| 621|0x000000076d000000, 0x000000076e000000, 0x000000076e000000|100%| E|CS|TAMS 0x000000076d000000| PB 0x000000076d000000| Complete |  0
| 622|0x000000076e000000, 0x000000076f000000, 0x000000076f000000|100%| E|CS|TAMS 0x000000076e000000| PB 0x000000076e000000| Complete |  0
| 623|0x000000076f000000, 0x0000000770000000, 0x0000000770000000|100%| E|CS|TAMS 0x000000076f000000| PB 0x000000076f000000| Complete |  0
| 624|0x0000000770000000, 0x0000000771000000, 0x0000000771000000|100%| E|CS|TAMS 0x0000000770000000| PB 0x0000000770000000| Complete |  0
| 625|0x0000000771000000, 0x0000000772000000, 0x0000000772000000|100%| E|CS|TAMS 0x0000000771000000| PB 0x0000000771000000| Complete |  0
| 626|0x0000000772000000, 0x0000000773000000, 0x0000000773000000|100%| E|CS|TAMS 0x0000000772000000| PB 0x0000000772000000| Complete |  0
| 627|0x0000000773000000, 0x0000000774000000, 0x0000000774000000|100%| E|CS|TAMS 0x0000000773000000| PB 0x0000000773000000| Complete |  0
| 628|0x0000000774000000, 0x0000000775000000, 0x0000000775000000|100%| E|CS|TAMS 0x0000000774000000| PB 0x0000000774000000| Complete |  0
| 629|0x0000000775000000, 0x0000000776000000, 0x0000000776000000|100%| E|CS|TAMS 0x0000000775000000| PB 0x0000000775000000| Complete |  0
| 630|0x0000000776000000, 0x0000000777000000, 0x0000000777000000|100%| E|CS|TAMS 0x0000000776000000| PB 0x0000000776000000| Complete |  0
| 631|0x0000000777000000, 0x0000000778000000, 0x0000000778000000|100%| E|CS|TAMS 0x0000000777000000| PB 0x0000000777000000| Complete |  0
| 632|0x0000000778000000, 0x0000000779000000, 0x0000000779000000|100%| E|CS|TAMS 0x0000000778000000| PB 0x0000000778000000| Complete |  0
| 633|0x0000000779000000, 0x000000077a000000, 0x000000077a000000|100%| E|CS|TAMS 0x0000000779000000| PB 0x0000000779000000| Complete |  0
| 634|0x000000077a000000, 0x000000077b000000, 0x000000077b000000|100%| E|CS|TAMS 0x000000077a000000| PB 0x000000077a000000| Complete |  0
| 635|0x000000077b000000, 0x000000077c000000, 0x000000077c000000|100%| E|CS|TAMS 0x000000077b000000| PB 0x000000077b000000| Complete |  0
| 636|0x000000077c000000, 0x000000077d000000, 0x000000077d000000|100%| E|CS|TAMS 0x000000077c000000| PB 0x000000077c000000| Complete |  0
| 637|0x000000077d000000, 0x000000077e000000, 0x000000077e000000|100%| E|CS|TAMS 0x000000077d000000| PB 0x000000077d000000| Complete |  0
| 638|0x000000077e000000, 0x000000077f000000, 0x000000077f000000|100%| E|CS|TAMS 0x000000077e000000| PB 0x000000077e000000| Complete |  0
| 639|0x000000077f000000, 0x0000000780000000, 0x0000000780000000|100%| E|CS|TAMS 0x000000077f000000| PB 0x000000077f000000| Complete |  0
| 640|0x0000000780000000, 0x0000000781000000, 0x0000000781000000|100%| E|CS|TAMS 0x0000000780000000| PB 0x0000000780000000| Complete |  0
| 641|0x0000000781000000, 0x0000000782000000, 0x0000000782000000|100%| E|CS|TAMS 0x0000000781000000| PB 0x0000000781000000| Complete |  0
| 642|0x0000000782000000, 0x0000000783000000, 0x0000000783000000|100%| E|CS|TAMS 0x0000000782000000| PB 0x0000000782000000| Complete |  0
| 643|0x0000000783000000, 0x0000000784000000, 0x0000000784000000|100%| E|CS|TAMS 0x0000000783000000| PB 0x0000000783000000| Complete |  0
| 644|0x0000000784000000, 0x0000000785000000, 0x0000000785000000|100%| E|CS|TAMS 0x0000000784000000| PB 0x0000000784000000| Complete |  0
| 649|0x0000000789000000, 0x000000078a000000, 0x000000078a000000|100%| E|CS|TAMS 0x0000000789000000| PB 0x0000000789000000| Complete |  0
| 650|0x000000078a000000, 0x000000078b000000, 0x000000078b000000|100%| E|CS|TAMS 0x000000078a000000| PB 0x000000078a000000| Complete |  0
| 651|0x000000078b000000, 0x000000078c000000, 0x000000078c000000|100%| E|CS|TAMS 0x000000078b000000| PB 0x000000078b000000| Complete |  0
| 652|0x000000078c000000, 0x000000078d000000, 0x000000078d000000|100%| E|CS|TAMS 0x000000078c000000| PB 0x000000078c000000| Complete |  0
| 653|0x000000078d000000, 0x000000078e000000, 0x000000078e000000|100%| E|CS|TAMS 0x000000078d000000| PB 0x000000078d000000| Complete |  0
| 654|0x000000078e000000, 0x000000078f000000, 0x000000078f000000|100%| E|CS|TAMS 0x000000078e000000| PB 0x000000078e000000| Complete |  0
| 655|0x000000078f000000, 0x0000000790000000, 0x0000000790000000|100%| E|CS|TAMS 0x000000078f000000| PB 0x000000078f000000| Complete |  0
| 656|0x0000000790000000, 0x0000000791000000, 0x0000000791000000|100%| E|CS|TAMS 0x0000000790000000| PB 0x0000000790000000| Complete |  0
| 657|0x0000000791000000, 0x0000000792000000, 0x0000000792000000|100%| E|CS|TAMS 0x0000000791000000| PB 0x0000000791000000| Complete |  0
| 658|0x0000000792000000, 0x0000000793000000, 0x0000000793000000|100%| E|CS|TAMS 0x0000000792000000| PB 0x0000000792000000| Complete |  0
| 659|0x0000000793000000, 0x0000000794000000, 0x0000000794000000|100%| E|CS|TAMS 0x0000000793000000| PB 0x0000000793000000| Complete |  0
| 663|0x0000000797000000, 0x0000000798000000, 0x0000000798000000|100%| E|CS|TAMS 0x0000000797000000| PB 0x0000000797000000| Complete |  0
| 664|0x0000000798000000, 0x0000000799000000, 0x0000000799000000|100%| E|CS|TAMS 0x0000000798000000| PB 0x0000000798000000| Complete |  0
| 665|0x0000000799000000, 0x000000079a000000, 0x000000079a000000|100%| E|CS|TAMS 0x0000000799000000| PB 0x0000000799000000| Complete |  0
| 666|0x000000079a000000, 0x000000079b000000, 0x000000079b000000|100%| E|CS|TAMS 0x000000079a000000| PB 0x000000079a000000| Complete |  0
| 667|0x000000079b000000, 0x000000079c000000, 0x000000079c000000|100%| E|CS|TAMS 0x000000079b000000| PB 0x000000079b000000| Complete |  0
| 668|0x000000079c000000, 0x000000079d000000, 0x000000079d000000|100%| E|CS|TAMS 0x000000079c000000| PB 0x000000079c000000| Complete |  0
| 669|0x000000079d000000, 0x000000079e000000, 0x000000079e000000|100%| E|CS|TAMS 0x000000079d000000| PB 0x000000079d000000| Complete |  0
| 670|0x000000079e000000, 0x000000079f000000, 0x000000079f000000|100%| E|CS|TAMS 0x000000079e000000| PB 0x000000079e000000| Complete |  0
| 671|0x000000079f000000, 0x00000007a0000000, 0x00000007a0000000|100%| E|CS|TAMS 0x000000079f000000| PB 0x000000079f000000| Complete |  0
| 672|0x00000007a0000000, 0x00000007a1000000, 0x00000007a1000000|100%| E|CS|TAMS 0x00000007a0000000| PB 0x00000007a0000000| Complete |  0
| 673|0x00000007a1000000, 0x00000007a2000000, 0x00000007a2000000|100%| E|CS|TAMS 0x00000007a1000000| PB 0x00000007a1000000| Complete |  0
| 674|0x00000007a2000000, 0x00000007a3000000, 0x00000007a3000000|100%| E|CS|TAMS 0x00000007a2000000| PB 0x00000007a2000000| Complete |  0
| 675|0x00000007a3000000, 0x00000007a4000000, 0x00000007a4000000|100%| E|CS|TAMS 0x00000007a3000000| PB 0x00000007a3000000| Complete |  0
| 676|0x00000007a4000000, 0x00000007a5000000, 0x00000007a5000000|100%| E|CS|TAMS 0x00000007a4000000| PB 0x00000007a4000000| Complete |  0
| 677|0x00000007a5000000, 0x00000007a6000000, 0x00000007a6000000|100%| E|CS|TAMS 0x00000007a5000000| PB 0x00000007a5000000| Complete |  0
| 678|0x00000007a6000000, 0x00000007a7000000, 0x00000007a7000000|100%| E|CS|TAMS 0x00000007a6000000| PB 0x00000007a6000000| Complete |  0
| 695|0x00000007b7000000, 0x00000007b8000000, 0x00000007b8000000|100%| E|CS|TAMS 0x00000007b7000000| PB 0x00000007b7000000| Complete |  0
| 696|0x00000007b8000000, 0x00000007b9000000, 0x00000007b9000000|100%| E|CS|TAMS 0x00000007b8000000| PB 0x00000007b8000000| Complete |  0
| 697|0x00000007b9000000, 0x00000007ba000000, 0x00000007ba000000|100%| E|CS|TAMS 0x00000007b9000000| PB 0x00000007b9000000| Complete |  0
| 698|0x00000007ba000000, 0x00000007bb000000, 0x00000007bb000000|100%| E|CS|TAMS 0x00000007ba000000| PB 0x00000007ba000000| Complete |  0
| 699|0x00000007bb000000, 0x00000007bc000000, 0x00000007bc000000|100%| E|CS|TAMS 0x00000007bb000000| PB 0x00000007bb000000| Complete |  0
| 700|0x00000007bc000000, 0x00000007bd000000, 0x00000007bd000000|100%| E|CS|TAMS 0x00000007bc000000| PB 0x00000007bc000000| Complete |  0
| 701|0x00000007bd000000, 0x00000007be000000, 0x00000007be000000|100%| E|CS|TAMS 0x00000007bd000000| PB 0x00000007bd000000| Complete |  0
| 702|0x00000007be000000, 0x00000007bf000000, 0x00000007bf000000|100%| E|CS|TAMS 0x00000007be000000| PB 0x00000007be000000| Complete |  0
| 703|0x00000007bf000000, 0x00000007c0000000, 0x00000007c0000000|100%| E|CS|TAMS 0x00000007bf000000| PB 0x00000007bf000000| Complete |  0
| 704|0x00000007c0000000, 0x00000007c1000000, 0x00000007c1000000|100%| E|CS|TAMS 0x00000007c0000000| PB 0x00000007c0000000| Complete |  0
| 705|0x00000007c1000000, 0x00000007c2000000, 0x00000007c2000000|100%| E|CS|TAMS 0x00000007c1000000| PB 0x00000007c1000000| Complete |  0
| 706|0x00000007c2000000, 0x00000007c3000000, 0x00000007c3000000|100%| E|CS|TAMS 0x00000007c2000000| PB 0x00000007c2000000| Complete |  0
| 707|0x00000007c3000000, 0x00000007c4000000, 0x00000007c4000000|100%| E|CS|TAMS 0x00000007c3000000| PB 0x00000007c3000000| Complete |  0
| 708|0x00000007c4000000, 0x00000007c5000000, 0x00000007c5000000|100%| E|CS|TAMS 0x00000007c4000000| PB 0x00000007c4000000| Complete |  0
| 709|0x00000007c5000000, 0x00000007c6000000, 0x00000007c6000000|100%| E|CS|TAMS 0x00000007c5000000| PB 0x00000007c5000000| Complete |  0
| 710|0x00000007c6000000, 0x00000007c7000000, 0x00000007c7000000|100%| E|CS|TAMS 0x00000007c6000000| PB 0x00000007c6000000| Complete |  0
| 711|0x00000007c7000000, 0x00000007c8000000, 0x00000007c8000000|100%| E|CS|TAMS 0x00000007c7000000| PB 0x00000007c7000000| Complete |  0
| 712|0x00000007c8000000, 0x00000007c9000000, 0x00000007c9000000|100%| E|CS|TAMS 0x00000007c8000000| PB 0x00000007c8000000| Complete |  0
| 713|0x00000007c9000000, 0x00000007ca000000, 0x00000007ca000000|100%| E|CS|TAMS 0x00000007c9000000| PB 0x00000007c9000000| Complete |  0
| 714|0x00000007ca000000, 0x00000007cb000000, 0x00000007cb000000|100%| E|CS|TAMS 0x00000007ca000000| PB 0x00000007ca000000| Complete |  0
| 720|0x00000007d0000000, 0x00000007d1000000, 0x00000007d1000000|100%| E|CS|TAMS 0x00000007d0000000| PB 0x00000007d0000000| Complete |  0
| 721|0x00000007d1000000, 0x00000007d2000000, 0x00000007d2000000|100%| E|CS|TAMS 0x00000007d1000000| PB 0x00000007d1000000| Complete |  0
| 722|0x00000007d2000000, 0x00000007d3000000, 0x00000007d3000000|100%| E|CS|TAMS 0x00000007d2000000| PB 0x00000007d2000000| Complete |  0
| 723|0x00000007d3000000, 0x00000007d4000000, 0x00000007d4000000|100%| E|CS|TAMS 0x00000007d3000000| PB 0x00000007d3000000| Complete |  0
| 724|0x00000007d4000000, 0x00000007d5000000, 0x00000007d5000000|100%| E|CS|TAMS 0x00000007d4000000| PB 0x00000007d4000000| Complete |  0
| 725|0x00000007d5000000, 0x00000007d6000000, 0x00000007d6000000|100%| E|CS|TAMS 0x00000007d5000000| PB 0x00000007d5000000| Complete |  0
| 726|0x00000007d6000000, 0x00000007d7000000, 0x00000007d7000000|100%| E|CS|TAMS 0x00000007d6000000| PB 0x00000007d6000000| Complete |  0
| 727|0x00000007d7000000, 0x00000007d8000000, 0x00000007d8000000|100%| E|CS|TAMS 0x00000007d7000000| PB 0x00000007d7000000| Complete |  0
| 728|0x00000007d8000000, 0x00000007d9000000, 0x00000007d9000000|100%| E|CS|TAMS 0x00000007d8000000| PB 0x00000007d8000000| Complete |  0
| 729|0x00000007d9000000, 0x00000007da000000, 0x00000007da000000|100%| E|CS|TAMS 0x00000007d9000000| PB 0x00000007d9000000| Complete |  0
| 730|0x00000007da000000, 0x00000007db000000, 0x00000007db000000|100%| E|CS|TAMS 0x00000007da000000| PB 0x00000007da000000| Complete |  0
| 731|0x00000007db000000, 0x00000007dc000000, 0x00000007dc000000|100%| E|CS|TAMS 0x00000007db000000| PB 0x00000007db000000| Complete |  0
| 732|0x00000007dc000000, 0x00000007dd000000, 0x00000007dd000000|100%| E|CS|TAMS 0x00000007dc000000| PB 0x00000007dc000000| Complete |  0
| 733|0x00000007dd000000, 0x00000007de000000, 0x00000007de000000|100%| E|CS|TAMS 0x00000007dd000000| PB 0x00000007dd000000| Complete |  0
| 734|0x00000007de000000, 0x00000007df000000, 0x00000007df000000|100%| E|CS|TAMS 0x00000007de000000| PB 0x00000007de000000| Complete |  0
| 735|0x00000007df000000, 0x00000007e0000000, 0x00000007e0000000|100%| E|CS|TAMS 0x00000007df000000| PB 0x00000007df000000| Complete |  0
| 736|0x00000007e0000000, 0x00000007e1000000, 0x00000007e1000000|100%| E|CS|TAMS 0x00000007e0000000| PB 0x00000007e0000000| Complete |  0
| 737|0x00000007e1000000, 0x00000007e2000000, 0x00000007e2000000|100%| E|CS|TAMS 0x00000007e1000000| PB 0x00000007e1000000| Complete |  0
| 738|0x00000007e2000000, 0x00000007e3000000, 0x00000007e3000000|100%| E|CS|TAMS 0x00000007e2000000| PB 0x00000007e2000000| Complete |  0
| 739|0x00000007e3000000, 0x00000007e4000000, 0x00000007e4000000|100%| E|CS|TAMS 0x00000007e3000000| PB 0x00000007e3000000| Complete |  0
| 740|0x00000007e4000000, 0x00000007e5000000, 0x00000007e5000000|100%| E|CS|TAMS 0x00000007e4000000| PB 0x00000007e4000000| Complete |  0
| 741|0x00000007e5000000, 0x00000007e6000000, 0x00000007e6000000|100%| E|CS|TAMS 0x00000007e5000000| PB 0x00000007e5000000| Complete |  0
| 742|0x00000007e6000000, 0x00000007e7000000, 0x00000007e7000000|100%| E|CS|TAMS 0x00000007e6000000| PB 0x00000007e6000000| Complete |  0
| 743|0x00000007e7000000, 0x00000007e8000000, 0x00000007e8000000|100%| E|CS|TAMS 0x00000007e7000000| PB 0x00000007e7000000| Complete |  0
| 744|0x00000007e8000000, 0x00000007e9000000, 0x00000007e9000000|100%| E|CS|TAMS 0x00000007e8000000| PB 0x00000007e8000000| Complete |  0
| 745|0x00000007e9000000, 0x00000007ea000000, 0x00000007ea000000|100%| E|CS|TAMS 0x00000007e9000000| PB 0x00000007e9000000| Complete |  0
| 746|0x00000007ea000000, 0x00000007eb000000, 0x00000007eb000000|100%| E|CS|TAMS 0x00000007ea000000| PB 0x00000007ea000000| Complete |  0
| 747|0x00000007eb000000, 0x00000007ec000000, 0x00000007ec000000|100%| E|CS|TAMS 0x00000007eb000000| PB 0x00000007eb000000| Complete |  0
| 748|0x00000007ec000000, 0x00000007ed000000, 0x00000007ed000000|100%| E|CS|TAMS 0x00000007ec000000| PB 0x00000007ec000000| Complete |  0
| 749|0x00000007ed000000, 0x00000007ee000000, 0x00000007ee000000|100%| E|CS|TAMS 0x00000007ed000000| PB 0x00000007ed000000| Complete |  0
| 750|0x00000007ee000000, 0x00000007ef000000, 0x00000007ef000000|100%| E|CS|TAMS 0x00000007ee000000| PB 0x00000007ee000000| Complete |  0
| 751|0x00000007ef000000, 0x00000007f0000000, 0x00000007f0000000|100%| E|CS|TAMS 0x00000007ef000000| PB 0x00000007ef000000| Complete |  0
| 752|0x00000007f0000000, 0x00000007f1000000, 0x00000007f1000000|100%| E|CS|TAMS 0x00000007f0000000| PB 0x00000007f0000000| Complete |  0
| 753|0x00000007f1000000, 0x00000007f2000000, 0x00000007f2000000|100%| E|CS|TAMS 0x00000007f1000000| PB 0x00000007f1000000| Complete |  0
| 754|0x00000007f2000000, 0x00000007f3000000, 0x00000007f3000000|100%| E|CS|TAMS 0x00000007f2000000| PB 0x00000007f2000000| Complete |  0
| 755|0x00000007f3000000, 0x00000007f4000000, 0x00000007f4000000|100%| E|CS|TAMS 0x00000007f3000000| PB 0x00000007f3000000| Complete |  0
| 756|0x00000007f4000000, 0x00000007f5000000, 0x00000007f5000000|100%| E|CS|TAMS 0x00000007f4000000| PB 0x00000007f4000000| Complete |  0
| 757|0x00000007f5000000, 0x00000007f6000000, 0x00000007f6000000|100%| E|CS|TAMS 0x00000007f5000000| PB 0x00000007f5000000| Complete |  0
| 758|0x00000007f6000000, 0x00000007f7000000, 0x00000007f7000000|100%| E|CS|TAMS 0x00000007f6000000| PB 0x00000007f6000000| Complete |  0
| 759|0x00000007f7000000, 0x00000007f8000000, 0x00000007f8000000|100%| E|CS|TAMS 0x00000007f7000000| PB 0x00000007f7000000| Complete |  0
| 760|0x00000007f8000000, 0x00000007f9000000, 0x00000007f9000000|100%| E|CS|TAMS 0x00000007f8000000| PB 0x00000007f8000000| Complete |  0
| 761|0x00000007f9000000, 0x00000007fa000000, 0x00000007fa000000|100%| E|CS|TAMS 0x00000007f9000000| PB 0x00000007f9000000| Complete |  0
| 762|0x00000007fa000000, 0x00000007fb000000, 0x00000007fb000000|100%| E|CS|TAMS 0x00000007fa000000| PB 0x00000007fa000000| Complete |  0
| 763|0x00000007fb000000, 0x00000007fc000000, 0x00000007fc000000|100%| E|CS|TAMS 0x00000007fb000000| PB 0x00000007fb000000| Complete |  0
| 764|0x00000007fc000000, 0x00000007fd000000, 0x00000007fd000000|100%| E|CS|TAMS 0x00000007fc000000| PB 0x00000007fc000000| Complete |  0
| 765|0x00000007fd000000, 0x00000007fe000000, 0x00000007fe000000|100%| E|CS|TAMS 0x00000007fd000000| PB 0x00000007fd000000| Complete |  0
| 766|0x00000007fe000000, 0x00000007ff000000, 0x00000007ff000000|100%| E|CS|TAMS 0x00000007fe000000| PB 0x00000007fe000000| Complete |  0
| 767|0x00000007ff000000, 0x0000000800000000, 0x0000000800000000|100%| E|CS|TAMS 0x00000007ff000000| PB 0x00000007ff000000| Complete |  0

Card table byte_map: [0x0000019dcda10000,0x0000019dcf210000] _byte_map_base: 0x0000019dcb210000

Marking Bits: (CMBitMap*) 0x0000019dae933980
 Bits: [0x0000019dcf210000, 0x0000019ddb210000)

Polling page: 0x0000019dae070000

Metaspace:
Metaspace        used 459199K, committed 463616K, reserved 1441792K
 class space     used 77470K, committed 79616K, reserved 1048576K

Usage:
  Non-class:    372.78 MB used.
      Class:     75.65 MB used.
       Both:    448.44 MB used.

Virtual space:
  Non-class space:      384.00 MB reserved,     375.00 MB ( 98%) committed,  6 nodes.
      Class space:        1.00 GB reserved,      77.75 MB (  8%) committed,  1 nodes.
             Both:        1.38 GB reserved,     452.75 MB ( 32%) committed. 

Chunk freelists:
   Non-Class:  8.33 MB
       Class:  2.76 MB
        Both:  11.08 MB

MaxMetaspaceSize: unlimited
CompressedClassSpaceSize: 1.00 GB
Initial GC threshold: 21.00 MB
Current GC threshold: 754.38 MB
CDS: off
 - commit_granule_bytes: 65536.
 - commit_granule_words: 8192.
 - virtual_space_node_default_size: 8388608.
 - enlarge_chunks_in_place: 1.
UseCompressedClassPointers 1, UseCompactObjectHeaders 0
Narrow klass pointer bits 32, Max shift 3
Narrow klass base: 0x0000000000000000, Narrow klass shift: 0
Encoding Range: [0x0000000000000000 - 0x0000000100000000), (4294967296 bytes)
Klass Range:    [0x000000001a000000 - 0x000000005a000000), (1073741824 bytes)
Klass ID Range:  [436207616 - 1509949433) (1073741817)
No protection zone.


Internal statistics:

num_allocs_failed_limit: 1638.
num_arena_births: 7692.
num_arena_deaths: 1668.
num_vsnodes_births: 7.
num_vsnodes_deaths: 0.
num_space_committed: 7239.
num_space_uncommitted: 4.
num_chunks_returned_to_freelist: 3634.
num_chunks_taken_from_freelist: 27987.
num_chunk_merges: 2141.
num_chunk_splits: 20158.
num_chunks_enlarged: 13362.
num_inconsistent_stats: 0.

CodeHeap 'non-profiled nmethods': size=198656Kb used=46559Kb max_used=63426Kb free=152096Kb
 bounds [0x0000019dbf670000, 0x0000019dc3470000, 0x0000019dcb870000]
CodeHeap 'profiled nmethods': size=198656Kb used=39063Kb max_used=84578Kb free=159592Kb
 bounds [0x0000019db2870000, 0x0000019db7b20000, 0x0000019dbea70000]
CodeHeap 'non-nmethods': size=12288Kb used=5296Kb max_used=7263Kb free=6991Kb
 bounds [0x0000019dbea70000, 0x0000019dbf1c0000, 0x0000019dbf670000]
CodeCache: size=409600Kb, used=90918Kb, max_used=155267Kb, free=318679Kb
 total_blobs=37196, nmethods=33700, adapters=3393, full_count=0
Compilation: enabled, stopped_count=0, restarted_count=0

Compilation events (20 events):
Event: 4354.141 Thread 0x0000019dde28fff0 113419       4       com.ferreusveritas.dynamictrees.util.CoordUtils::isSurroundedByLoadedChunks (55 bytes)
Event: 4354.149 Thread 0x0000019dde28fff0 nmethod 113419 0x0000019dbf72f008 code [0x0000019dbf72f100, 0x0000019dbf72fbc8]
Event: 4354.162 Thread 0x0000019dde292810 113420       3       jdk.internal.net.http.frame.FramesDecoder::parseFrameHeader (45 bytes)
Event: 4354.162 Thread 0x0000019dde292810 nmethod 113420 0x0000019db2adf608 code [0x0000019db2adf700, 0x0000019db2adfa20]
Event: 4354.162 Thread 0x0000019dde292810 113421       3       jdk.internal.net.http.frame.FramesDecoder::parseFrameBody (280 bytes)
Event: 4354.162 Thread 0x0000019dde292810 nmethod 113421 0x0000019db2f28c08 code [0x0000019db2f28d00, 0x0000019db2f29800]
Event: 4359.194 Thread 0x0000019dde28fff0 113422       4       net.minecraft.world.entity.Entity::wrapOperation$cej000$pehkui$pushSelfAwayFrom$other (68 bytes)
Event: 4359.198 Thread 0x0000019dde28fff0 nmethod 113422 0x0000019dbfb3e508 code [0x0000019dbfb3e620, 0x0000019dbfb3eca8]
Event: 4360.644 Thread 0x0000019dde28fff0 113423       4       net.minecraft.world.entity.animal.Bee::m_8024_ (163 bytes)
Event: 4360.653 Thread 0x0000019dde28fff0 nmethod 113423 0x0000019dbfe89b08 code [0x0000019dbfe89c00, 0x0000019dbfe8aa30]
Event: 4362.092 Thread 0x0000019dde28fff0 113424       4       net.minecraft.world.entity.monster.Drowned$DrownedMoveControl::m_8126_ (360 bytes)
Event: 4362.094 Thread 0x0000019dde28fff0 nmethod 113424 0x0000019dbf893088 code [0x0000019dbf8931a0, 0x0000019dbf8934d0]
Event: 4363.642 Thread 0x0000019dde28fff0 113425       4       net.minecraftforge.event.entity.living.MobSpawnEvent$PositionCheck::getListenerList (4 bytes)
Event: 4363.642 Thread 0x0000019dde28fff0 nmethod 113425 0x0000019dbfa28408 code [0x0000019dbfa28500, 0x0000019dbfa28580]
Event: 4370.135 Thread 0x0000019dde292810 113426       3       cy.jdkdigital.productivebees.client.render.entity.layers.BeeBodyLayer::renderNectarLayer (107 bytes)
Event: 4370.136 Thread 0x0000019dde292810 nmethod 113426 0x0000019db3761e08 code [0x0000019db3761f00, 0x0000019db37644e8]
Event: 4376.093 Thread 0x0000019dde28fff0 113427       4       net.minecraft.core.BlockPos$2::computeNext (5 bytes)
Event: 4376.095 Thread 0x0000019dde28fff0 nmethod 113427 0x0000019dbfa28a08 code [0x0000019dbfa28b00, 0x0000019dbfa28cd8]
Event: 4378.543 Thread 0x0000019dde28fff0 113428       4       it.unimi.dsi.fastutil.objects.Object2BooleanOpenHashMap::<init> (107 bytes)
Event: 4378.545 Thread 0x0000019dde28fff0 nmethod 113428 0x0000019dbfc0b688 code [0x0000019dbfc0b7a0, 0x0000019dbfc0be58]

GC Heap Usage History (20 events):
Event: 4305.140 {heap Before GC invocations=1337 (full 0):
 garbage-first heap   total reserved 12582912K, committed 12075008K, used 10823693K [0x0000000500000000, 0x0000000800000000)
  region size 16384K, 221 young (3620864K), 1 survivors (16384K)
}
Event: 4305.142 {heap After GC invocations=1338 (full 0):
 garbage-first heap   total reserved 12582912K, committed 12075008K, used 7217845K [0x0000000500000000, 0x0000000800000000)
  region size 16384K, 1 young (16384K), 1 survivors (16384K)
}
Event: 4311.735 {heap Before GC invocations=1338 (full 0):
 garbage-first heap   total reserved 12582912K, committed 12075008K, used 9970357K [0x0000000500000000, 0x0000000800000000)
  region size 16384K, 169 young (2768896K), 1 survivors (16384K)
}
Event: 4311.781 {heap After GC invocations=1339 (full 0):
 garbage-first heap   total reserved 12582912K, committed 12075008K, used 7215910K [0x0000000500000000, 0x0000000800000000)
  region size 16384K, 1 young (16384K), 1 survivors (16384K)
}
Event: 4320.393 {heap Before GC invocations=1339 (full 0):
 garbage-first heap   total reserved 12582912K, committed 12075008K, used 10836774K [0x0000000500000000, 0x0000000800000000)
  region size 16384K, 222 young (3637248K), 1 survivors (16384K)
}
Event: 4320.396 {heap After GC invocations=1340 (full 0):
 garbage-first heap   total reserved 12582912K, committed 12075008K, used 7219570K [0x0000000500000000, 0x0000000800000000)
  region size 16384K, 1 young (16384K), 1 survivors (16384K)
}
Event: 4329.045 {heap Before GC invocations=1341 (full 0):
 garbage-first heap   total reserved 12582912K, committed 12075008K, used 10840434K [0x0000000500000000, 0x0000000800000000)
  region size 16384K, 222 young (3637248K), 1 survivors (16384K)
}
Event: 4329.047 {heap After GC invocations=1342 (full 0):
 garbage-first heap   total reserved 12582912K, committed 12075008K, used 7220322K [0x0000000500000000, 0x0000000800000000)
  region size 16384K, 1 young (16384K), 1 survivors (16384K)
}
Event: 4337.578 {heap Before GC invocations=1342 (full 0):
 garbage-first heap   total reserved 12582912K, committed 12075008K, used 10824802K [0x0000000500000000, 0x0000000800000000)
  region size 16384K, 221 young (3620864K), 1 survivors (16384K)
}
Event: 4337.592 {heap After GC invocations=1343 (full 0):
 garbage-first heap   total reserved 12582912K, committed 12075008K, used 7217224K [0x0000000500000000, 0x0000000800000000)
  region size 16384K, 1 young (16384K), 1 survivors (16384K)
}
Event: 4346.092 {heap Before GC invocations=1343 (full 0):
 garbage-first heap   total reserved 12582912K, committed 12075008K, used 10838088K [0x0000000500000000, 0x0000000800000000)
  region size 16384K, 222 young (3637248K), 1 survivors (16384K)
}
Event: 4346.095 {heap After GC invocations=1344 (full 0):
 garbage-first heap   total reserved 12582912K, committed 12075008K, used 7220592K [0x0000000500000000, 0x0000000800000000)
  region size 16384K, 1 young (16384K), 1 survivors (16384K)
}
Event: 4352.623 {heap Before GC invocations=1345 (full 0):
 garbage-first heap   total reserved 12582912K, committed 12075008K, used 9973104K [0x0000000500000000, 0x0000000800000000)
  region size 16384K, 169 young (2768896K), 1 survivors (16384K)
}
Event: 4352.625 {heap After GC invocations=1346 (full 0):
 garbage-first heap   total reserved 12582912K, committed 12075008K, used 7222275K [0x0000000500000000, 0x0000000800000000)
  region size 16384K, 1 young (16384K), 1 survivors (16384K)
}
Event: 4359.286 {heap Before GC invocations=1346 (full 0):
 garbage-first heap   total reserved 12582912K, committed 12075008K, used 9974787K [0x0000000500000000, 0x0000000800000000)
  region size 16384K, 169 young (2768896K), 1 survivors (16384K)
}
Event: 4359.320 {heap After GC invocations=1347 (full 0):
 garbage-first heap   total reserved 12582912K, committed 12075008K, used 7219166K [0x0000000500000000, 0x0000000800000000)
  region size 16384K, 1 young (16384K), 1 survivors (16384K)
}
Event: 4365.893 {heap Before GC invocations=1347 (full 0):
 garbage-first heap   total reserved 12582912K, committed 12075008K, used 9971678K [0x0000000500000000, 0x0000000800000000)
  region size 16384K, 169 young (2768896K), 1 survivors (16384K)
}
Event: 4365.931 {heap After GC invocations=1348 (full 0):
 garbage-first heap   total reserved 12582912K, committed 12075008K, used 7217700K [0x0000000500000000, 0x0000000800000000)
  region size 16384K, 1 young (16384K), 1 survivors (16384K)
}
Event: 4374.494 {heap Before GC invocations=1348 (full 0):
 garbage-first heap   total reserved 12582912K, committed 12075008K, used 10838564K [0x0000000500000000, 0x0000000800000000)
  region size 16384K, 222 young (3637248K), 1 survivors (16384K)
}
Event: 4374.497 {heap After GC invocations=1349 (full 0):
 garbage-first heap   total reserved 12582912K, committed 12075008K, used 7219987K [0x0000000500000000, 0x0000000800000000)
  region size 16384K, 1 young (16384K), 1 survivors (16384K)
}

Metaspace Usage History (20 events):
Event: 4305.140 {metaspace Before GC invocations=1337 (full 0):
 Metaspace       used 459169K, committed 463488K, reserved 1441792K
  class space    used 77470K, committed 79616K, reserved 1048576K
}
Event: 4305.142 {metaspace After GC invocations=1338 (full 0):
 Metaspace       used 459169K, committed 463488K, reserved 1441792K
  class space    used 77470K, committed 79616K, reserved 1048576K
}
Event: 4311.735 {metaspace Before GC invocations=1338 (full 0):
 Metaspace       used 459169K, committed 463488K, reserved 1441792K
  class space    used 77470K, committed 79616K, reserved 1048576K
}
Event: 4311.781 {metaspace After GC invocations=1339 (full 0):
 Metaspace       used 459169K, committed 463488K, reserved 1441792K
  class space    used 77470K, committed 79616K, reserved 1048576K
}
Event: 4320.393 {metaspace Before GC invocations=1339 (full 0):
 Metaspace       used 459170K, committed 463488K, reserved 1441792K
  class space    used 77470K, committed 79616K, reserved 1048576K
}
Event: 4320.396 {metaspace After GC invocations=1340 (full 0):
 Metaspace       used 459170K, committed 463488K, reserved 1441792K
  class space    used 77470K, committed 79616K, reserved 1048576K
}
Event: 4329.045 {metaspace Before GC invocations=1341 (full 0):
 Metaspace       used 459171K, committed 463552K, reserved 1441792K
  class space    used 77470K, committed 79616K, reserved 1048576K
}
Event: 4329.047 {metaspace After GC invocations=1342 (full 0):
 Metaspace       used 459171K, committed 463552K, reserved 1441792K
  class space    used 77470K, committed 79616K, reserved 1048576K
}
Event: 4337.578 {metaspace Before GC invocations=1342 (full 0):
 Metaspace       used 459171K, committed 463552K, reserved 1441792K
  class space    used 77470K, committed 79616K, reserved 1048576K
}
Event: 4337.592 {metaspace After GC invocations=1343 (full 0):
 Metaspace       used 459171K, committed 463552K, reserved 1441792K
  class space    used 77470K, committed 79616K, reserved 1048576K
}
Event: 4346.092 {metaspace Before GC invocations=1343 (full 0):
 Metaspace       used 459171K, committed 463552K, reserved 1441792K
  class space    used 77470K, committed 79616K, reserved 1048576K
}
Event: 4346.095 {metaspace After GC invocations=1344 (full 0):
 Metaspace       used 459171K, committed 463552K, reserved 1441792K
  class space    used 77470K, committed 79616K, reserved 1048576K
}
Event: 4352.623 {metaspace Before GC invocations=1345 (full 0):
 Metaspace       used 459171K, committed 463552K, reserved 1441792K
  class space    used 77470K, committed 79616K, reserved 1048576K
}
Event: 4352.625 {metaspace After GC invocations=1346 (full 0):
 Metaspace       used 459171K, committed 463552K, reserved 1441792K
  class space    used 77470K, committed 79616K, reserved 1048576K
}
Event: 4359.286 {metaspace Before GC invocations=1346 (full 0):
 Metaspace       used 459198K, committed 463616K, reserved 1441792K
  class space    used 77470K, committed 79616K, reserved 1048576K
}
Event: 4359.320 {metaspace After GC invocations=1347 (full 0):
 Metaspace       used 459198K, committed 463616K, reserved 1441792K
  class space    used 77470K, committed 79616K, reserved 1048576K
}
Event: 4365.893 {metaspace Before GC invocations=1347 (full 0):
 Metaspace       used 459198K, committed 463616K, reserved 1441792K
  class space    used 77470K, committed 79616K, reserved 1048576K
}
Event: 4365.931 {metaspace After GC invocations=1348 (full 0):
 Metaspace       used 459198K, committed 463616K, reserved 1441792K
  class space    used 77470K, committed 79616K, reserved 1048576K
}
Event: 4374.494 {metaspace Before GC invocations=1348 (full 0):
 Metaspace       used 459199K, committed 463616K, reserved 1441792K
  class space    used 77470K, committed 79616K, reserved 1048576K
}
Event: 4374.497 {metaspace After GC invocations=1349 (full 0):
 Metaspace       used 459199K, committed 463616K, reserved 1441792K
  class space    used 77470K, committed 79616K, reserved 1048576K
}

Dll operation events (19 events):
Event: 0.005 Loaded shared library C:\Users\Stefan\AppData\Roaming\PrismLauncher\java\java-runtime-epsilon\bin\java.dll
Event: 0.349 Loaded shared library C:\Users\Stefan\AppData\Roaming\PrismLauncher\java\java-runtime-epsilon\bin\zip.dll
Event: 0.419 Loaded shared library C:\Users\Stefan\AppData\Roaming\PrismLauncher\java\java-runtime-epsilon\bin\net.dll
Event: 0.420 Loaded shared library C:\Users\Stefan\AppData\Roaming\PrismLauncher\java\java-runtime-epsilon\bin\nio.dll
Event: 0.423 Loaded shared library C:\Users\Stefan\AppData\Roaming\PrismLauncher\java\java-runtime-epsilon\bin\zip.dll
Event: 0.470 Loaded shared library C:\Users\Stefan\AppData\Roaming\PrismLauncher\java\java-runtime-epsilon\bin\jimage.dll
Event: 0.883 Loaded shared library C:\Users\Stefan\AppData\Roaming\PrismLauncher\java\java-runtime-epsilon\bin\verify.dll
Event: 1.588 Loaded shared library C:\Users\Stefan\AppData\Roaming\PrismLauncher\java\java-runtime-epsilon\bin\management.dll
Event: 1.589 Loaded shared library C:\Users\Stefan\AppData\Roaming\PrismLauncher\java\java-runtime-epsilon\bin\management_ext.dll
Event: 2.608 Loaded shared library C:\Users\Stefan\AppData\Local\Temp\lwjglStefan\3.3.1-build-7\lwjgl.dll
Event: 2.765 Loaded shared library C:\Users\Stefan\AppData\Local\Temp\lwjglStefan\3.3.1-build-7\lwjgl_opengl.dll
Event: 2.821 Loaded shared library C:\Users\Stefan\AppData\Local\Temp\lwjglStefan\3.3.1-build-7\lwjgl_stb.dll
Event: 6.691 Loaded shared library C:\Users\Stefan\AppData\Local\Temp\jna--1808509297\jna9693613194264901696.dll
Event: 12.639 Loaded shared library C:\Users\Stefan\AppData\Roaming\PrismLauncher\java\java-runtime-epsilon\bin\sunmscapi.dll
Event: 12.660 Loaded shared library C:\Users\Stefan\AppData\Roaming\PrismLauncher\java\java-runtime-epsilon\bin\extnet.dll
Event: 15.762 Loaded shared library C:\Users\Stefan\AppData\Roaming\PrismLauncher\java\java-runtime-epsilon\bin\awt.dll
Event: 89.327 Loaded shared library C:\Users\Stefan\AppData\Roaming\PrismLauncher\java\java-runtime-epsilon\bin\jsound.dll
Event: 388.473 Loaded shared library C:\Users\Stefan\AppData\Local\Temp\librocksdbjni5118776629417717081.dll
Event: 395.230 Loaded shared library C:\Users\Stefan\AppData\Local\Temp\lwjglStefan\3.3.1-build-7\lwjgl_zstd.dll

Deoptimization events (20 events):
Event: 4213.244 Thread 0x0000019d954222e0 Uncommon trap: trap_request=0xffffffde fr.pc=0x0000019dc096faa4 relative=0x00000000000000a4
Event: 4213.244 Thread 0x0000019d954222e0 Uncommon trap: reason=class_check action=maybe_recompile pc=0x0000019dc096faa4 method=net.minecraft.world.level.block.state.BlockBehaviour$BlockStateBase.m_60629_(Lnet/minecraft/world/item/context/BlockPlaceContext;)Z @ 9 c2
Event: 4213.244 Thread 0x0000019d954222e0 DEOPT PACKING pc=0x0000019dc096faa4 sp=0x00000064f54feae0
Event: 4213.244 Thread 0x0000019d954222e0 DEOPT UNPACKING pc=0x0000019dbeb9b882 sp=0x00000064f54fea70 mode 2
Event: 4213.244 Thread 0x0000019d954222e0 Uncommon trap: trap_request=0xffffffde fr.pc=0x0000019dc096faa4 relative=0x00000000000000a4
Event: 4213.244 Thread 0x0000019d954222e0 Uncommon trap: reason=class_check action=maybe_recompile pc=0x0000019dc096faa4 method=net.minecraft.world.level.block.state.BlockBehaviour$BlockStateBase.m_60629_(Lnet/minecraft/world/item/context/BlockPlaceContext;)Z @ 9 c2
Event: 4213.244 Thread 0x0000019d954222e0 DEOPT PACKING pc=0x0000019dc096faa4 sp=0x00000064f54fec00
Event: 4213.244 Thread 0x0000019d954222e0 DEOPT UNPACKING pc=0x0000019dbeb9b882 sp=0x00000064f54feb90 mode 2
Event: 4229.330 Thread 0x0000019dae8ab6d0 Uncommon trap: trap_request=0xffffff45 fr.pc=0x0000019dbf6a8520 relative=0x00000000000000a0
Event: 4229.330 Thread 0x0000019dae8ab6d0 Uncommon trap: reason=unstable_if action=reinterpret pc=0x0000019dbf6a8520 method=net.minecraft.client.resources.sounds.EntityBoundSoundInstance.m_7788_()V @ 7 c2
Event: 4229.330 Thread 0x0000019dae8ab6d0 DEOPT PACKING pc=0x0000019dbf6a8520 sp=0x00000064f0bfe300
Event: 4229.330 Thread 0x0000019dae8ab6d0 DEOPT UNPACKING pc=0x0000019dbeb9b882 sp=0x00000064f0bfe298 mode 2
Event: 4240.343 Thread 0x0000019d954222e0 Uncommon trap: trap_request=0xffffff45 fr.pc=0x0000019dc2e429a4 relative=0x0000000000000fc4
Event: 4240.343 Thread 0x0000019d954222e0 Uncommon trap: reason=unstable_if action=reinterpret pc=0x0000019dc2e429a4 method=net.minecraft.world.entity.ai.navigation.PathNavigation.m_264193_(Lnet/minecraft/world/level/pathfinder/BlockPathTypes;)Z @ 4 c2
Event: 4240.343 Thread 0x0000019d954222e0 DEOPT PACKING pc=0x0000019dc2e429a4 sp=0x00000064f54fe9e0
Event: 4240.343 Thread 0x0000019d954222e0 DEOPT UNPACKING pc=0x0000019dbeb9b882 sp=0x00000064f54fe930 mode 2
Event: 4263.606 Thread 0x0000019d87f650b0 Uncommon trap: trap_request=0xffffffcc fr.pc=0x0000019dc102831c relative=0x000000000000169c
Event: 4263.606 Thread 0x0000019d87f650b0 Uncommon trap: reason=intrinsic_or_type_checked_inlining action=make_not_entrant pc=0x0000019dc102831c method=java.util.ComparableTimSort.mergeLo(IIII)V @ 326 c2
Event: 4263.606 Thread 0x0000019d87f650b0 DEOPT PACKING pc=0x0000019dc102831c sp=0x00000064f73fe9a0
Event: 4263.606 Thread 0x0000019d87f650b0 DEOPT UNPACKING pc=0x0000019dbeb9b882 sp=0x00000064f73fe968 mode 2

Classes loaded (20 events):
Event: 559.810 Loading class java/util/DualPivotQuicksort$PartitionOperation
Event: 559.810 Loading class java/util/DualPivotQuicksort$PartitionOperation done
Event: 575.195 Loading class java/util/DualPivotQuicksort$Sorter
Event: 575.195 Loading class java/util/DualPivotQuicksort$Sorter done
Event: 645.966 Loading class java/lang/management/ThreadInfo$1
Event: 645.966 Loading class java/lang/management/ThreadInfo$1 done
Event: 2238.239 Loading class javax/imageio/ImageTypeSpecifier$Grayscale
Event: 2238.239 Loading class javax/imageio/ImageTypeSpecifier$Grayscale done
Event: 2238.239 Loading class java/awt/image/MultiPixelPackedSampleModel
Event: 2238.239 Loading class java/awt/image/MultiPixelPackedSampleModel done
Event: 2238.239 Loading class sun/awt/image/BytePackedRaster
Event: 2238.239 Loading class sun/awt/image/BytePackedRaster done
Event: 3236.803 Loading class java/util/concurrent/ForkJoinTask$AdaptedRunnableAction
Event: 3236.803 Loading class java/util/concurrent/ForkJoinTask$AdaptedRunnableAction done
Event: 3435.988 Loading class java/util/stream/DoublePipeline$1
Event: 3435.988 Loading class java/util/stream/DoublePipeline$1 done
Event: 3435.991 Loading class java/util/stream/DoublePipeline$1$1
Event: 3435.991 Loading class java/util/stream/Sink$ChainedDouble
Event: 3435.991 Loading class java/util/stream/Sink$ChainedDouble done
Event: 3435.991 Loading class java/util/stream/DoublePipeline$1$1 done

Classes unloaded (20 events):
Event: 3270.983 Thread 0x0000019ddb3d48a0 Unloading class 0x000000001a554000 'java/lang/invoke/LambdaForm$BMH+0x000000001a554000'
Event: 3270.983 Thread 0x0000019ddb3d48a0 Unloading class 0x000000001a4f8400 'java/lang/invoke/LambdaForm$MH+0x000000001a4f8400'
Event: 3270.983 Thread 0x0000019ddb3d48a0 Unloading class 0x000000001a4c5c00 'java/lang/invoke/LambdaForm$MH+0x000000001a4c5c00'
Event: 3270.983 Thread 0x0000019ddb3d48a0 Unloading class 0x000000001a4c5800 'java/lang/invoke/LambdaForm$BMH+0x000000001a4c5800'
Event: 3270.983 Thread 0x0000019ddb3d48a0 Unloading class 0x000000001a4b6400 'java/lang/invoke/LambdaForm$BMH+0x000000001a4b6400'
Event: 3270.983 Thread 0x0000019ddb3d48a0 Unloading class 0x000000001a4a8400 'java/lang/invoke/LambdaForm$MH+0x000000001a4a8400'
Event: 3270.983 Thread 0x0000019ddb3d48a0 Unloading class 0x000000001a417400 'java/lang/invoke/LambdaForm$MH+0x000000001a417400'
Event: 3270.983 Thread 0x0000019ddb3d48a0 Unloading class 0x000000001a416c00 'java/lang/invoke/LambdaForm$MH+0x000000001a416c00'
Event: 3270.983 Thread 0x0000019ddb3d48a0 Unloading class 0x000000001a3e9000 'java/lang/invoke/LambdaForm$MH+0x000000001a3e9000'
Event: 3270.983 Thread 0x0000019ddb3d48a0 Unloading class 0x000000001a3e8800 'java/lang/invoke/LambdaForm$MH+0x000000001a3e8800'
Event: 3270.983 Thread 0x0000019ddb3d48a0 Unloading class 0x000000001a2d0400 'java/lang/invoke/LambdaForm$MH+0x000000001a2d0400'
Event: 3270.983 Thread 0x0000019ddb3d48a0 Unloading class 0x000000001a2d0000 'java/lang/invoke/LambdaForm$MH+0x000000001a2d0000'
Event: 3270.983 Thread 0x0000019ddb3d48a0 Unloading class 0x000000001a2c0c00 'java/lang/invoke/LambdaForm$BMH+0x000000001a2c0c00'
Event: 3270.983 Thread 0x0000019ddb3d48a0 Unloading class 0x000000001a217800 'java/lang/invoke/LambdaForm$BMH+0x000000001a217800'
Event: 3270.983 Thread 0x0000019ddb3d48a0 Unloading class 0x000000001a215c00 'java/lang/invoke/LambdaForm$MH+0x000000001a215c00'
Event: 3270.983 Thread 0x0000019ddb3d48a0 Unloading class 0x000000001a214400 'java/lang/invoke/LambdaForm$MH+0x000000001a214400'
Event: 3270.983 Thread 0x0000019ddb3d48a0 Unloading class 0x000000001a1d1800 'java/lang/invoke/LambdaForm$MH+0x000000001a1d1800'
Event: 3270.983 Thread 0x0000019ddb3d48a0 Unloading class 0x000000001a114800 'java/lang/invoke/LambdaForm$MH+0x000000001a114800'
Event: 3270.983 Thread 0x0000019ddb3d48a0 Unloading class 0x000000001a105000 'java/lang/invoke/LambdaForm$MH+0x000000001a105000'
Event: 3270.983 Thread 0x0000019ddb3d48a0 Unloading class 0x000000001a09d000 'java/lang/invoke/LambdaForm$BMH+0x000000001a09d000'

Classes redefined (0 events):
No events

Internal exceptions (20 events):
Event: 4361.893 Thread 0x000001a0a43650b0 Exception <a 'sun/nio/fs/WindowsException'{0x00000007b9044b00}> (0x00000007b9044b00) 
thrown [s\src\hotspot\share\prims\jni.cpp, line 516]
Event: 4361.994 Thread 0x000001a0a43650b0 Exception <a 'sun/nio/fs/WindowsException'{0x00000007a60045b0}> (0x00000007a60045b0) 
thrown [s\src\hotspot\share\prims\jni.cpp, line 516]
Event: 4362.502 Thread 0x000001a0a43650b0 Exception <a 'sun/nio/fs/WindowsException'{0x00000007a6005da8}> (0x00000007a6005da8) 
thrown [s\src\hotspot\share\prims\jni.cpp, line 516]
Event: 4362.544 Thread 0x000001a0a43650b0 Exception <a 'sun/nio/fs/WindowsException'{0x0000000799006f38}> (0x0000000799006f38) 
thrown [s\src\hotspot\share\prims\jni.cpp, line 516]
Event: 4362.594 Thread 0x000001a0a43650b0 Exception <a 'sun/nio/fs/WindowsException'{0x000000079780a928}> (0x000000079780a928) 
thrown [s\src\hotspot\share\prims\jni.cpp, line 516]
Event: 4363.344 Thread 0x000001a0a43650b0 Exception <a 'sun/nio/fs/WindowsException'{0x000000077dc061d0}> (0x000000077dc061d0) 
thrown [s\src\hotspot\share\prims\jni.cpp, line 516]
Event: 4364.453 Thread 0x000001a0a43650b0 Exception <a 'sun/nio/fs/WindowsException'{0x0000000761809de8}> (0x0000000761809de8) 
thrown [s\src\hotspot\share\prims\jni.cpp, line 516]
Event: 4366.253 Thread 0x000001a0a43650b0 Exception <a 'sun/nio/fs/WindowsException'{0x00000007f78202a0}> (0x00000007f78202a0) 
thrown [s\src\hotspot\share\prims\jni.cpp, line 516]
Event: 4370.194 Thread 0x000001a0a43650b0 Exception <a 'sun/nio/fs/WindowsException'{0x0000000775808da8}> (0x0000000775808da8) 
thrown [s\src\hotspot\share\prims\jni.cpp, line 516]
Event: 4371.493 Thread 0x000001a0a43650b0 Exception <a 'sun/nio/fs/WindowsException'{0x000000074f80bd50}> (0x000000074f80bd50) 
thrown [s\src\hotspot\share\prims\jni.cpp, line 516]
Event: 4371.903 Thread 0x000001a0a43650b0 Exception <a 'sun/nio/fs/WindowsException'{0x000000073f0085b8}> (0x000000073f0085b8) 
thrown [s\src\hotspot\share\prims\jni.cpp, line 516]
Event: 4371.993 Thread 0x000001a0a43650b0 Exception <a 'sun/nio/fs/WindowsException'{0x000000073a004d10}> (0x000000073a004d10) 
thrown [s\src\hotspot\share\prims\jni.cpp, line 516]
Event: 4372.604 Thread 0x000001a0a43650b0 Exception <a 'sun/nio/fs/WindowsException'{0x0000000727006828}> (0x0000000727006828) 
thrown [s\src\hotspot\share\prims\jni.cpp, line 516]
Event: 4373.453 Thread 0x000001a0a43650b0 Exception <a 'sun/nio/fs/WindowsException'{0x0000000711004870}> (0x0000000711004870) 
thrown [s\src\hotspot\share\prims\jni.cpp, line 516]
Event: 4373.494 Thread 0x000001a0a43650b0 Exception <a 'sun/nio/fs/WindowsException'{0x00000007104068e0}> (0x00000007104068e0) 
thrown [s\src\hotspot\share\prims\jni.cpp, line 516]
Event: 4373.495 Thread 0x0000019e10718f20 Exception <a 'sun/nio/fs/WindowsException'{0x00000007f780d448}> (0x00000007f780d448) 
thrown [s\src\hotspot\share\prims\jni.cpp, line 516]
Event: 4373.496 Thread 0x000001a0a43650b0 Exception <a 'sun/nio/fs/WindowsException'{0x0000000710407f50}> (0x0000000710407f50) 
thrown [s\src\hotspot\share\prims\jni.cpp, line 516]
Event: 4377.404 Thread 0x000001a0a43650b0 Exception <a 'sun/nio/fs/WindowsException'{0x00000007a1805bc0}> (0x00000007a1805bc0) 
thrown [s\src\hotspot\share\prims\jni.cpp, line 516]
Event: 4377.443 Thread 0x000001a0a43650b0 Exception <a 'sun/nio/fs/WindowsException'{0x00000007a08050b0}> (0x00000007a08050b0) 
thrown [s\src\hotspot\share\prims\jni.cpp, line 516]
Event: 4381.503 Thread 0x000001a0a43650b0 Exception <a 'sun/nio/fs/WindowsException'{0x0000000722004850}> (0x0000000722004850) 
thrown [s\src\hotspot\share\prims\jni.cpp, line 516]

VM Operations (20 events):
Event: 4381.455 Executing safepoint VM operation: ThreadDump
Event: 4381.455 Executing safepoint VM operation: ThreadDump done
Event: 4381.466 Executing safepoint VM operation: ThreadDump
Event: 4381.466 Executing safepoint VM operation: ThreadDump done
Event: 4381.475 Executing safepoint VM operation: ThreadDump
Event: 4381.475 Executing safepoint VM operation: ThreadDump done
Event: 4381.486 Executing safepoint VM operation: ThreadDump
Event: 4381.486 Executing safepoint VM operation: ThreadDump done
Event: 4381.496 Executing safepoint VM operation: ThreadDump
Event: 4381.496 Executing safepoint VM operation: ThreadDump done
Event: 4381.505 Executing safepoint VM operation: ThreadDump
Event: 4381.505 Executing safepoint VM operation: ThreadDump done
Event: 4381.515 Executing safepoint VM operation: ThreadDump
Event: 4381.515 Executing safepoint VM operation: ThreadDump done
Event: 4381.526 Executing safepoint VM operation: ThreadDump
Event: 4381.526 Executing safepoint VM operation: ThreadDump done
Event: 4381.535 Executing safepoint VM operation: ThreadDump
Event: 4381.535 Executing safepoint VM operation: ThreadDump done
Event: 4381.546 Executing safepoint VM operation: ThreadDump
Event: 4381.546 Executing safepoint VM operation: ThreadDump done

Memory protections (0 events):
No events

Nmethod flushes (20 events):
Event: 4348.336 Thread 0x0000019ddb3d48a0 flushing  nmethod 0x0000019db6838288
Event: 4348.336 Thread 0x0000019ddb3d48a0 flushing  nmethod 0x0000019db74a4408
Event: 4348.336 Thread 0x0000019ddb3d48a0 flushing  nmethod 0x0000019db70bda08
Event: 4348.336 Thread 0x0000019ddb3d48a0 flushing  nmethod 0x0000019db71afd88
Event: 4348.336 Thread 0x0000019ddb3d48a0 flushing  nmethod 0x0000019db72f3688
Event: 4348.336 Thread 0x0000019ddb3d48a0 flushing  nmethod 0x0000019db7064c88
Event: 4348.336 Thread 0x0000019ddb3d48a0 flushing  nmethod 0x0000019db7310a88
Event: 4348.336 Thread 0x0000019ddb3d48a0 flushing  nmethod 0x0000019db7201888
Event: 4348.336 Thread 0x0000019ddb3d48a0 flushing  nmethod 0x0000019db78e8708
Event: 4348.336 Thread 0x0000019ddb3d48a0 flushing  nmethod 0x0000019db3e08f08
Event: 4348.336 Thread 0x0000019ddb3d48a0 flushing  nmethod 0x0000019db7173388
Event: 4348.336 Thread 0x0000019ddb3d48a0 flushing  nmethod 0x0000019db6fe6b88
Event: 4376.738 Thread 0x0000019ddb3d48a0 flushing  nmethod 0x0000019db4559d88
Event: 4376.738 Thread 0x0000019ddb3d48a0 flushing  nmethod 0x0000019db64f5a08
Event: 4376.738 Thread 0x0000019ddb3d48a0 flushing  nmethod 0x0000019db4bbeb08
Event: 4376.738 Thread 0x0000019ddb3d48a0 flushing  nmethod 0x0000019db768b188
Event: 4376.738 Thread 0x0000019ddb3d48a0 flushing  nmethod 0x0000019db6284588
Event: 4376.738 Thread 0x0000019ddb3d48a0 flushing  nmethod 0x0000019db38fa408
Event: 4376.738 Thread 0x0000019ddb3d48a0 flushing  nmethod 0x0000019db7202a08
Event: 4376.738 Thread 0x0000019ddb3d48a0 flushing  nmethod 0x0000019db37ac208

Events (20 events):
Event: 4381.180 Thread 0x000001a11aa7f840 Thread exited: 0x000001a11aa7f840
Event: 4381.180 Thread 0x000001a11aa807e0 Thread exited: 0x000001a11aa807e0
Event: 4381.231 Thread 0x0000019dae8ab6d0 Thread added: 0x000001a11aa7f840
Event: 4381.232 Thread 0x000001a11aa7f840 Thread exited: 0x000001a11aa7f840
Event: 4381.280 Thread 0x0000019dae8ab6d0 Thread added: 0x000001a11aa7f840
Event: 4381.281 Thread 0x000001a11aa7f840 Thread exited: 0x000001a11aa7f840
Event: 4381.331 Thread 0x0000019dae8ab6d0 Thread added: 0x000001a11aa807e0
Event: 4381.331 Thread 0x0000019dae8ab6d0 Thread added: 0x000001a11aa7f840
Event: 4381.331 Thread 0x000001a11aa7f840 Thread exited: 0x000001a11aa7f840
Event: 4381.331 Thread 0x000001a11aa807e0 Thread exited: 0x000001a11aa807e0
Event: 4381.381 Thread 0x0000019dae8ab6d0 Thread added: 0x000001a11aa807e0
Event: 4381.382 Thread 0x000001a11aa807e0 Thread exited: 0x000001a11aa807e0
Event: 4381.431 Thread 0x0000019dae8ab6d0 Thread added: 0x000001a0a438c1b0
Event: 4381.432 Thread 0x000001a0a438c1b0 Thread exited: 0x000001a0a438c1b0
Event: 4381.482 Thread 0x0000019dae8ab6d0 Thread added: 0x000001a11aa807e0
Event: 4381.482 Thread 0x0000019dae8ab6d0 Thread added: 0x000001a11aa7f840
Event: 4381.482 Thread 0x000001a11aa7f840 Thread exited: 0x000001a11aa7f840
Event: 4381.483 Thread 0x000001a11aa807e0 Thread exited: 0x000001a11aa807e0
Event: 4381.532 Thread 0x0000019dae8ab6d0 Thread added: 0x000001a0a4385c20
Event: 4381.533 Thread 0x000001a0a4385c20 Thread exited: 0x000001a0a4385c20


Dynamic libraries:
0x00007ff75e610000 - 0x00007ff75e61e000 	C:\Users\Stefan\AppData\Roaming\PrismLauncher\java\java-runtime-epsilon\bin\javaw.exe
0x00007fff31570000 - 0x00007fff31768000 	C:\WINDOWS\SYSTEM32\ntdll.dll
0x00007fff30b40000 - 0x00007fff30c02000 	C:\WINDOWS\System32\KERNEL32.DLL
0x00007fff2eeb0000 - 0x00007fff2f1a6000 	C:\WINDOWS\System32\KERNELBASE.dll
0x00007fff2f410000 - 0x00007fff2f510000 	C:\WINDOWS\System32\ucrtbase.dll
0x00007fff29ee0000 - 0x00007fff29ef7000 	C:\Users\Stefan\AppData\Roaming\PrismLauncher\java\java-runtime-epsilon\bin\jli.dll
0x00007fff29f00000 - 0x00007fff29f1e000 	C:\Users\Stefan\AppData\Roaming\PrismLauncher\java\java-runtime-epsilon\bin\VCRUNTIME140.dll
0x00007fff30890000 - 0x00007fff30a31000 	C:\WINDOWS\System32\USER32.dll
0x00007fff2ecf0000 - 0x00007fff2ed12000 	C:\WINDOWS\System32\win32u.dll
0x00007fff1b350000 - 0x00007fff1b5eb000 	C:\WINDOWS\WinSxS\amd64_microsoft.windows.common-controls_6595b64144ccf1df_6.0.19041.6456_none_60b8a6cb71f64256\COMCTL32.dll
0x00007fff2f7c0000 - 0x00007fff2f7eb000 	C:\WINDOWS\System32\GDI32.dll
0x00007fff307e0000 - 0x00007fff3087e000 	C:\WINDOWS\System32\msvcrt.dll
0x00007fff2f2f0000 - 0x00007fff2f409000 	C:\WINDOWS\System32\gdi32full.dll
0x00007fff2ec50000 - 0x00007fff2eced000 	C:\WINDOWS\System32\msvcp_win.dll
0x00007fff2f5f0000 - 0x00007fff2f61f000 	C:\WINDOWS\System32\IMM32.DLL
0x00007fff2a5c0000 - 0x00007fff2a5cc000 	C:\Users\Stefan\AppData\Roaming\PrismLauncher\java\java-runtime-epsilon\bin\vcruntime140_1.dll
0x00007fff1c280000 - 0x00007fff1c309000 	C:\Users\Stefan\AppData\Roaming\PrismLauncher\java\java-runtime-epsilon\bin\msvcp140.dll
0x00007ffeeb0a0000 - 0x00007ffeebfcf000 	C:\Users\Stefan\AppData\Roaming\PrismLauncher\java\java-runtime-epsilon\bin\server\jvm.dll
0x00007fff2f700000 - 0x00007fff2f7b1000 	C:\WINDOWS\System32\ADVAPI32.dll
0x00007fff30aa0000 - 0x00007fff30b3f000 	C:\WINDOWS\System32\sechost.dll
0x00007fff311a0000 - 0x00007fff312c0000 	C:\WINDOWS\System32\RPCRT4.dll
0x00007fff2ee80000 - 0x00007fff2eea7000 	C:\WINDOWS\System32\bcrypt.dll
0x00007fff306d0000 - 0x00007fff3073b000 	C:\WINDOWS\System32\WS2_32.dll
0x00007fff2e150000 - 0x00007fff2e19b000 	C:\WINDOWS\SYSTEM32\POWRPROF.dll
0x00007fff1edc0000 - 0x00007fff1ede7000 	C:\WINDOWS\SYSTEM32\WINMM.dll
0x00007fff26540000 - 0x00007fff2654a000 	C:\WINDOWS\SYSTEM32\VERSION.dll
0x00007fff2dfc0000 - 0x00007fff2dfd2000 	C:\WINDOWS\SYSTEM32\UMPDC.dll
0x00007fff2ca50000 - 0x00007fff2ca62000 	C:\WINDOWS\SYSTEM32\kernel.appcore.dll
0x00007fff1d150000 - 0x00007fff1d15a000 	C:\Users\Stefan\AppData\Roaming\PrismLauncher\java\java-runtime-epsilon\bin\jimage.dll
0x00007fff27b20000 - 0x00007fff27d21000 	C:\WINDOWS\SYSTEM32\DBGHELP.DLL
0x00007fff14280000 - 0x00007fff142b4000 	C:\WINDOWS\SYSTEM32\dbgcore.DLL
0x00007fff2f260000 - 0x00007fff2f2e2000 	C:\WINDOWS\System32\bcryptPrimitives.dll
0x00007fff1c630000 - 0x00007fff1c64f000 	C:\Users\Stefan\AppData\Roaming\PrismLauncher\java\java-runtime-epsilon\bin\java.dll
0x00007fff2fc60000 - 0x00007fff2fd8b000 	C:\WINDOWS\System32\ole32.dll
0x00007fff30c70000 - 0x00007fff30fc4000 	C:\WINDOWS\System32\combase.dll
0x00007fff2fd90000 - 0x00007fff30500000 	C:\WINDOWS\System32\SHELL32.dll
0x00007fff1c520000 - 0x00007fff1c537000 	C:\Users\Stefan\AppData\Roaming\PrismLauncher\java\java-runtime-epsilon\bin\zip.dll
0x00007fff2cc50000 - 0x00007fff2d3f5000 	C:\WINDOWS\SYSTEM32\windows.storage.dll
0x00007fff2e550000 - 0x00007fff2e57b000 	C:\WINDOWS\SYSTEM32\Wldp.dll
0x00007fff31340000 - 0x00007fff3140d000 	C:\WINDOWS\System32\OLEAUT32.dll
0x00007fff30fd0000 - 0x00007fff3107d000 	C:\WINDOWS\System32\SHCORE.dll
0x00007fff31090000 - 0x00007fff310eb000 	C:\WINDOWS\System32\shlwapi.dll
0x00007fff2eb30000 - 0x00007fff2eb54000 	C:\WINDOWS\SYSTEM32\profapi.dll
0x00007fff1c260000 - 0x00007fff1c272000 	C:\Users\Stefan\AppData\Roaming\PrismLauncher\java\java-runtime-epsilon\bin\net.dll
0x00007fff2e330000 - 0x00007fff2e39a000 	C:\WINDOWS\system32\mswsock.dll
0x00007fff1c240000 - 0x00007fff1c256000 	C:\Users\Stefan\AppData\Roaming\PrismLauncher\java\java-runtime-epsilon\bin\nio.dll
0x00007fff2e590000 - 0x00007fff2e5a8000 	C:\WINDOWS\SYSTEM32\CRYPTSP.dll
0x00007fff2dc00000 - 0x00007fff2dc38000 	C:\WINDOWS\system32\rsaenh.dll
0x00007fff2eaf0000 - 0x00007fff2eb1e000 	C:\WINDOWS\SYSTEM32\USERENV.dll
0x00007fff2e4c0000 - 0x00007fff2e4cc000 	C:\WINDOWS\SYSTEM32\CRYPTBASE.dll
0x00007fff2dfe0000 - 0x00007fff2e01b000 	C:\WINDOWS\SYSTEM32\IPHLPAPI.DLL
0x00007fff31080000 - 0x00007fff31088000 	C:\WINDOWS\System32\NSI.dll
0x00007fff1d140000 - 0x00007fff1d150000 	C:\Users\Stefan\AppData\Roaming\PrismLauncher\java\java-runtime-epsilon\bin\verify.dll
0x00007fff1c6b0000 - 0x00007fff1c6ba000 	C:\Users\Stefan\AppData\Roaming\PrismLauncher\java\java-runtime-epsilon\bin\management.dll
0x00007fff1c360000 - 0x00007fff1c36c000 	C:\Users\Stefan\AppData\Roaming\PrismLauncher\java\java-runtime-epsilon\bin\management_ext.dll
0x00007fff307d0000 - 0x00007fff307d8000 	C:\WINDOWS\System32\PSAPI.DLL
0x00007ffee3980000 - 0x00007ffee3997000 	C:\WINDOWS\system32\napinsp.dll
0x00007ffee3960000 - 0x00007ffee397b000 	C:\WINDOWS\system32\pnrpnsp.dll
0x00007fff2b740000 - 0x00007fff2b75d000 	C:\WINDOWS\system32\wshbth.dll
0x00007fff29840000 - 0x00007fff2985d000 	C:\WINDOWS\system32\NLAapi.dll
0x00007fff2e030000 - 0x00007fff2e0fa000 	C:\WINDOWS\SYSTEM32\DNSAPI.dll
0x00007ffee3940000 - 0x00007ffee3952000 	C:\WINDOWS\System32\winrnr.dll
0x00007fff24d40000 - 0x00007fff24dc0000 	C:\WINDOWS\System32\fwpuclnt.dll
0x00007fff24e80000 - 0x00007fff24e8a000 	C:\Windows\System32\rasadhlp.dll
0x00007fff1c1c0000 - 0x00007fff1c235000 	C:\Users\Stefan\AppData\Local\Temp\lwjglStefan\3.3.1-build-7\lwjgl.dll
0x00007fff1c150000 - 0x00007fff1c1b1000 	C:\Users\Stefan\AppData\Local\Temp\lwjglStefan\3.3.1-build-7\glfw.dll
0x00007ffebc750000 - 0x00007ffebc795000 	C:\WINDOWS\SYSTEM32\dinput8.dll
0x00007ffebc7a0000 - 0x00007ffebc7b1000 	C:\WINDOWS\SYSTEM32\xinput1_4.dll
0x00007fff2ec00000 - 0x00007fff2ec4e000 	C:\WINDOWS\System32\cfgmgr32.dll
0x00007fff2e990000 - 0x00007fff2e9c3000 	C:\WINDOWS\SYSTEM32\DEVOBJ.dll
0x00007fff2c870000 - 0x00007fff2c89e000 	C:\WINDOWS\SYSTEM32\dwmapi.dll
0x00007fff231a0000 - 0x00007fff232f2000 	C:\WINDOWS\SYSTEM32\inputhost.dll
0x00007fff2b760000 - 0x00007fff2b8b7000 	C:\WINDOWS\SYSTEM32\wintypes.dll
0x00007fff2a280000 - 0x00007fff2a372000 	C:\WINDOWS\SYSTEM32\CoreMessaging.dll
0x00007fff2bf60000 - 0x00007fff2c054000 	C:\WINDOWS\SYSTEM32\PROPSYS.dll
0x00007fff29f20000 - 0x00007fff2a27b000 	C:\WINDOWS\SYSTEM32\CoreUIComponents.dll
0x00007fff2de50000 - 0x00007fff2de83000 	C:\WINDOWS\SYSTEM32\ntmarta.dll
0x00007fff2c470000 - 0x00007fff2c50e000 	C:\WINDOWS\system32\uxtheme.dll
0x00007fff31410000 - 0x00007fff31525000 	C:\WINDOWS\System32\MSCTF.dll
0x00007ffedd0c0000 - 0x00007ffedd1e8000 	C:\WINDOWS\SYSTEM32\opengl32.dll
0x00007ffedd090000 - 0x00007ffedd0bc000 	C:\WINDOWS\SYSTEM32\GLU32.dll
0x00007fff310f0000 - 0x00007fff31199000 	C:\WINDOWS\System32\clbcatq.dll
0x00007ffec14a0000 - 0x00007ffec14d0000 	C:\WINDOWS\System32\DriverStore\FileRepository\u0419752.inf_amd64_024ed4a72563780a\B419298\atig6pxx.dll
0x00007ffebd680000 - 0x00007ffec149f000 	C:\WINDOWS\System32\DriverStore\FileRepository\u0419752.inf_amd64_024ed4a72563780a\B419298\atio6axx.dll
0x00007fff2f7f0000 - 0x00007fff2fc60000 	C:\WINDOWS\System32\SETUPAPI.dll
0x00007fff2f510000 - 0x00007fff2f583000 	C:\WINDOWS\System32\WINTRUST.dll
0x00007fff2ed20000 - 0x00007fff2ee7d000 	C:\WINDOWS\System32\CRYPT32.dll
0x00007fff2e7c0000 - 0x00007fff2e7d2000 	C:\WINDOWS\SYSTEM32\MSASN1.dll
0x00007fff1e9f0000 - 0x00007fff1ea2c000 	C:\WINDOWS\System32\DriverStore\FileRepository\u0419752.inf_amd64_024ed4a72563780a\B419298\amdihk64.dll
0x00007ffeeaa90000 - 0x00007ffeeace9000 	C:\Users\Stefan\AppData\Local\Temp\lwjglStefan\3.3.1-build-7\jemalloc.dll
0x00007fff23300000 - 0x00007fff233f9000 	C:\WINDOWS\SYSTEM32\textinputframework.dll
0x00007ffefc230000 - 0x00007ffefc28d000 	C:\Users\Stefan\AppData\Local\Temp\lwjglStefan\3.3.1-build-7\lwjgl_opengl.dll
0x00007ffeef8f0000 - 0x00007ffeef971000 	C:\Users\Stefan\AppData\Local\Temp\lwjglStefan\3.3.1-build-7\lwjgl_stb.dll
0x00007fff1c110000 - 0x00007fff1c150000 	C:\Users\Stefan\AppData\Local\Temp\jna--1808509297\jna9693613194264901696.dll
0x00007fff17710000 - 0x00007fff1772f000 	C:\WINDOWS\SYSTEM32\amsi.dll
0x00007fff175c0000 - 0x00007fff17663000 	C:\ProgramData\Microsoft\Windows Defender\Platform\4.18.26060.3008-0\MpOav.dll
0x00007fff24e20000 - 0x00007fff24e71000 	C:\WINDOWS\SYSTEM32\Pdh.dll
0x00007fff14750000 - 0x00007fff1475f000 	C:\WINDOWS\System32\perfos.dll
0x00007fff1bfc0000 - 0x00007fff1bfce000 	C:\Users\Stefan\AppData\Roaming\PrismLauncher\java\java-runtime-epsilon\bin\sunmscapi.dll
0x00007fff2e6a0000 - 0x00007fff2e6c7000 	C:\WINDOWS\SYSTEM32\ncrypt.dll
0x00007fff2e660000 - 0x00007fff2e69b000 	C:\WINDOWS\SYSTEM32\NTASN1.dll
0x00007fff1bf30000 - 0x00007fff1bf39000 	C:\Users\Stefan\AppData\Roaming\PrismLauncher\java\java-runtime-epsilon\bin\extnet.dll
0x00007fff24eb0000 - 0x00007fff24f5e000 	C:\WINDOWS\SYSTEM32\mscms.dll
0x00007fff24e90000 - 0x00007fff24ea1000 	C:\WINDOWS\SYSTEM32\ColorAdapterClient.dll
0x00007fff1cc50000 - 0x00007fff1cc95000 	C:\WINDOWS\SYSTEM32\icm32.dll
0x00007fff09cb0000 - 0x00007fff09ce4000 	C:\Users\Stefan\AppData\Local\Temp\watermedia\videolan\libvlc.dll
0x00007ffeea2c0000 - 0x00007ffeea575000 	C:\Users\Stefan\AppData\Local\Temp\watermedia\videolan\libvlccore.dll
0x00007ffebc810000 - 0x00007ffebc8ac000 	C:\WINDOWS\SYSTEM32\DSOUND.dll
0x00007fff07f40000 - 0x00007fff07f66000 	C:\WINDOWS\SYSTEM32\winmmbase.dll
0x00007ffeaff00000 - 0x00007ffeb000e000 	C:\Users\Stefan\AppData\Local\Temp\watermedia\videolan\plugins\misc\libxml_plugin.dll
0x00007ffee9f30000 - 0x00007ffeea2c0000 	C:\Users\Stefan\AppData\Local\Temp\watermedia\videolan\plugins\access\libaccess_srt_plugin.dll
0x00007ffee1ec0000 - 0x00007ffee1ec9000 	C:\WINDOWS\SYSTEM32\WSOCK32.dll
0x00007ffee9c90000 - 0x00007ffee9f26000 	C:\Users\Stefan\AppData\Local\Temp\watermedia\videolan\plugins\access\libdcp_plugin.dll
0x00007fff1a820000 - 0x00007fff1a838000 	C:\Users\Stefan\AppData\Local\Temp\watermedia\videolan\plugins\access\libfilesystem_plugin.dll
0x00007fff0ef10000 - 0x00007fff0ef36000 	C:\Users\Stefan\AppData\Local\Temp\watermedia\videolan\plugins\access\libftp_plugin.dll
0x00007fff04720000 - 0x00007fff0474d000 	C:\Users\Stefan\AppData\Local\Temp\watermedia\videolan\plugins\access\libhttps_plugin.dll
0x00007fff1a7e0000 - 0x00007fff1a7fa000 	C:\Users\Stefan\AppData\Local\Temp\watermedia\videolan\plugins\access\libhttp_plugin.dll
0x00007fff1a6b0000 - 0x00007fff1a6c1000 	C:\Users\Stefan\AppData\Local\Temp\watermedia\videolan\plugins\access\libimem_plugin.dll
0x00007fff041d0000 - 0x00007fff0421f000 	C:\Users\Stefan\AppData\Local\Temp\watermedia\videolan\plugins\access\libnfs_plugin.dll
0x00007ffeef810000 - 0x00007ffeef8ef000 	C:\Users\Stefan\AppData\Local\Temp\watermedia\videolan\plugins\access\libsftp_plugin.dll
0x00007fff177c0000 - 0x00007fff177d1000 	C:\Users\Stefan\AppData\Local\Temp\watermedia\videolan\plugins\access\libtcp_plugin.dll
0x00007fff153e0000 - 0x00007fff153f1000 	C:\Users\Stefan\AppData\Local\Temp\watermedia\videolan\plugins\access\libudp_plugin.dll
0x00007fff14c90000 - 0x00007fff14ca9000 	C:\Users\Stefan\AppData\Local\Temp\watermedia\videolan\plugins\audio_filter\libaudiobargraph_a_plugin.dll
0x00007fff0f960000 - 0x00007fff0f976000 	C:\Users\Stefan\AppData\Local\Temp\watermedia\videolan\plugins\audio_filter\libaudio_format_plugin.dll
0x00007fff0c140000 - 0x00007fff0c153000 	C:\Users\Stefan\AppData\Local\Temp\watermedia\videolan\plugins\audio_filter\libchorus_flanger_plugin.dll
0x00007ffefd6b0000 - 0x00007ffefd6c4000 	C:\Users\Stefan\AppData\Local\Temp\watermedia\videolan\plugins\audio_filter\libcompressor_plugin.dll
0x00007ffefc210000 - 0x00007ffefc221000 	C:\Users\Stefan\AppData\Local\Temp\watermedia\videolan\plugins\audio_filter\libdolby_surround_decoder_plugin.dll
0x00007ffef5950000 - 0x00007ffef596b000 	C:\Users\Stefan\AppData\Local\Temp\watermedia\videolan\plugins\audio_filter\libequalizer_plugin.dll

JVMTI agents: none

dbghelp: loaded successfully - version: 4.0.5 - missing functions: none
symbol engine: initialized successfully - sym options: 0x614 - pdb path: .;C:\Users\Stefan\AppData\Roaming\PrismLauncher\java\java-runtime-epsilon\bin;C:\WINDOWS\SYSTEM32;C:\WINDOWS\WinSxS\amd64_microsoft.windows.common-controls_6595b64144ccf1df_6.0.19041.6456_none_60b8a6cb71f64256;C:\Users\Stefan\AppData\Roaming\PrismLauncher\java\java-runtime-epsilon\bin\server;C:\Users\Stefan\AppData\Local\Temp\lwjglStefan\3.3.1-build-7;C:\WINDOWS\System32\DriverStore\FileRepository\u0419752.inf_amd64_024ed4a72563780a\B419298;C:\Users\Stefan\AppData\Local\Temp\jna--1808509297;C:\ProgramData\Microsoft\Windows Defender\Platform\4.18.26060.3008-0;C:\Users\Stefan\AppData\Local\Temp\watermedia\videolan;C:\Users\Stefan\AppData\Local\Temp\watermedia\videolan\plugins\misc;C:\Users\Stefan\AppData\Local\Temp\watermedia\videolan\plugins\access;C:\Users\Stefan\AppData\Local\Temp\watermedia\videolan\plugins\audio_filter;C:\Users\Stefan\AppData\Local\Temp\watermedia\videolan\plugins\audio_mixer;C:\Users\Stefan\AppData\Local\Temp\watermedia\videolan\plugins\audio_output;C:\Users\Stefan\AppData\Local\Temp\watermedia\videolan\plugins\codec;C:\Users\Stefan\AppData\Local\Temp\watermedia\videolan\plugins\d3d11;C:\Users\Stefan\AppData\Local\Temp\watermedia\videolan\plugins\d3d9;C:\Users\Stefan\AppData\Local\Temp\watermedia\videolan\plugins\demux;C:\Users\Stefan\AppData\Local\Temp\watermedia\videolan\plugins\logger;C:\Users\Stefan\AppData\Local\Temp\watermedia\videolan\plugins\lua;C:\Users\Stefan\AppData\Local\Temp\watermedia\videolan\plugins\mux;C:\Users\Stefan\AppData\Local\Temp\watermedia\videolan\plugins\packetizer;C:\Users\Stefan\AppData\Local\Temp\watermedia\videolan\plugins\spu;C:\Users\Stefan\AppData\Local\Temp\watermedia\videolan\plugins\stream_filter;C:\Users\Stefan\AppData\Local\Temp\watermedia\videolan\plugins\video_chroma;C:\Users\Stefan\AppData\Local\Temp\watermedia\videolan\plugins\video_filter;C:\Users\Stefan\AppData\Local\Temp\watermedia\videolan\plugins\video_output;C:\WINDOWS\System32\Speech\Common;C:\Users\Stefan\AppData\Local\Temp

VM Arguments:
jvm_args: -XX:+UnlockExperimentalVMOptions -XX:+UnlockDiagnosticVMOptions -XX:+AlwaysPreTouch -XX:+DisableExplicitGC -XX:+UseNUMA -XX:NmethodSweepActivity=1 -XX:ReservedCodeCacheSize=400M -XX:NonNMethodCodeHeapSize=12M -XX:ProfiledCodeHeapSize=194M -XX:NonProfiledCodeHeapSize=194M -XX:-DontCompileHugeMethods -XX:MaxNodeLimit=240000 -XX:NodeLimitFudgeFactor=8000 -XX:+UseVectorCmov -XX:+PerfDisableSharedMem -XX:+UseFastUnorderedTimeStamps -XX:+UseCriticalJavaThreadPriority -XX:ThreadPriorityPolicy=1 -XX:AllocatePrefetchStyle=3 -XX:+UseG1GC -XX:MaxGCPauseMillis=37 -XX:+PerfDisableSharedMem -XX:G1HeapRegionSize=16M -XX:G1NewSizePercent=23 -XX:G1ReservePercent=20 -XX:SurvivorRatio=32 -XX:G1MixedGCCountTarget=3 -XX:G1HeapWastePercent=20 -XX:InitiatingHeapOccupancyPercent=10 -XX:G1RSetUpdatingPauseTimePercent=0 -XX:MaxTenuringThreshold=1 -XX:G1SATBBufferEnqueueingThresholdPercent=30 -XX:GCTimeRatio=99 -XX:+UseLargePages -XX:LargePageSizeInBytes=2m -XX:HeapDumpPath=MojangTricksIntelDriversForPerformance_javaw.exe_minecraft.exe.heapdump -Xms8192m -Xmx12288m -Duser.language=en -Djava.library.path=C:/Users/Stefan/AppData/Roaming/PrismLauncher/instances/ZFG Whatever/natives 
java_command: org.prismlauncher.EntryPoint
java_class_path (initial): C:/Users/Stefan/AppData/Local/Programs/PrismLauncher/jars/NewLaunch.jar;C:/Users/Stefan/AppData/Roaming/PrismLauncher/libraries/org/lwjgl/lwjgl-glfw-natives-windows-arm64/3.3.1/lwjgl-glfw-natives-windows-arm64-3.3.1.jar;C:/Users/Stefan/AppData/Roaming/PrismLauncher/libraries/org/lwjgl/lwjgl-glfw-natives-windows-x86/3.3.1/lwjgl-glfw-natives-windows-x86-3.3.1.jar;C:/Users/Stefan/AppData/Roaming/PrismLauncher/libraries/org/lwjgl/lwjgl-glfw-natives-windows/3.3.1/lwjgl-glfw-natives-windows-3.3.1.jar;C:/Users/Stefan/AppData/Roaming/PrismLauncher/libraries/org/lwjgl/lwjgl-glfw/3.3.1/lwjgl-glfw-3.3.1.jar;C:/Users/Stefan/AppData/Roaming/PrismLauncher/libraries/org/lwjgl/lwjgl-jemalloc-natives-windows-arm64/3.3.1/lwjgl-jemalloc-natives-windows-arm64-3.3.1.jar;C:/Users/Stefan/AppData/Roaming/PrismLauncher/libraries/org/lwjgl/lwjgl-jemalloc-natives-windows-x86/3.3.1/lwjgl-jemalloc-natives-windows-x86-3.3.1.jar;C:/Users/Stefan/AppData/Roaming/PrismLauncher/libraries/org/lwjgl/lwjgl-jemalloc-natives-windows/3.3.1/lwjgl-jemalloc-natives-windows-3.3.1.jar;C:/Users/Stefan/AppData/Roaming/PrismLauncher/libraries/org/lwjgl/lwjgl-jemalloc/3.3.1/lwjgl-jemalloc-3.3.1.jar;C:/Users/Stefan/AppData/Roaming/PrismLauncher/libraries/org/lwjgl/lwjgl-natives-windows-arm64/3.3.1/lwjgl-natives-windows-arm64-3.3.1.jar;C:/Users/Stefan/AppData/Roaming/PrismLauncher/libraries/org/lwjgl/lwjgl-natives-windows-x86/3.3.1/lwjgl-natives-windows-x86-3.3.1.jar;C:/Users/Stefan/AppData/Roaming/PrismLauncher/libraries/org/lwjgl/lwjgl-natives-windows/3.3.1/lwjgl-natives-windows-3.3.1.jar;C:/Users/Stefan/AppData/Roaming/PrismLauncher/libraries/org/lwjgl/lwjgl-openal-natives-windows-arm64/3.3.1/lwjgl-openal-natives-windows-arm64-3.3.1.jar;C:/Users/Stefan/AppData/Roaming/PrismLauncher/libraries/org/lwjgl/lwjgl-openal-natives-windows-x86/3.3.1/lwjgl-openal-natives-windows-x86-3.3.1.jar;C:/Users/Stefan/AppData/Roaming/PrismLauncher/libraries/org/lwjgl/lwjgl-openal-natives-windows/3.3.1/lwjgl-openal-natives-windows-3.3.1.jar;C:/Users/Stefan/AppData/Roaming/PrismLauncher/libraries/org/lwjgl/lwjgl-openal/3.3.1/lwjgl-openal-3.3.1.jar;C:/Users/Stefan/AppData/Roaming/PrismLauncher/libraries/org/lwjgl/lwjgl-opengl-natives-windows-arm64/3.3.1/lwjgl-opengl-natives-windows-arm64-3.3.1.jar;C:/Users/Stefan/AppData/Roaming/PrismLauncher/libraries/org/lwjgl/lwjgl-opengl-natives-windows-x86/3.3.1/lwjgl-opengl-natives-windows-x86-3.3.1.jar;C:/Users/Stefan/AppData/Roaming/PrismLauncher/libraries/org/lwjgl/lwjgl-opengl-natives-windows/3.3.1/lwjgl-opengl-natives-windows-3.3.1.jar;C:/Users/Stefan/AppData/Roaming/PrismLauncher/libraries/org/lwjgl/lwjgl-opengl/3.3.1/lwjgl-opengl-3.3.1.jar;C:/Users/Stefan/AppData/Roaming/PrismLauncher/libraries/org/lwjgl/lwjgl-stb-natives-windows-arm64/3.3.1/lwjgl-stb-natives-windows-arm64-3.3.1.jar;C:/Users/Stefan/AppData/Roaming/PrismLauncher/libraries/org/lwjgl/lwjgl-stb-natives-windows-x86/3.3.1/lwjgl-stb-natives-windows-x86-3.3.1.jar;C:/Users/Stefan/AppData/Roaming/PrismLauncher/libraries/org/lwjgl/lwjgl-stb-natives-windows/3.3.1/lwjgl-stb-natives-windows-3.3.1.jar;C:/Users/Stefan/AppData/Roaming/PrismLauncher/libraries/org/lwjgl/lwjgl-stb/3.3.1/lwjgl-stb-3.3.1.jar;C:/Users/Stefan/AppData/Roaming/PrismLauncher/libraries/org/lwjgl/lwjgl-tinyfd-natives-windows-arm64/3.3.1/lwjgl-tinyfd-natives-windows-arm64-3.3.1.jar;C:/Users/Stefan/AppData/Roaming/PrismLauncher/libraries/org/lwjgl/lwjgl-tinyfd-natives-windows-x86/3.3.1/lwjgl-tinyfd-natives-windows-x86-3.3.1.jar;C:/Users/Stefan/AppData/Roaming/PrismLauncher/libraries/org/lwjgl/lwjgl-tinyfd-natives-windows/3.3.1/lwjgl-tinyfd-natives-windows-3.3.1.jar;C:/Users/Stefan/AppData/Roaming/PrismLauncher/libraries/org/lwjgl/lwjgl-tinyfd/3.3.1/lwjgl-tinyfd-3.3.1.jar;C:/Users/Stefan/AppData/Roaming/PrismLauncher/libraries/org/lwjgl/lwjgl/3.3.1/lwjgl-3.3.1.jar;C:/Users/Stefan/AppData/Roaming/PrismLauncher/libraries/com/github/oshi/oshi-core/6.2.2/oshi-core-6.2.2.jar;C:/Users/Stefan/AppData/Roaming/PrismLauncher/libraries/com/google/code/gson/gson/2.10/gson-2.10.jar;C:/Users/Stefan/AppData/Roaming/PrismLauncher/libraries/com/google/guava/failureaccess/1.0.1/failureaccess-1.0.1.jar;C:/Users/Stefan/AppData/Roaming/PrismLauncher/libraries/com/google/guava/guava/31.1-jre/guava-31.1-jre.jar;C:/Users/Stefan/AppData/Roaming/PrismLauncher/libraries/com/ibm/icu/icu4j/71.1/icu4j-71.1.jar;C:/Users/Stefan/AppData/Roaming/PrismLauncher/libraries/com/mojang/authlib/4.0.43/authlib-4.0.43.jar;C:/Users/Stefan/AppData/Roaming/PrismLauncher/libraries/com/mojang/blocklist/1.0.10/blocklist-1.0.10.jar;C:/Users/Stefan/AppData/Roaming/PrismLauncher/libraries/com/mojang/brigadier/1.1.8/brigadier-1.1.8.jar;C:/Users/Stefan/AppData/Roaming/PrismLauncher/libraries/com/mojang/datafixerupper/6.0.8/datafixerupper-6.0.8.jar;C:/Users/Stefan/AppData/Roaming/PrismLauncher/libraries/com/mojang/logging/1.1.1/logging-1.1.1.jar;C:/Users/Stefan/AppData/Roaming/PrismLauncher/libraries/com/mojang/patchy/2.2.10/patchy-2.2.10.jar;C:/Users/Stefan/AppData/Roaming/PrismLauncher/libraries/com/mojang/text2speech/1.17.9/text2speech-1.17.9.jar;C:/Users/Stefan/AppData/Roaming/PrismLauncher/libraries/commons-codec/commons-codec/1.15/commons-codec-1.15.jar;C:/Users/Stefan/AppData/Roaming/PrismLauncher/libraries/commons-io/commons-io/2.11.0/commons-io-2.11.0.jar;C:/Users/Stefan/AppData/Roaming/PrismLauncher/libraries/commons-logging/commons-logging/1.2/commons-logging-1.2.jar;C:/Users/Stefan/AppData/Roaming/PrismLauncher/libraries/io/netty/netty-buffer/4.1.82.Final/netty-buffer-4.1.82.Final.jar;C:/Users/Stefan/AppData/Roaming/PrismLauncher/libraries/io/netty/netty-codec/4.1.82.Final/netty-codec-4.1.82.Final.jar;C:/Users/Stefan/AppData/Roaming/PrismLauncher/libraries/io/netty/netty-common/4.1.82.Final/netty-common-4.1.82.Final.jar;C:/Users/Stefan/AppData/Roaming/PrismLauncher/libraries/io/netty/netty-handler/4.1.82.Final/netty-handler-4.1.82.Final.jar;C:/Users/Stefan/AppData/Roaming/PrismLauncher/libraries/io/netty/netty-resolver/4.1.82.Final/netty-resolver-4.1.82.Final.jar;C:/Users/Stefan/AppData/Roaming/PrismLauncher/libraries/io/netty/netty-transport-classes-epoll/4.1.82.Final/netty-transport-classes-epoll-4.1.82.Final.jar;C:/Users/Stefan/AppData/Roaming/PrismLauncher/libraries/io/netty/netty-transport-native-unix-common/4.1.82.Final/netty-transport-native-unix-common-4.1.82.Final.jar;C:/Users/Stefan/AppData/Roaming/PrismLauncher/libraries/io/netty/netty-transport/4.1.82.Final/netty-transport-4.1.82.Final.jar;C:/Users/Stefan/AppData/Roaming/PrismLauncher/libraries/it/unimi/dsi/fastutil/8.5.9/fastutil-8.5.9.jar;C:/Users/Stefan/AppData/Roaming/PrismLauncher/libraries/net/java/dev/jna/jna-platform/5.12.1/jna-platform-5.12.1.jar;C:/Users/Stefan/AppData/Roaming/PrismLauncher/libraries/net/java/dev/jna/jna/5.12.1/jna-5.12.1.jar;C:/Users/Stefan/AppData/Roaming/PrismLauncher/libraries/net/sf/jopt-simple/jopt-simple/5.0.4/jopt-simple-5.0.4.jar;C:/Users/Stefan/AppData/Roaming/PrismLauncher/libraries/org/apache/commons/commons-compress/1.21/commons-compress-1.21.jar;C:/Users/Stefan/AppData/Roaming/PrismLauncher/libraries/org/apache/commons/commons-lang3/3.12.0/commons-lang3-3.12.0.jar;C:/Users/Stefan/AppData/Roaming/PrismLauncher/libraries/org/apache/httpcomponents/httpclient/4.5.13/httpclient-4.5.13.jar;C:/Users/Stefan/AppData/Roaming/PrismLauncher/libraries/org/apache/httpcomponents/httpcore/4.4.15/httpcore-4.4.15.jar;C:/Users/Stefan/AppData/Roaming/PrismLauncher/libraries/org/apache/logging/log4j/log4j-api/2.19.0/log4j-api-2.19.0.jar;C:/Users/Stefan/AppData/Roaming/PrismLauncher/libraries/org/apache/logging/log4j/log4j-core/2.19.0/log4j-core-2.19.0.jar;C:/Users/Stefan/AppData/Roaming/PrismLauncher/libraries/org/apache/logging/log4j/log4j-slf4j2-impl/2.19.0/log4j-slf4j2-impl-2.19.0.jar;C:/Users/Stefan/AppData/Roaming/PrismLauncher/libraries/org/joml/joml/1.10.5/joml-1.10.5.jar;C:/Users/Stefan/AppData/Roaming/PrismLauncher/libraries/org/slf4j/slf4j-api/2.0.1/slf4j-api-2.0.1.jar;C:/Users/Stefan/AppData/Roaming/PrismLauncher/libraries/io/github/zekerzhayard/ForgeWrapper/prism-2025-12-07/ForgeWrapper-prism-2025-12-07.jar;C:/Users/Stefan/AppData/Roaming/PrismLauncher/libraries/cpw/mods/securejarhandler/2.1.10/securejarhandler-2.1.10.jar;C:/Users/Stefan/AppData/Roaming/PrismLauncher/libraries/org/ow2/asm/asm/9.8/asm-9.8.jar;C:/Users/Stefan/AppData/Roaming/PrismLauncher/libraries/org/ow2/asm/asm-commons/9.8/asm-commons-9.8.jar;C:/Users/Stefan/AppData/Roaming/PrismLauncher/libraries/org/ow2/asm/asm-tree/9.8/asm-tree-9.8.jar;C:/Users/Stefan/AppData/Roaming/PrismLauncher/libraries/org/ow2/asm/asm-util/9.8/asm-util-9.8.jar;C:/Users/Stefan/AppData/Roaming/PrismLauncher/libraries/org/ow2/asm/asm-analysis/9.8/asm-analysis-9.8.jar;C:/Users/Stefan/AppData/Roaming/PrismLauncher/libraries/net/minecraftforge/accesstransformers/8.0.4/accesstransformers-8.0.4.jar;C:/Users/Stefan/AppData/Roaming/PrismLauncher/libraries/org/antlr/antlr4-runtime/4.9.1/antlr4-runtime-4.9.1.jar;C:/Users/Stefan/AppData/Roaming/PrismLauncher/libraries/net/minecraftforge/eventbus/6.0.5/eventbus-6.0.5.jar;C:/Users/Stefan/AppData/Roaming/PrismLauncher/libraries/net/minecraftforge/forgespi/7.0.1/forgespi-7.0.1.jar;C:/Users/Stefan/AppData/Roaming/PrismLauncher/libraries/net/minecraftforge/coremods/5.2.4/coremods-5.2.4.jar;C:/Users/Stefan/AppData/Roaming/PrismLauncher/libraries/cpw/mods/modlauncher/10.0.9/modlauncher-10.0.9.jar;C:/Users/Stefan/AppData/Roaming/PrismLauncher/libraries/net/minecraftforge/unsafe/0.2.0/unsafe-0.2.0.jar;C:/Users/Stefan/AppData/Roaming/PrismLauncher/libraries/net/minecraftforge/mergetool/1.1.5/mergetool-1.1.5-api.jar;C:/Users/Stefan/AppData/Roaming/PrismLauncher/libraries/com/electronwill/night-config/core/3.6.4/core-3.6.4.jar;C:/Users/Stefan/AppData/Roaming/PrismLauncher/libraries/com/electronwill/night-config/toml/3.6.4/toml-3.6.4.jar;C:/Users/Stefan/AppData/Roaming/PrismLauncher/libraries/org/apache/maven/maven-artifact/3.8.5/maven-artifact-3.8.5.jar;C:/Users/Stefan/AppData/Roaming/PrismLauncher/libraries/net/jodah/typetools/0.6.3/typetools-0.6.3.jar;C:/Users/Stefan/AppData/Roaming/PrismLauncher/libraries/net/minecrell/terminalconsoleappender/1.2.0/terminalconsoleappender-1.2.0.jar;C:/Users/Stefan/AppData/Roaming/PrismLauncher/libraries/org/jline/jline-reader/3.12.1/jline-reader-3.12.1.jar;C:/Users/Stefan/AppData/Roaming/PrismLauncher/libraries/org/jline/jline-terminal/3.12.1/jline-terminal-3.12.1.jar;C:/Users/Stefan/AppData/Roaming/PrismLauncher/libraries/org/spongepowered/mixin/0.8.5/mixin-0.8.5.jar;C:/Users/Stefan/AppData/Roaming/PrismLauncher/libraries/org/openjdk/nashorn/nashorn-core/15.4/nashorn-core-15.4.jar;C:/Users/Stefan/AppData/Roaming/PrismLauncher/libraries/net/minecraftforge/JarJarSelector/0.3.19/JarJarSelector-0.3.19.jar;C:/Users/Stefan/AppData/Roaming/PrismLauncher/libraries/net/minecraftforge/JarJarMetadata/0.3.19/JarJarMetadata-0.3.19.jar;C:/Users/Stefan/AppData/Roaming/PrismLauncher/libraries/cpw/mods/bootstraplauncher/1.1.2/bootstraplauncher-1.1.2.jar;C:/Users/Stefan/AppData/Roaming/PrismLauncher/libraries/net/minecraftforge/JarJarFileSystems/0.3.19/JarJarFileSystems-0.3.19.jar;C:/Users/Stefan/AppData/Roaming/PrismLauncher/libraries/net/minecraftforge/fmlloader/1.20.1-47.4.10/fmlloader-1.20.1-47.4.10.jar;C:/Users/Stefan/AppData/Roaming/PrismLauncher/libraries/net/minecraftforge/fmlearlydisplay/1.20.1-47.4.10/fmlearlydisplay-1.20.1-47.4.10.jar;C:/Users/Stefan/AppData/Roaming/PrismLauncher/libraries/com/mojang/minecraft/1.20.1/minecraft-1.20.1-client.jar
Launcher Type: SUN_STANDARD

[Global flags]
     bool AOTInvokeDynamicLinking                  = false                                  {diagnostic} {ergonomic}
     bool AOTRecordTraining                        = false                                  {diagnostic} {ergonomic}
     bool AOTReplayTraining                        = false                                  {diagnostic} {ergonomic}
      int AllocatePrefetchStyle                    = 3                                         {product} {command line}
     bool AlwaysPreTouch                           = true                                      {product} {command line}
     bool AlwaysTenure                             = false                                     {product} {command line}
     intx CICompilerCount                          = 12                                        {product} {ergonomic}
     uint ConcGCThreads                            = 3                                         {product} {ergonomic}
     bool DisableExplicitGC                        = true                                      {product} {command line}
     bool DontCompileHugeMethods                   = false                                     {product} {command line}
     uint G1ConcRefinementThreads                  = 13                                        {product} {ergonomic}
     uint G1EagerReclaimRemSetThreshold            = 128                                  {experimental} {ergonomic}
   size_t G1HeapRegionSize                         = 16777216                                  {product} {command line}
     uint G1HeapWastePercent                       = 20                                        {product} {command line}
    uintx G1MixedGCCountTarget                     = 3                                         {product} {command line}
     uint G1NewSizePercent                         = 23                                   {experimental} {command line}
     uint G1RSetUpdatingPauseTimePercent           = 0                                         {product} {command line}
     uint G1RemSetArrayOfCardsEntries              = 128                                  {experimental} {ergonomic}
     uint G1RemSetHowlMaxNumBuckets                = 8                                    {experimental} {ergonomic}
     uint G1RemSetHowlNumBuckets                   = 8                                    {experimental} {ergonomic}
     uint G1ReservePercent                         = 20                                        {product} {command line}
     uint G1SATBBufferEnqueueingThresholdPercent   = 30                                        {product} {command line}
     uint GCTimeRatio                              = 99                                        {product} {command line}
    ccstr HeapDumpPath                             = MojangTricksIntelDriversForPerformance_javaw.exe_minecraft.exe.heapdump         {manageable} {command line}
   size_t InitialHeapSize                          = 8589934592                                {product} {command line}
     uint InitialTenuringThreshold                 = 1                                         {product} {ergonomic}
     uint InitiatingHeapOccupancyPercent           = 10                                        {product} {command line}
   size_t LargePageSizeInBytes                     = 2097152                                   {product} {command line}
   size_t MarkStackSize                            = 4194304                                   {product} {ergonomic}
   size_t MarkStackSizeMax                         = 536870912                                 {product} {ergonomic}
    uintx MaxGCPauseMillis                         = 37                                        {product} {command line}
   size_t MaxHeapSize                              = 12884901888                               {product} {command line}
   size_t MaxNewSize                               = 7717519360                                {product} {ergonomic}
     intx MaxNodeLimit                             = 240000                                 {C2 product} {command line}
     uint MaxTenuringThreshold                     = 1                                         {product} {command line}
   size_t MinHeapDeltaBytes                        = 16777216                                  {product} {ergonomic}
   size_t MinHeapSize                              = 8589934592                                {product} {command line}
     bool NeverTenure                              = false                                     {product} {command line}
     intx NmethodSweepActivity                     = 1                                         {product} {command line}
     intx NodeLimitFudgeFactor                     = 8000                                   {C2 product} {command line}
    uintx NonNMethodCodeHeapSize                   = 12582912                               {pd product} {command line, ergonomic}
    uintx NonProfiledCodeHeapSize                  = 203423744                              {pd product} {command line, ergonomic}
     bool PerfDisableSharedMem                     = true                                      {product} {command line}
    uintx ProfiledCodeHeapSize                     = 203423744                              {pd product} {command line, ergonomic}
    uintx ReservedCodeCacheSize                    = 419430400                              {pd product} {command line, ergonomic}
     bool SegmentedCodeCache                       = true                                      {product} {ergonomic}
   size_t SoftMaxHeapSize                          = 12884901888                            {manageable} {ergonomic}
    uintx SurvivorRatio                            = 32                                        {product} {command line}
      int ThreadPriorityPolicy                     = 1                                         {product} {command line}
     bool UnlockDiagnosticVMOptions                = true                                   {diagnostic} {command line}
     bool UnlockExperimentalVMOptions              = true                                 {experimental} {command line}
     bool UseCompressedOops                        = true                           {product lp64_product} {ergonomic}
     bool UseCriticalJavaThreadPriority            = true                                 {experimental} {command line}
     bool UseFastUnorderedTimeStamps               = true                                 {experimental} {command line}
     bool UseG1GC                                  = true                                      {product} {command line}
     bool UseLargePages                            = false                                  {pd product} {command line}
     bool UseLargePagesIndividualAllocation        = false                                  {pd product} {ergonomic}
     bool UseNUMA                                  = false                                     {product} {command line}
     bool UseVectorCmov                            = true                                   {C2 product} {command line}
      int X86ICacheSync                            = 3                                 {ARCH diagnostic} {ergonomic}

Logging:
Log output configuration:
 #0: stdout all=warning uptime,level,tags foldmultilines=false
 #1: stderr all=off uptime,level,tags foldmultilines=false

Release file:
JAVA_VERSION="25.0.1"
MODULES="java.base java.compiler java.datatransfer java.xml java.prefs java.desktop java.instrument java.logging java.management java.security.sasl java.naming java.rmi java.management.rmi java.net.http java.scripting java.security.jgss java.transaction.xa java.sql java.sql.rowset java.xml.crypto java.se java.smartcardio jdk.accessibility jdk.internal.jvmstat jdk.attach jdk.charsets jdk.internal.opt jdk.zipfs jdk.compiler jdk.crypto.cryptoki jdk.crypto.ec jdk.crypto.mscapi jdk.dynalink jdk.internal.ed jdk.editpad jdk.internal.vm.ci jdk.graal.compiler jdk.graal.compiler.management jdk.hotspot.agent jdk.httpserver jdk.incubator.vector jdk.internal.le jdk.internal.md jdk.jartool jdk.javadoc jdk.jcmd jdk.management jdk.management.agent jdk.jconsole jdk.jdeps jdk.jdwp.agent jdk.jdi jdk.jfr jdk.jlink jdk.jpackage jdk.jshell jdk.jsobject jdk.jstatd jdk.localedata jdk.management.jfr jdk.naming.dns jdk.naming.rmi jdk.net jdk.nio.mapmode jdk.sctp jdk.security.auth jdk.security.jgss jdk.unsupported jdk.unsupported.desktop jdk.xml.dom"

Environment Variables:
PATH=C:\Program Files\Common Files\Oracle\Java\javapath;C:\Program Files\Python312\Scripts\;C:\Program Files\Python312\;C:\Program Files\Python313\Scripts\;C:\Program Files\Python313\;D:\ffmpeg\ffmpeg-6.0-full_build\bin;C:\Windows\system32;C:\Windows;C:\Windows\System32\Wbem;C:\Windows\System32\WindowsPowerShell\v1.0\;C:\Program Files (x86)\Windows Kits\10\Windows Performance Toolkit\;C:\Program Files\dotnet\;C:\Program Files\Java\jdk-26.0.1\bin;C:\Program Files\PuTTY\;C:\Program Files\Git\cmd;D:\Python;D:\Python\Scripts\;C:\Program Files\nodejs\;C:\Program File\nodejs;C:\Users\Stefan\.local\bin;C:\Users\Stefan\AppData\Local\Programs\Quarto\bin;C:\Users\Stefan\AppData\Local\Microsoft\WindowsApps;C:\Users\Stefan\AppData\Local\Microsoft\WindowsApps;C:\Users\Stefan\.dotnet\tools;D:\VS code\bin;C:\Users\Stefan\AppData\Local\GitHubDesktop\bin;C:\Users\Stefan\.dotnet\tools;C:\Program Files\Graphviz\bin;C:\Users\Stefan\.deno\bin;C:\Users\Stefan\AppData\Roaming\npm;C:\Program Files\nodejs
USERNAME=Stefan
OS=Windows_NT
PROCESSOR_IDENTIFIER=AMD64 Family 25 Model 97 Stepping 2, AuthenticAMD
TMP=C:\Users\Stefan\AppData\Local\Temp
TEMP=C:\Users\Stefan\AppData\Local\Temp




Compilation memory statistics disabled.

Periodic native trim disabled

---------------  S Y S T E M  ---------------

OS:
 Windows 10 , 64 bit Build 19041 (10.0.19041.5915)
OS uptime: 0 days 8:53 hours
Hyper-V role detected

CPU: total 16 (initial active 16) (16 cores per cpu, 2 threads per core) family 25 model 97 stepping 2 microcode 0x0, cx8, cmov, fxsr, ht, mmx, 3dnowpref, sse, sse2, sse3, ssse3, sse4a, sse4.1, sse4.2, popcnt, lzcnt, tsc, tscinvbit, avx, avx2, aes, erms, clmul, bmi1, bmi2, adx, avx512f, avx512dq, avx512cd, avx512bw, avx512vl, sha, fma, vzeroupper, avx512_vpopcntdq, avx512_vpclmulqdq, avx512_vaes, avx512_vnni, clflush, clflushopt, clwb, avx512_vbmi2, avx512_vbmi, hv, rdtscp, rdpid, fsrm, gfni, avx512_bitalg, f16c, cet_ss, avx512_ifma
Processor Information for the first 16 processors :
  Max Mhz: 3801, Current Mhz: 3801, Mhz Limit: 3801

Memory: 4k page, system-wide physical 31861M (7037M free)
TotalPageFile size 54437M (AvailPageFile size 7399M)
current process WorkingSet (physical memory assigned to process): 12709M, peak: 14772M
current process commit charge ("private bytes"): 24933M, peak: 25682M

vm_info: OpenJDK 64-Bit Server VM (25.0.1+8-LTS) for windows-amd64 JRE (25.0.1+8-LTS), built on 2025-10-13T22:41:56Z with unknown MS VC++:1944

END.
